frame	band	part	V	delta	size_delta
17	18	5	24	1	0
17	18	5	24	2	0
17	18	5	24	4	0
17	18	5	24	8	0
17	18	5	24	6	0
17	18	5	24	12	0
17	18	5	24	18	0
17	18	5	24	22	0
17	18	5	24	23	0
22	18	6	24	1	0
22	18	6	24	2	0
22	18	6	24	4	0
22	18	6	24	8	0
22	18	6	24	6	0
22	18	6	24	12	0
22	18	6	24	18	0
22	18	6	24	22	0
22	18	6	24	23	0
23	18	5	24	1	0
23	18	5	24	2	0
23	18	5	24	4	0
23	18	5	24	8	0
23	18	5	24	6	0
23	18	5	24	12	0
23	18	5	24	18	0
23	18	5	24	22	0
23	18	5	24	23	0
31	18	5	24	1	0
31	18	5	24	2	0
31	18	5	24	4	0
31	18	5	24	8	0
31	18	5	24	6	0
31	18	5	24	12	0
31	18	5	24	18	0
31	18	5	24	22	0
31	18	5	24	23	0
38	18	5	24	1	0
38	18	5	24	2	0
38	18	5	24	4	0
38	18	5	24	8	0
38	18	5	24	6	0
38	18	5	24	12	0
38	18	5	24	18	0
38	18	5	24	22	0
38	18	5	24	23	0
43	16	1	24	1	0
43	16	1	24	2	0
43	16	1	24	4	0
43	16	1	24	8	0
43	16	1	24	6	0
43	16	1	24	12	0
43	16	1	24	18	0
43	16	1	24	22	0
43	16	1	24	23	0
43	18	3	24	1	0
43	18	3	24	2	0
43	18	3	24	4	0
43	18	3	24	8	0
43	18	3	24	6	0
43	18	3	24	12	0
43	18	3	24	18	0
43	18	3	24	22	0
43	18	3	24	23	0
44	16	1	24	1	0
44	16	1	24	2	0
44	16	1	24	4	0
44	16	1	24	8	0
44	16	1	24	6	0
44	16	1	24	12	0
44	16	1	24	18	0
44	16	1	24	22	0
44	16	1	24	23	0
52	16	3	24	1	0
52	16	3	24	2	0
52	16	3	24	4	0
52	16	3	24	8	0
52	16	3	24	6	0
52	16	3	24	12	0
52	16	3	24	18	0
52	16	3	24	22	0
52	16	3	24	23	0
53	18	7	24	1	0
53	18	7	24	2	0
53	18	7	24	4	0
53	18	7	24	8	0
53	18	7	24	6	0
53	18	7	24	12	0
53	18	7	24	18	0
53	18	7	24	22	0
53	18	7	24	23	0
56	15	3	24	1	0
56	15	3	24	2	0
56	15	3	24	4	0
56	15	3	24	8	0
56	15	3	24	6	0
56	15	3	24	12	0
56	15	3	24	18	0
56	15	3	24	22	0
56	15	3	24	23	0
56	18	5	24	1	0
56	18	5	24	2	0
56	18	5	24	4	0
56	18	5	24	8	0
56	18	5	24	6	0
56	18	5	24	12	0
56	18	5	24	18	0
56	18	5	24	22	0
56	18	5	24	23	0
58	18	4	24	1	0
58	18	4	24	2	0
58	18	4	24	4	0
58	18	4	24	8	0
58	18	4	24	6	0
58	18	4	24	12	0
58	18	4	24	18	0
58	18	4	24	22	0
58	18	4	24	23	0
61	18	3	24	1	0
61	18	3	24	2	0
61	18	3	24	4	0
61	18	3	24	8	0
61	18	3	24	6	0
61	18	3	24	12	0
61	18	3	24	18	0
61	18	3	24	22	0
61	18	3	24	23	0
66	18	6	24	1	0
66	18	6	24	2	0
66	18	6	24	4	0
66	18	6	24	8	0
66	18	6	24	6	0
66	18	6	24	12	0
66	18	6	24	18	0
66	18	6	24	22	0
66	18	6	24	23	0
67	18	4	24	1	0
67	18	4	24	2	0
67	18	4	24	4	0
67	18	4	24	8	0
67	18	4	24	6	0
67	18	4	24	12	0
67	18	4	24	18	0
67	18	4	24	22	0
67	18	4	24	23	0
68	18	3	24	1	0
68	18	3	24	2	0
68	18	3	24	4	0
68	18	3	24	8	0
68	18	3	24	6	0
68	18	3	24	12	0
68	18	3	24	18	0
68	18	3	24	22	0
68	18	3	24	23	0
68	18	5	24	1	0
68	18	5	24	2	0
68	18	5	24	4	0
68	18	5	24	8	0
68	18	5	24	6	0
68	18	5	24	12	0
68	18	5	24	18	0
68	18	5	24	22	0
68	18	5	24	23	0
71	18	5	24	1	0
71	18	5	24	2	0
71	18	5	24	4	0
71	18	5	24	8	0
71	18	5	24	6	0
71	18	5	24	12	0
71	18	5	24	18	0
71	18	5	24	22	0
71	18	5	24	23	0
76	15	3	24	1	0
76	15	3	24	2	0
76	15	3	24	4	0
76	15	3	24	8	0
76	15	3	24	6	0
76	15	3	24	12	0
76	15	3	24	18	0
76	15	3	24	22	0
76	15	3	24	23	0
77	15	2	24	1	0
77	15	2	24	2	0
77	15	2	24	4	0
77	15	2	24	8	0
77	15	2	24	6	0
77	15	2	24	12	0
77	15	2	24	18	0
77	15	2	24	22	0
77	15	2	24	23	0
82	16	1	24	1	0
82	16	1	24	2	0
82	16	1	24	4	0
82	16	1	24	8	0
82	16	1	24	6	0
82	16	1	24	12	0
82	16	1	24	18	0
82	16	1	24	22	0
82	16	1	24	23	0
90	15	3	24	1	0
90	15	3	24	2	0
90	15	3	24	4	0
90	15	3	24	8	0
90	15	3	24	6	0
90	15	3	24	12	0
90	15	3	24	18	0
90	15	3	24	22	0
90	15	3	24	23	0
102	18	5	24	1	0
102	18	5	24	2	0
102	18	5	24	4	0
102	18	5	24	8	0
102	18	5	24	6	0
102	18	5	24	12	0
102	18	5	24	18	0
102	18	5	24	22	0
102	18	5	24	23	0
106	17	4	16	1	0
106	17	4	16	2	0
106	17	4	16	4	0
106	17	4	16	8	0
106	17	4	16	12	0
106	17	4	16	14	0
106	17	4	16	15	0
108	18	4	24	1	0
108	18	4	24	2	0
108	18	4	24	4	0
108	18	4	24	8	0
108	18	4	24	6	0
108	18	4	24	12	0
108	18	4	24	18	0
108	18	4	24	22	0
108	18	4	24	23	0
138	18	5	24	1	0
138	18	5	24	2	0
138	18	5	24	4	0
138	18	5	24	8	0
138	18	5	24	6	0
138	18	5	24	12	0
138	18	5	24	18	0
138	18	5	24	22	0
138	18	5	24	23	0
139	18	3	24	1	0
139	18	3	24	2	0
139	18	3	24	4	0
139	18	3	24	8	0
139	18	3	24	6	0
139	18	3	24	12	0
139	18	3	24	18	0
139	18	3	24	22	0
139	18	3	24	23	0
142	18	5	24	1	0
142	18	5	24	2	0
142	18	5	24	4	0
142	18	5	24	8	0
142	18	5	24	6	0
142	18	5	24	12	0
142	18	5	24	18	0
142	18	5	24	22	0
142	18	5	24	23	0
145	18	8	24	1	0
145	18	8	24	2	0
145	18	8	24	4	0
145	18	8	24	8	0
145	18	8	24	6	0
145	18	8	24	12	0
145	18	8	24	18	0
145	18	8	24	22	0
145	18	8	24	23	0
7	14	2	32	1	0
7	14	2	32	2	0
7	14	2	32	4	0
7	14	2	32	8	0
7	14	2	32	16	0
7	14	2	32	24	0
7	14	2	32	30	0
7	14	2	32	31	0
9	18	6	48	1	0
9	18	6	48	2	0
9	18	6	48	4	0
9	18	6	48	8	0
9	18	6	48	16	0
9	18	6	48	12	0
9	18	6	48	24	0
9	18	6	48	36	0
9	18	6	48	46	0
9	18	6	48	47	0
46	19	7	36	1	0
46	19	7	36	2	0
46	19	7	36	4	0
46	19	7	36	8	0
46	19	7	36	16	0
46	19	7	36	9	0
46	19	7	36	18	0
46	19	7	36	27	0
46	19	7	36	34	0
46	19	7	36	35	0
47	17	2	32	1	0
47	17	2	32	2	0
47	17	2	32	4	0
47	17	2	32	8	0
47	17	2	32	16	0
47	17	2	32	24	0
47	17	2	32	30	0
47	17	2	32	31	0
50	17	5	32	1	0
50	17	5	32	2	0
50	17	5	32	4	0
50	17	5	32	8	0
50	17	5	32	16	0
50	17	5	32	24	0
50	17	5	32	30	0
50	17	5	32	31	0
58	16	3	48	1	0
58	16	3	48	2	0
58	16	3	48	4	0
58	16	3	48	8	0
58	16	3	48	16	0
58	16	3	48	12	0
58	16	3	48	24	0
58	16	3	48	36	0
58	16	3	48	46	0
58	16	3	48	47	0
70	18	7	48	1	0
70	18	7	48	2	0
70	18	7	48	4	0
70	18	7	48	8	0
70	18	7	48	16	0
70	18	7	48	12	0
70	18	7	48	24	0
70	18	7	48	36	0
70	18	7	48	46	0
70	18	7	48	47	0
70	19	7	36	1	0
70	19	7	36	2	0
70	19	7	36	4	0
70	19	7	36	8	0
70	19	7	36	16	0
70	19	7	36	9	0
70	19	7	36	18	0
70	19	7	36	27	0
70	19	7	36	34	0
70	19	7	36	35	0
84	16	3	48	1	0
84	16	3	48	2	0
84	16	3	48	4	0
84	16	3	48	8	0
84	16	3	48	16	0
84	16	3	48	12	0
84	16	3	48	24	0
84	16	3	48	36	0
84	16	3	48	46	0
84	16	3	48	47	0
85	15	3	48	1	0
85	15	3	48	2	0
85	15	3	48	4	0
85	15	3	48	8	0
85	15	3	48	16	0
85	15	3	48	12	0
85	15	3	48	24	0
85	15	3	48	36	0
85	15	3	48	46	0
85	15	3	48	47	0
93	16	3	48	1	0
93	16	3	48	2	0
93	16	3	48	4	0
93	16	3	48	8	0
93	16	3	48	16	0
93	16	3	48	12	0
93	16	3	48	24	0
93	16	3	48	36	0
93	16	3	48	46	0
93	16	3	48	47	0
96	14	2	32	1	0
96	14	2	32	2	0
96	14	2	32	4	0
96	14	2	32	8	0
96	14	2	32	16	0
96	14	2	32	24	0
96	14	2	32	30	0
96	14	2	32	31	0
103	16	3	48	1	0
103	16	3	48	2	0
103	16	3	48	4	0
103	16	3	48	8	0
103	16	3	48	16	0
103	16	3	48	12	0
103	16	3	48	24	0
103	16	3	48	36	0
103	16	3	48	46	0
103	16	3	48	47	0
104	14	2	32	1	0
104	14	2	32	2	0
104	14	2	32	4	0
104	14	2	32	8	0
104	14	2	32	16	0
104	14	2	32	24	0
104	14	2	32	30	0
104	14	2	32	31	0
105	16	3	48	1	0
105	16	3	48	2	0
105	16	3	48	4	0
105	16	3	48	8	0
105	16	3	48	16	0
105	16	3	48	12	0
105	16	3	48	24	0
105	16	3	48	36	0
105	16	3	48	46	0
105	16	3	48	47	0
109	14	2	32	1	0
109	14	2	32	2	0
109	14	2	32	4	0
109	14	2	32	8	0
109	14	2	32	16	0
109	14	2	32	24	0
109	14	2	32	30	0
109	14	2	32	31	0
116	16	2	48	1	0
116	16	2	48	2	0
116	16	2	48	4	0
116	16	2	48	8	0
116	16	2	48	16	0
116	16	2	48	12	0
116	16	2	48	24	0
116	16	2	48	36	0
116	16	2	48	46	0
116	16	2	48	47	0
119	16	3	48	1	0
119	16	3	48	2	0
119	16	3	48	4	0
119	16	3	48	8	0
119	16	3	48	16	0
119	16	3	48	12	0
119	16	3	48	24	0
119	16	3	48	36	0
119	16	3	48	46	0
119	16	3	48	47	0
120	16	3	48	1	0
120	16	3	48	2	0
120	16	3	48	4	0
120	16	3	48	8	0
120	16	3	48	16	0
120	16	3	48	12	0
120	16	3	48	24	0
120	16	3	48	36	0
120	16	3	48	46	0
120	16	3	48	47	0
126	17	1	32	1	0
126	17	1	32	2	0
126	17	1	32	4	0
126	17	1	32	8	0
126	17	1	32	16	0
126	17	1	32	24	0
126	17	1	32	30	0
126	17	1	32	31	0
128	17	4	32	1	0
128	17	4	32	2	0
128	17	4	32	4	0
128	17	4	32	8	0
128	17	4	32	16	0
128	17	4	32	24	0
128	17	4	32	30	0
128	17	4	32	31	0
133	17	4	32	1	0
133	17	4	32	2	0
133	17	4	32	4	0
133	17	4	32	8	0
133	17	4	32	16	0
133	17	4	32	24	0
133	17	4	32	30	0
133	17	4	32	31	0
140	19	7	36	1	0
140	19	7	36	2	0
140	19	7	36	4	0
140	19	7	36	8	0
140	19	7	36	16	0
140	19	7	36	9	0
140	19	7	36	18	0
140	19	7	36	27	0
140	19	7	36	34	0
140	19	7	36	35	0
150	16	3	48	1	0
150	16	3	48	2	0
150	16	3	48	4	0
150	16	3	48	8	0
150	16	3	48	16	0
150	16	3	48	12	0
150	16	3	48	24	0
150	16	3	48	36	0
150	16	3	48	46	0
150	16	3	48	47	0
150	17	4	32	1	0
150	17	4	32	2	0
150	17	4	32	4	0
150	17	4	32	8	0
150	17	4	32	16	0
150	17	4	32	24	0
150	17	4	32	30	0
150	17	4	32	31	0
154	15	3	48	1	0
154	15	3	48	2	0
154	15	3	48	4	0
154	15	3	48	8	0
154	15	3	48	16	0
154	15	3	48	12	0
154	15	3	48	24	0
154	15	3	48	36	0
154	15	3	48	46	0
154	15	3	48	47	0
156	14	2	32	1	0
156	14	2	32	2	0
156	14	2	32	4	0
156	14	2	32	8	0
156	14	2	32	16	0
156	14	2	32	24	0
156	14	2	32	30	0
156	14	2	32	31	0
160	16	3	48	1	0
160	16	3	48	2	0
160	16	3	48	4	0
160	16	3	48	8	0
160	16	3	48	16	0
160	16	3	48	12	0
160	16	3	48	24	0
160	16	3	48	36	0
160	16	3	48	46	0
160	16	3	48	47	0
163	17	3	32	1	0
163	17	3	32	2	0
163	17	3	32	4	0
163	17	3	32	8	0
163	17	3	32	16	0
163	17	3	32	24	0
163	17	3	32	30	0
163	17	3	32	31	0
175	15	3	48	1	0
175	15	3	48	2	0
175	15	3	48	4	0
175	15	3	48	8	0
175	15	3	48	16	0
175	15	3	48	12	0
175	15	3	48	24	0
175	15	3	48	36	0
175	15	3	48	46	0
175	15	3	48	47	0
55	18	5	72	1	0
55	18	5	72	2	0
55	18	5	72	4	0
55	18	5	72	8	0
55	18	5	72	16	0
55	18	5	72	32	0
55	18	5	72	18	0
55	18	5	72	36	0
55	18	5	72	54	0
55	18	5	72	70	0
55	18	5	72	71	0
64	18	5	72	1	0
64	18	5	72	2	0
64	18	5	72	4	0
64	18	5	72	8	0
64	18	5	72	16	0
64	18	5	72	32	0
64	18	5	72	18	0
64	18	5	72	36	0
64	18	5	72	54	0
64	18	5	72	70	0
64	18	5	72	71	0
65	18	7	96	1	0
65	18	7	96	2	0
65	18	7	96	4	0
65	18	7	96	8	0
65	18	7	96	16	0
65	18	7	96	32	0
65	18	7	96	24	0
65	18	7	96	48	0
65	18	7	96	72	0
65	18	7	96	94	0
65	18	7	96	95	0
88	19	3	72	1	0
88	19	3	72	2	0
88	19	3	72	4	0
88	19	3	72	8	0
88	19	3	72	16	0
88	19	3	72	32	0
88	19	3	72	18	0
88	19	3	72	36	0
88	19	3	72	54	0
88	19	3	72	70	0
88	19	3	72	71	0
92	18	5	72	1	0
92	18	5	72	2	0
92	18	5	72	4	0
92	18	5	72	8	0
92	18	5	72	16	0
92	18	5	72	32	0
92	18	5	72	18	0
92	18	5	72	36	0
92	18	5	72	54	0
92	18	5	72	70	0
92	18	5	72	71	0
93	16	1	72	1	0
93	16	1	72	2	0
93	16	1	72	4	0
93	16	1	72	8	0
93	16	1	72	16	0
93	16	1	72	32	0
93	16	1	72	18	0
93	16	1	72	36	0
93	16	1	72	54	0
93	16	1	72	70	0
93	16	1	72	71	0
93	18	7	96	1	0
93	18	7	96	2	0
93	18	7	96	4	0
93	18	7	96	8	0
93	18	7	96	16	0
93	18	7	96	32	0
93	18	7	96	24	0
93	18	7	96	48	0
93	18	7	96	72	0
93	18	7	96	94	0
93	18	7	96	95	0
97	14	1	88	1	0
97	14	1	88	2	0
97	14	1	88	4	0
97	14	1	88	8	0
97	14	1	88	16	0
97	14	1	88	32	0
97	14	1	88	22	0
97	14	1	88	44	0
97	14	1	88	66	0
97	14	1	88	86	0
97	14	1	88	87	0
103	18	3	72	1	0
103	18	3	72	2	0
103	18	3	72	4	0
103	18	3	72	8	0
103	18	3	72	16	0
103	18	3	72	32	0
103	18	3	72	18	0
103	18	3	72	36	0
103	18	3	72	54	0
103	18	3	72	70	0
103	18	3	72	71	0
116	18	5	72	1	0
116	18	5	72	2	0
116	18	5	72	4	0
116	18	5	72	8	0
116	18	5	72	16	0
116	18	5	72	32	0
116	18	5	72	18	0
116	18	5	72	36	0
116	18	5	72	54	0
116	18	5	72	70	0
116	18	5	72	71	0
117	18	6	96	1	0
117	18	6	96	2	0
117	18	6	96	4	0
117	18	6	96	8	0
117	18	6	96	16	0
117	18	6	96	32	0
117	18	6	96	24	0
117	18	6	96	48	0
117	18	6	96	72	0
117	18	6	96	94	0
117	18	6	96	95	0
122	18	8	96	1	0
122	18	8	96	2	0
122	18	8	96	4	0
122	18	8	96	8	0
122	18	8	96	16	0
122	18	8	96	32	0
122	18	8	96	24	0
122	18	8	96	48	0
122	18	8	96	72	0
122	18	8	96	94	0
122	18	8	96	95	0
123	18	3	72	1	0
123	18	3	72	2	0
123	18	3	72	4	0
123	18	3	72	8	0
123	18	3	72	16	0
123	18	3	72	32	0
123	18	3	72	18	0
123	18	3	72	36	0
123	18	3	72	54	0
123	18	3	72	70	0
123	18	3	72	71	0
135	18	4	72	1	0
135	18	4	72	2	0
135	18	4	72	4	0
135	18	4	72	8	0
135	18	4	72	16	0
135	18	4	72	32	0
135	18	4	72	18	0
135	18	4	72	36	0
135	18	4	72	54	0
135	18	4	72	70	0
135	18	4	72	71	0
136	18	7	96	1	0
136	18	7	96	2	0
136	18	7	96	4	0
136	18	7	96	8	0
136	18	7	96	16	0
136	18	7	96	32	0
136	18	7	96	24	0
136	18	7	96	48	0
136	18	7	96	72	0
136	18	7	96	94	0
136	18	7	96	95	0
137	18	7	96	1	0
137	18	7	96	2	0
137	18	7	96	4	0
137	18	7	96	8	0
137	18	7	96	16	0
137	18	7	96	32	0
137	18	7	96	24	0
137	18	7	96	48	0
137	18	7	96	72	0
137	18	7	96	94	0
137	18	7	96	95	0
145	15	1	66	1	0
145	15	1	66	2	0
145	15	1	66	4	0
145	15	1	66	8	0
145	15	1	66	16	0
145	15	1	66	32	0
145	15	1	66	33	0
145	15	1	66	49	0
145	15	1	66	64	0
145	15	1	66	65	0
148	19	4	72	1	0
148	19	4	72	2	0
148	19	4	72	4	0
148	19	4	72	8	0
148	19	4	72	16	0
148	19	4	72	32	0
148	19	4	72	18	0
148	19	4	72	36	0
148	19	4	72	54	0
148	19	4	72	70	0
148	19	4	72	71	0
167	15	1	72	1	0
167	15	1	72	2	0
167	15	1	72	4	0
167	15	1	72	8	0
167	15	1	72	16	0
167	15	1	72	32	0
167	15	1	72	18	0
167	15	1	72	36	0
167	15	1	72	54	0
167	15	1	72	70	0
167	15	1	72	71	0
174	18	5	96	1	0
174	18	5	96	2	0
174	18	5	96	4	0
174	18	5	96	8	0
174	18	5	96	16	0
174	18	5	96	32	0
174	18	5	96	24	0
174	18	5	96	48	0
174	18	5	96	72	0
174	18	5	96	94	0
174	18	5	96	95	0
178	19	2	72	1	0
178	19	2	72	2	0
178	19	2	72	4	0
178	19	2	72	8	0
178	19	2	72	16	0
178	19	2	72	32	0
178	19	2	72	18	0
178	19	2	72	36	0
178	19	2	72	54	0
178	19	2	72	70	0
178	19	2	72	71	0
189	18	7	96	1	0
189	18	7	96	2	0
189	18	7	96	4	0
189	18	7	96	8	0
189	18	7	96	16	0
189	18	7	96	32	0
189	18	7	96	24	0
189	18	7	96	48	0
189	18	7	96	72	0
189	18	7	96	94	0
189	18	7	96	95	0
191	18	3	72	1	0
191	18	3	72	2	0
191	18	3	72	4	0
191	18	3	72	8	0
191	18	3	72	16	0
191	18	3	72	32	0
191	18	3	72	18	0
191	18	3	72	36	0
191	18	3	72	54	0
191	18	3	72	70	0
191	18	3	72	71	0
223	18	1	72	1	0
223	18	1	72	2	0
223	18	1	72	4	0
223	18	1	72	8	0
223	18	1	72	16	0
223	18	1	72	32	0
223	18	1	72	18	0
223	18	1	72	36	0
223	18	1	72	54	0
223	18	1	72	70	0
223	18	1	72	71	0
236	18	3	72	1	0
236	18	3	72	2	0
236	18	3	72	4	0
236	18	3	72	8	0
236	18	3	72	16	0
236	18	3	72	32	0
236	18	3	72	18	0
236	18	3	72	36	0
236	18	3	72	54	0
236	18	3	72	70	0
236	18	3	72	71	0
260	18	7	72	1	0
260	18	7	72	2	0
260	18	7	72	4	0
260	18	7	72	8	0
260	18	7	72	16	0
260	18	7	72	32	0
260	18	7	72	18	0
260	18	7	72	36	0
260	18	7	72	54	0
260	18	7	72	70	0
260	18	7	72	71	0
262	18	1	72	1	0
262	18	1	72	2	0
262	18	1	72	4	0
262	18	1	72	8	0
262	18	1	72	16	0
262	18	1	72	32	0
262	18	1	72	18	0
262	18	1	72	36	0
262	18	1	72	54	0
262	18	1	72	70	0
262	18	1	72	71	0
262	19	1	72	1	0
262	19	1	72	2	0
262	19	1	72	4	0
262	19	1	72	8	0
262	19	1	72	16	0
262	19	1	72	32	0
262	19	1	72	18	0
262	19	1	72	36	0
262	19	1	72	54	0
262	19	1	72	70	0
262	19	1	72	71	0
275	18	3	72	1	0
275	18	3	72	2	0
275	18	3	72	4	0
275	18	3	72	8	0
275	18	3	72	16	0
275	18	3	72	32	0
275	18	3	72	18	0
275	18	3	72	36	0
275	18	3	72	54	0
275	18	3	72	70	0
275	18	3	72	71	0
277	18	3	72	1	0
277	18	3	72	2	0
277	18	3	72	4	0
277	18	3	72	8	0
277	18	3	72	16	0
277	18	3	72	32	0
277	18	3	72	18	0
277	18	3	72	36	0
277	18	3	72	54	0
277	18	3	72	70	0
277	18	3	72	71	0
4	13	1	128	1	0
4	13	1	128	2	0
4	13	1	128	4	0
4	13	1	128	8	0
4	13	1	128	16	0
4	13	1	128	32	0
4	13	1	128	64	0
4	13	1	128	96	0
4	13	1	128	126	0
4	13	1	128	127	0
5	17	5	128	1	0
5	17	5	128	2	0
5	17	5	128	4	0
5	17	5	128	8	0
5	17	5	128	16	0
5	17	5	128	32	0
5	17	5	128	64	0
5	17	5	128	96	0
5	17	5	128	126	0
5	17	5	128	127	0
8	8	1	128	1	0
8	8	1	128	2	0
8	8	1	128	4	0
8	8	1	128	8	0
8	8	1	128	16	0
8	8	1	128	32	0
8	8	1	128	64	0
8	8	1	128	96	0
8	8	1	128	126	0
8	8	1	128	127	0
51	8	1	128	1	0
51	8	1	128	2	0
51	8	1	128	4	0
51	8	1	128	8	0
51	8	1	128	16	0
51	8	1	128	32	0
51	8	1	128	64	0
51	8	1	128	96	0
51	8	1	128	126	0
51	8	1	128	127	0
52	8	1	128	1	0
52	8	1	128	2	0
52	8	1	128	4	0
52	8	1	128	8	0
52	8	1	128	16	0
52	8	1	128	32	0
52	8	1	128	64	0
52	8	1	128	96	0
52	8	1	128	126	0
52	8	1	128	127	0
53	11	1	128	1	0
53	11	1	128	2	0
53	11	1	128	4	0
53	11	1	128	8	0
53	11	1	128	16	0
53	11	1	128	32	0
53	11	1	128	64	0
53	11	1	128	96	0
53	11	1	128	126	0
53	11	1	128	127	0
53	14	1	128	1	0
53	14	1	128	2	0
53	14	1	128	4	0
53	14	1	128	8	0
53	14	1	128	16	0
53	14	1	128	32	0
53	14	1	128	64	0
53	14	1	128	96	0
53	14	1	128	126	0
53	14	1	128	127	0
54	8	1	128	1	0
54	8	1	128	2	0
54	8	1	128	4	0
54	8	1	128	8	0
54	8	1	128	16	0
54	8	1	128	32	0
54	8	1	128	64	0
54	8	1	128	96	0
54	8	1	128	126	0
54	8	1	128	127	0
54	11	1	128	1	0
54	11	1	128	2	0
54	11	1	128	4	0
54	11	1	128	8	0
54	11	1	128	16	0
54	11	1	128	32	0
54	11	1	128	64	0
54	11	1	128	96	0
54	11	1	128	126	0
54	11	1	128	127	0
56	8	1	128	1	0
56	8	1	128	2	0
56	8	1	128	4	0
56	8	1	128	8	0
56	8	1	128	16	0
56	8	1	128	32	0
56	8	1	128	64	0
56	8	1	128	96	0
56	8	1	128	126	0
56	8	1	128	127	0
56	11	1	128	1	0
56	11	1	128	2	0
56	11	1	128	4	0
56	11	1	128	8	0
56	11	1	128	16	0
56	11	1	128	32	0
56	11	1	128	64	0
56	11	1	128	96	0
56	11	1	128	126	0
56	11	1	128	127	0
58	8	1	128	1	0
58	8	1	128	2	0
58	8	1	128	4	0
58	8	1	128	8	0
58	8	1	128	16	0
58	8	1	128	32	0
58	8	1	128	64	0
58	8	1	128	96	0
58	8	1	128	126	0
58	8	1	128	127	0
59	8	1	128	1	0
59	8	1	128	2	0
59	8	1	128	4	0
59	8	1	128	8	0
59	8	1	128	16	0
59	8	1	128	32	0
59	8	1	128	64	0
59	8	1	128	96	0
59	8	1	128	126	0
59	8	1	128	127	0
77	10	1	128	1	0
77	10	1	128	2	0
77	10	1	128	4	0
77	10	1	128	8	0
77	10	1	128	16	0
77	10	1	128	32	0
77	10	1	128	64	0
77	10	1	128	96	0
77	10	1	128	126	0
77	10	1	128	127	0
78	10	1	128	1	0
78	10	1	128	2	0
78	10	1	128	4	0
78	10	1	128	8	0
78	10	1	128	16	0
78	10	1	128	32	0
78	10	1	128	64	0
78	10	1	128	96	0
78	10	1	128	126	0
78	10	1	128	127	0
78	14	1	128	1	0
78	14	1	128	2	0
78	14	1	128	4	0
78	14	1	128	8	0
78	14	1	128	16	0
78	14	1	128	32	0
78	14	1	128	64	0
78	14	1	128	96	0
78	14	1	128	126	0
78	14	1	128	127	0
79	17	5	128	1	0
79	17	5	128	2	0
79	17	5	128	4	0
79	17	5	128	8	0
79	17	5	128	16	0
79	17	5	128	32	0
79	17	5	128	64	0
79	17	5	128	96	0
79	17	5	128	126	0
79	17	5	128	127	0
83	12	1	128	1	0
83	12	1	128	2	0
83	12	1	128	4	0
83	12	1	128	8	0
83	12	1	128	16	0
83	12	1	128	32	0
83	12	1	128	64	0
83	12	1	128	96	0
83	12	1	128	126	0
83	12	1	128	127	0
84	9	1	128	1	0
84	9	1	128	2	0
84	9	1	128	4	0
84	9	1	128	8	0
84	9	1	128	16	0
84	9	1	128	32	0
84	9	1	128	64	0
84	9	1	128	96	0
84	9	1	128	126	0
84	9	1	128	127	0
89	14	1	128	1	0
89	14	1	128	2	0
89	14	1	128	4	0
89	14	1	128	8	0
89	14	1	128	16	0
89	14	1	128	32	0
89	14	1	128	64	0
89	14	1	128	96	0
89	14	1	128	126	0
89	14	1	128	127	0
89	17	1	128	1	0
89	17	1	128	2	0
89	17	1	128	4	0
89	17	1	128	8	0
89	17	1	128	16	0
89	17	1	128	32	0
89	17	1	128	64	0
89	17	1	128	96	0
89	17	1	128	126	0
89	17	1	128	127	0
91	11	1	128	1	0
91	11	1	128	2	0
91	11	1	128	4	0
91	11	1	128	8	0
91	11	1	128	16	0
91	11	1	128	32	0
91	11	1	128	64	0
91	11	1	128	96	0
91	11	1	128	126	0
91	11	1	128	127	0
102	10	1	128	1	0
102	10	1	128	2	0
102	10	1	128	4	0
102	10	1	128	8	0
102	10	1	128	16	0
102	10	1	128	32	0
102	10	1	128	64	0
102	10	1	128	96	0
102	10	1	128	126	0
102	10	1	128	127	0
103	12	1	128	1	0
103	12	1	128	2	0
103	12	1	128	4	0
103	12	1	128	8	0
103	12	1	128	16	0
103	12	1	128	32	0
103	12	1	128	64	0
103	12	1	128	96	0
103	12	1	128	126	0
103	12	1	128	127	0
104	12	1	128	1	0
104	12	1	128	2	0
104	12	1	128	4	0
104	12	1	128	8	0
104	12	1	128	16	0
104	12	1	128	32	0
104	12	1	128	64	0
104	12	1	128	96	0
104	12	1	128	126	0
104	12	1	128	127	0
104	13	1	128	1	0
104	13	1	128	2	0
104	13	1	128	4	0
104	13	1	128	8	0
104	13	1	128	16	0
104	13	1	128	32	0
104	13	1	128	64	0
104	13	1	128	96	0
104	13	1	128	126	0
104	13	1	128	127	0
118	12	1	128	1	0
118	12	1	128	2	0
118	12	1	128	4	0
118	12	1	128	8	0
118	12	1	128	16	0
118	12	1	128	32	0
118	12	1	128	64	0
118	12	1	128	96	0
118	12	1	128	126	0
118	12	1	128	127	0
119	12	1	128	1	0
119	12	1	128	2	0
119	12	1	128	4	0
119	12	1	128	8	0
119	12	1	128	16	0
119	12	1	128	32	0
119	12	1	128	64	0
119	12	1	128	96	0
119	12	1	128	126	0
119	12	1	128	127	0
120	12	1	128	1	0
120	12	1	128	2	0
120	12	1	128	4	0
120	12	1	128	8	0
120	12	1	128	16	0
120	12	1	128	32	0
120	12	1	128	64	0
120	12	1	128	96	0
120	12	1	128	126	0
120	12	1	128	127	0
122	14	1	128	1	0
122	14	1	128	2	0
122	14	1	128	4	0
122	14	1	128	8	0
122	14	1	128	16	0
122	14	1	128	32	0
122	14	1	128	64	0
122	14	1	128	96	0
122	14	1	128	126	0
122	14	1	128	127	0
5	18	9	288	1	0
5	18	9	288	2	0
5	18	9	288	4	0
5	18	9	288	8	0
5	18	9	288	16	0
5	18	9	288	32	0
5	18	9	288	64	0
5	18	9	288	128	0
5	18	9	288	72	0
5	18	9	288	144	0
5	18	9	288	216	0
5	18	9	288	286	0
5	18	9	288	287	0
6	15	5	288	1	0
6	15	5	288	2	0
6	15	5	288	4	0
6	15	5	288	8	0
6	15	5	288	16	0
6	15	5	288	32	0
6	15	5	288	64	0
6	15	5	288	128	0
6	15	5	288	72	0
6	15	5	288	144	0
6	15	5	288	216	0
6	15	5	288	286	0
6	15	5	288	287	0
7	15	2	288	1	0
7	15	2	288	2	0
7	15	2	288	4	0
7	15	2	288	8	0
7	15	2	288	16	0
7	15	2	288	32	0
7	15	2	288	64	0
7	15	2	288	128	0
7	15	2	288	72	0
7	15	2	288	144	0
7	15	2	288	216	0
7	15	2	288	286	0
7	15	2	288	287	0
18	18	6	288	1	0
18	18	6	288	2	0
18	18	6	288	4	0
18	18	6	288	8	0
18	18	6	288	16	0
18	18	6	288	32	0
18	18	6	288	64	0
18	18	6	288	128	0
18	18	6	288	72	0
18	18	6	288	144	0
18	18	6	288	216	0
18	18	6	288	286	0
18	18	6	288	287	0
19	18	6	288	1	0
19	18	6	288	2	0
19	18	6	288	4	0
19	18	6	288	8	0
19	18	6	288	16	0
19	18	6	288	32	0
19	18	6	288	64	0
19	18	6	288	128	0
19	18	6	288	72	0
19	18	6	288	144	0
19	18	6	288	216	0
19	18	6	288	286	0
19	18	6	288	287	0
26	18	5	292	1	0
26	18	5	292	2	0
26	18	5	292	4	0
26	18	5	292	8	0
26	18	5	292	16	0
26	18	5	292	32	0
26	18	5	292	64	0
26	18	5	292	128	0
26	18	5	292	73	0
26	18	5	292	146	0
26	18	5	292	219	0
26	18	5	292	290	0
26	18	5	292	291	0
26	18	6	288	1	0
26	18	6	288	2	0
26	18	6	288	4	0
26	18	6	288	8	0
26	18	6	288	16	0
26	18	6	288	32	0
26	18	6	288	64	0
26	18	6	288	128	0
26	18	6	288	72	0
26	18	6	288	144	0
26	18	6	288	216	0
26	18	6	288	286	0
26	18	6	288	287	0
29	18	6	288	1	0
29	18	6	288	2	0
29	18	6	288	4	0
29	18	6	288	8	0
29	18	6	288	16	0
29	18	6	288	32	0
29	18	6	288	64	0
29	18	6	288	128	0
29	18	6	288	72	0
29	18	6	288	144	0
29	18	6	288	216	0
29	18	6	288	286	0
29	18	6	288	287	0
40	18	6	288	1	0
40	18	6	288	2	0
40	18	6	288	4	0
40	18	6	288	8	0
40	18	6	288	16	0
40	18	6	288	32	0
40	18	6	288	64	0
40	18	6	288	128	0
40	18	6	288	72	0
40	18	6	288	144	0
40	18	6	288	216	0
40	18	6	288	286	0
40	18	6	288	287	0
42	16	4	288	1	0
42	16	4	288	2	0
42	16	4	288	4	0
42	16	4	288	8	0
42	16	4	288	16	0
42	16	4	288	32	0
42	16	4	288	64	0
42	16	4	288	128	0
42	16	4	288	72	0
42	16	4	288	144	0
42	16	4	288	216	0
42	16	4	288	286	0
42	16	4	288	287	0
47	18	7	288	1	0
47	18	7	288	2	0
47	18	7	288	4	0
47	18	7	288	8	0
47	18	7	288	16	0
47	18	7	288	32	0
47	18	7	288	64	0
47	18	7	288	128	0
47	18	7	288	72	0
47	18	7	288	144	0
47	18	7	288	216	0
47	18	7	288	286	0
47	18	7	288	287	0
49	18	2	288	1	0
49	18	2	288	2	0
49	18	2	288	4	0
49	18	2	288	8	0
49	18	2	288	16	0
49	18	2	288	32	0
49	18	2	288	64	0
49	18	2	288	128	0
49	18	2	288	72	0
49	18	2	288	144	0
49	18	2	288	216	0
49	18	2	288	286	0
49	18	2	288	287	0
49	18	5	288	1	0
49	18	5	288	2	0
49	18	5	288	4	0
49	18	5	288	8	0
49	18	5	288	16	0
49	18	5	288	32	0
49	18	5	288	64	0
49	18	5	288	128	0
49	18	5	288	72	0
49	18	5	288	144	0
49	18	5	288	216	0
49	18	5	288	286	0
49	18	5	288	287	0
54	18	6	288	1	0
54	18	6	288	2	0
54	18	6	288	4	0
54	18	6	288	8	0
54	18	6	288	16	0
54	18	6	288	32	0
54	18	6	288	64	0
54	18	6	288	128	0
54	18	6	288	72	0
54	18	6	288	144	0
54	18	6	288	216	0
54	18	6	288	286	0
54	18	6	288	287	0
56	18	3	288	1	0
56	18	3	288	2	0
56	18	3	288	4	0
56	18	3	288	8	0
56	18	3	288	16	0
56	18	3	288	32	0
56	18	3	288	64	0
56	18	3	288	128	0
56	18	3	288	72	0
56	18	3	288	144	0
56	18	3	288	216	0
56	18	3	288	286	0
56	18	3	288	287	0
57	18	6	288	1	0
57	18	6	288	2	0
57	18	6	288	4	0
57	18	6	288	8	0
57	18	6	288	16	0
57	18	6	288	32	0
57	18	6	288	64	0
57	18	6	288	128	0
57	18	6	288	72	0
57	18	6	288	144	0
57	18	6	288	216	0
57	18	6	288	286	0
57	18	6	288	287	0
61	18	6	288	1	0
61	18	6	288	2	0
61	18	6	288	4	0
61	18	6	288	8	0
61	18	6	288	16	0
61	18	6	288	32	0
61	18	6	288	64	0
61	18	6	288	128	0
61	18	6	288	72	0
61	18	6	288	144	0
61	18	6	288	216	0
61	18	6	288	286	0
61	18	6	288	287	0
67	18	7	288	1	0
67	18	7	288	2	0
67	18	7	288	4	0
67	18	7	288	8	0
67	18	7	288	16	0
67	18	7	288	32	0
67	18	7	288	64	0
67	18	7	288	128	0
67	18	7	288	72	0
67	18	7	288	144	0
67	18	7	288	216	0
67	18	7	288	286	0
67	18	7	288	287	0
79	15	1	288	1	0
79	15	1	288	2	0
79	15	1	288	4	0
79	15	1	288	8	0
79	15	1	288	16	0
79	15	1	288	32	0
79	15	1	288	64	0
79	15	1	288	128	0
79	15	1	288	72	0
79	15	1	288	144	0
79	15	1	288	216	0
79	15	1	288	286	0
79	15	1	288	287	0
79	15	3	288	1	0
79	15	3	288	2	0
79	15	3	288	4	0
79	15	3	288	8	0
79	15	3	288	16	0
79	15	3	288	32	0
79	15	3	288	64	0
79	15	3	288	128	0
79	15	3	288	72	0
79	15	3	288	144	0
79	15	3	288	216	0
79	15	3	288	286	0
79	15	3	288	287	0
79	16	1	288	1	0
79	16	1	288	2	0
79	16	1	288	4	0
79	16	1	288	8	0
79	16	1	288	16	0
79	16	1	288	32	0
79	16	1	288	64	0
79	16	1	288	128	0
79	16	1	288	72	0
79	16	1	288	144	0
79	16	1	288	216	0
79	16	1	288	286	0
79	16	1	288	287	0
79	16	3	288	1	0
79	16	3	288	2	0
79	16	3	288	4	0
79	16	3	288	8	0
79	16	3	288	16	0
79	16	3	288	32	0
79	16	3	288	64	0
79	16	3	288	128	0
79	16	3	288	72	0
79	16	3	288	144	0
79	16	3	288	216	0
79	16	3	288	286	0
79	16	3	288	287	0
85	15	1	292	1	0
85	15	1	292	2	0
85	15	1	292	4	0
85	15	1	292	8	0
85	15	1	292	16	0
85	15	1	292	32	0
85	15	1	292	64	0
85	15	1	292	128	0
85	15	1	292	73	0
85	15	1	292	146	0
85	15	1	292	219	0
85	15	1	292	290	0
85	15	1	292	291	0
88	15	2	288	1	0
88	15	2	288	2	0
88	15	2	288	4	0
88	15	2	288	8	0
88	15	2	288	16	0
88	15	2	288	32	0
88	15	2	288	64	0
88	15	2	288	128	0
88	15	2	288	72	0
88	15	2	288	144	0
88	15	2	288	216	0
88	15	2	288	286	0
88	15	2	288	287	0
96	16	2	288	1	0
96	16	2	288	2	0
96	16	2	288	4	0
96	16	2	288	8	0
96	16	2	288	16	0
96	16	2	288	32	0
96	16	2	288	64	0
96	16	2	288	128	0
96	16	2	288	72	0
96	16	2	288	144	0
96	16	2	288	216	0
96	16	2	288	286	0
96	16	2	288	287	0
99	18	5	288	1	0
99	18	5	288	2	0
99	18	5	288	4	0
99	18	5	288	8	0
99	18	5	288	16	0
99	18	5	288	32	0
99	18	5	288	64	0
99	18	5	288	128	0
99	18	5	288	72	0
99	18	5	288	144	0
99	18	5	288	216	0
99	18	5	288	286	0
99	18	5	288	287	0
109	18	3	292	1	0
109	18	3	292	2	0
109	18	3	292	4	0
109	18	3	292	8	0
109	18	3	292	16	0
109	18	3	292	32	0
109	18	3	292	64	0
109	18	3	292	128	0
109	18	3	292	73	0
109	18	3	292	146	0
109	18	3	292	219	0
109	18	3	292	290	0
109	18	3	292	291	0
109	18	6	288	1	0
109	18	6	288	2	0
109	18	6	288	4	0
109	18	6	288	8	0
109	18	6	288	16	0
109	18	6	288	32	0
109	18	6	288	64	0
109	18	6	288	128	0
109	18	6	288	72	0
109	18	6	288	144	0
109	18	6	288	216	0
109	18	6	288	286	0
109	18	6	288	287	0
114	18	6	292	1	0
114	18	6	292	2	0
114	18	6	292	4	0
114	18	6	292	8	0
114	18	6	292	16	0
114	18	6	292	32	0
114	18	6	292	64	0
114	18	6	292	128	0
114	18	6	292	73	0
114	18	6	292	146	0
114	18	6	292	219	0
114	18	6	292	290	0
114	18	6	292	291	0
115	16	3	288	1	0
115	16	3	288	2	0
115	16	3	288	4	0
115	16	3	288	8	0
115	16	3	288	16	0
115	16	3	288	32	0
115	16	3	288	64	0
115	16	3	288	128	0
115	16	3	288	72	0
115	16	3	288	144	0
115	16	3	288	216	0
115	16	3	288	286	0
115	16	3	288	287	0
8	14	2	512	1	0
8	14	2	512	2	0
8	14	2	512	4	0
8	14	2	512	8	0
8	14	2	512	16	0
8	14	2	512	32	0
8	14	2	512	64	0
8	14	2	512	128	0
8	14	2	512	256	0
8	14	2	512	384	0
8	14	2	512	510	0
8	14	2	512	511	0
9	8	1	688	1	0
9	8	1	688	2	0
9	8	1	688	4	0
9	8	1	688	8	0
9	8	1	688	16	0
9	8	1	688	32	0
9	8	1	688	64	0
9	8	1	688	128	0
9	8	1	688	256	0
9	8	1	688	172	0
9	8	1	688	344	0
9	8	1	688	516	0
9	8	1	688	686	0
9	8	1	688	687	0
9	9	1	688	1	0
9	9	1	688	2	0
9	9	1	688	4	0
9	9	1	688	8	0
9	9	1	688	16	0
9	9	1	688	32	0
9	9	1	688	64	0
9	9	1	688	128	0
9	9	1	688	256	0
9	9	1	688	172	0
9	9	1	688	344	0
9	9	1	688	516	0
9	9	1	688	686	0
9	9	1	688	687	0
12	19	3	648	1	0
12	19	3	648	2	0
12	19	3	648	4	0
12	19	3	648	8	0
12	19	3	648	16	0
12	19	3	648	32	0
12	19	3	648	64	0
12	19	3	648	128	0
12	19	3	648	256	0
12	19	3	648	162	0
12	19	3	648	324	0
12	19	3	648	486	0
12	19	3	648	646	0
12	19	3	648	647	0
13	17	3	512	1	0
13	17	3	512	2	0
13	17	3	512	4	0
13	17	3	512	8	0
13	17	3	512	16	0
13	17	3	512	32	0
13	17	3	512	64	0
13	17	3	512	128	0
13	17	3	512	256	0
13	17	3	512	384	0
13	17	3	512	510	0
13	17	3	512	511	0
20	19	7	648	1	0
20	19	7	648	2	0
20	19	7	648	4	0
20	19	7	648	8	0
20	19	7	648	16	0
20	19	7	648	32	0
20	19	7	648	64	0
20	19	7	648	128	0
20	19	7	648	256	0
20	19	7	648	162	0
20	19	7	648	324	0
20	19	7	648	486	0
20	19	7	648	646	0
20	19	7	648	647	0
21	19	7	648	1	0
21	19	7	648	2	0
21	19	7	648	4	0
21	19	7	648	8	0
21	19	7	648	16	0
21	19	7	648	32	0
21	19	7	648	64	0
21	19	7	648	128	0
21	19	7	648	256	0
21	19	7	648	162	0
21	19	7	648	324	0
21	19	7	648	486	0
21	19	7	648	646	0
21	19	7	648	647	0
27	19	7	648	1	0
27	19	7	648	2	0
27	19	7	648	4	0
27	19	7	648	8	0
27	19	7	648	16	0
27	19	7	648	32	0
27	19	7	648	64	0
27	19	7	648	128	0
27	19	7	648	256	0
27	19	7	648	162	0
27	19	7	648	324	0
27	19	7	648	486	0
27	19	7	648	646	0
27	19	7	648	647	0
30	18	5	912	1	0
30	18	5	912	2	0
30	18	5	912	4	0
30	18	5	912	8	0
30	18	5	912	16	0
30	18	5	912	32	0
30	18	5	912	64	0
30	18	5	912	128	0
30	18	5	912	256	0
30	18	5	912	228	0
30	18	5	912	456	0
30	18	5	912	684	0
30	18	5	912	910	0
30	18	5	912	911	0
32	18	1	912	1	0
32	18	1	912	2	0
32	18	1	912	4	0
32	18	1	912	8	0
32	18	1	912	16	0
32	18	1	912	32	0
32	18	1	912	64	0
32	18	1	912	128	0
32	18	1	912	256	0
32	18	1	912	228	0
32	18	1	912	456	0
32	18	1	912	684	0
32	18	1	912	910	0
32	18	1	912	911	0
32	19	9	978	1	0
32	19	9	978	2	0
32	19	9	978	4	0
32	19	9	978	8	0
32	19	9	978	16	0
32	19	9	978	32	0
32	19	9	978	64	0
32	19	9	978	128	0
32	19	9	978	256	0
32	19	9	978	244	0
32	19	9	978	489	0
32	19	9	978	733	0
32	19	9	978	976	0
32	19	9	978	977	0
33	8	1	688	1	0
33	8	1	688	2	0
33	8	1	688	4	0
33	8	1	688	8	0
33	8	1	688	16	0
33	8	1	688	32	0
33	8	1	688	64	0
33	8	1	688	128	0
33	8	1	688	256	0
33	8	1	688	172	0
33	8	1	688	344	0
33	8	1	688	516	0
33	8	1	688	686	0
33	8	1	688	687	0
34	17	3	512	1	0
34	17	3	512	2	0
34	17	3	512	4	0
34	17	3	512	8	0
34	17	3	512	16	0
34	17	3	512	32	0
34	17	3	512	64	0
34	17	3	512	128	0
34	17	3	512	256	0
34	17	3	512	384	0
34	17	3	512	510	0
34	17	3	512	511	0
34	19	1	648	1	0
34	19	1	648	2	0
34	19	1	648	4	0
34	19	1	648	8	0
34	19	1	648	16	0
34	19	1	648	32	0
34	19	1	648	64	0
34	19	1	648	128	0
34	19	1	648	256	0
34	19	1	648	162	0
34	19	1	648	324	0
34	19	1	648	486	0
34	19	1	648	646	0
34	19	1	648	647	0
35	19	5	648	1	0
35	19	5	648	2	0
35	19	5	648	4	0
35	19	5	648	8	0
35	19	5	648	16	0
35	19	5	648	32	0
35	19	5	648	64	0
35	19	5	648	128	0
35	19	5	648	256	0
35	19	5	648	162	0
35	19	5	648	324	0
35	19	5	648	486	0
35	19	5	648	646	0
35	19	5	648	647	0
38	17	5	512	1	0
38	17	5	512	2	0
38	17	5	512	4	0
38	17	5	512	8	0
38	17	5	512	16	0
38	17	5	512	32	0
38	17	5	512	64	0
38	17	5	512	128	0
38	17	5	512	256	0
38	17	5	512	384	0
38	17	5	512	510	0
38	17	5	512	511	0
38	19	3	648	1	0
38	19	3	648	2	0
38	19	3	648	4	0
38	19	3	648	8	0
38	19	3	648	16	0
38	19	3	648	32	0
38	19	3	648	64	0
38	19	3	648	128	0
38	19	3	648	256	0
38	19	3	648	162	0
38	19	3	648	324	0
38	19	3	648	486	0
38	19	3	648	646	0
38	19	3	648	647	0
41	19	7	648	1	0
41	19	7	648	2	0
41	19	7	648	4	0
41	19	7	648	8	0
41	19	7	648	16	0
41	19	7	648	32	0
41	19	7	648	64	0
41	19	7	648	128	0
41	19	7	648	256	0
41	19	7	648	162	0
41	19	7	648	324	0
41	19	7	648	486	0
41	19	7	648	646	0
41	19	7	648	647	0
44	13	1	688	1	0
44	13	1	688	2	0
44	13	1	688	4	0
44	13	1	688	8	0
44	13	1	688	16	0
44	13	1	688	32	0
44	13	1	688	64	0
44	13	1	688	128	0
44	13	1	688	256	0
44	13	1	688	172	0
44	13	1	688	344	0
44	13	1	688	516	0
44	13	1	688	686	0
44	13	1	688	687	0
46	14	1	688	1	0
46	14	1	688	2	0
46	14	1	688	4	0
46	14	1	688	8	0
46	14	1	688	16	0
46	14	1	688	32	0
46	14	1	688	64	0
46	14	1	688	128	0
46	14	1	688	256	0
46	14	1	688	172	0
46	14	1	688	344	0
46	14	1	688	516	0
46	14	1	688	686	0
46	14	1	688	687	0
48	11	1	688	1	0
48	11	1	688	2	0
48	11	1	688	4	0
48	11	1	688	8	0
48	11	1	688	16	0
48	11	1	688	32	0
48	11	1	688	64	0
48	11	1	688	128	0
48	11	1	688	256	0
48	11	1	688	172	0
48	11	1	688	344	0
48	11	1	688	516	0
48	11	1	688	686	0
48	11	1	688	687	0
49	11	1	688	1	0
49	11	1	688	2	0
49	11	1	688	4	0
49	11	1	688	8	0
49	11	1	688	16	0
49	11	1	688	32	0
49	11	1	688	64	0
49	11	1	688	128	0
49	11	1	688	256	0
49	11	1	688	172	0
49	11	1	688	344	0
49	11	1	688	516	0
49	11	1	688	686	0
49	11	1	688	687	0
49	17	4	512	1	0
49	17	4	512	2	0
49	17	4	512	4	0
49	17	4	512	8	0
49	17	4	512	16	0
49	17	4	512	32	0
49	17	4	512	64	0
49	17	4	512	128	0
49	17	4	512	256	0
49	17	4	512	384	0
49	17	4	512	510	0
49	17	4	512	511	0
49	19	7	648	1	0
49	19	7	648	2	0
49	19	7	648	4	0
49	19	7	648	8	0
49	19	7	648	16	0
49	19	7	648	32	0
49	19	7	648	64	0
49	19	7	648	128	0
49	19	7	648	256	0
49	19	7	648	162	0
49	19	7	648	324	0
49	19	7	648	486	0
49	19	7	648	646	0
49	19	7	648	647	0
52	11	1	688	1	0
52	11	1	688	2	0
52	11	1	688	4	0
52	11	1	688	8	0
52	11	1	688	16	0
52	11	1	688	32	0
52	11	1	688	64	0
52	11	1	688	128	0
52	11	1	688	256	0
52	11	1	688	172	0
52	11	1	688	344	0
52	11	1	688	516	0
52	11	1	688	686	0
52	11	1	688	687	0
52	14	2	688	1	0
52	14	2	688	2	0
52	14	2	688	4	0
52	14	2	688	8	0
52	14	2	688	16	0
52	14	2	688	32	0
52	14	2	688	64	0
52	14	2	688	128	0
52	14	2	688	256	0
52	14	2	688	172	0
52	14	2	688	344	0
52	14	2	688	516	0
52	14	2	688	686	0
52	14	2	688	687	0
52	14	3	512	1	0
52	14	3	512	2	0
52	14	3	512	4	0
52	14	3	512	8	0
52	14	3	512	16	0
52	14	3	512	32	0
52	14	3	512	64	0
52	14	3	512	128	0
52	14	3	512	256	0
52	14	3	512	384	0
52	14	3	512	510	0
52	14	3	512	511	0
53	13	1	688	1	0
53	13	1	688	2	0
53	13	1	688	4	0
53	13	1	688	8	0
53	13	1	688	16	0
53	13	1	688	32	0
53	13	1	688	64	0
53	13	1	688	128	0
53	13	1	688	256	0
53	13	1	688	172	0
53	13	1	688	344	0
53	13	1	688	516	0
53	13	1	688	686	0
53	13	1	688	687	0
54	18	5	912	1	0
54	18	5	912	2	0
54	18	5	912	4	0
54	18	5	912	8	0
54	18	5	912	16	0
54	18	5	912	32	0
54	18	5	912	64	0
54	18	5	912	128	0
54	18	5	912	256	0
54	18	5	912	228	0
54	18	5	912	456	0
54	18	5	912	684	0
54	18	5	912	910	0
54	18	5	912	911	0
55	11	1	688	1	0
55	11	1	688	2	0
55	11	1	688	4	0
55	11	1	688	8	0
55	11	1	688	16	0
55	11	1	688	32	0
55	11	1	688	64	0
55	11	1	688	128	0
55	11	1	688	256	0
55	11	1	688	172	0
55	11	1	688	344	0
55	11	1	688	516	0
55	11	1	688	686	0
55	11	1	688	687	0
42	5	1	1992	1	0
42	5	1	1992	2	0
42	5	1	1992	4	0
42	5	1	1992	8	0
42	5	1	1992	16	0
42	5	1	1992	32	0
42	5	1	1992	64	0
42	5	1	1992	128	0
42	5	1	1992	256	0
42	5	1	1992	512	0
42	5	1	1992	498	0
42	5	1	1992	996	0
42	5	1	1992	1494	0
42	5	1	1992	1990	0
42	5	1	1992	1991	0
83	18	3	1152	1	0
83	18	3	1152	2	0
83	18	3	1152	4	0
83	18	3	1152	8	0
83	18	3	1152	16	0
83	18	3	1152	32	0
83	18	3	1152	64	0
83	18	3	1152	128	0
83	18	3	1152	256	0
83	18	3	1152	512	0
83	18	3	1152	288	0
83	18	3	1152	576	0
83	18	3	1152	864	0
83	18	3	1152	1150	0
83	18	3	1152	1151	0
111	8	1	1992	1	0
111	8	1	1992	2	0
111	8	1	1992	4	0
111	8	1	1992	8	0
111	8	1	1992	16	0
111	8	1	1992	32	0
111	8	1	1992	64	0
111	8	1	1992	128	0
111	8	1	1992	256	0
111	8	1	1992	512	0
111	8	1	1992	498	0
111	8	1	1992	996	0
111	8	1	1992	1494	0
111	8	1	1992	1990	0
111	8	1	1992	1991	0
118	14	1	1992	1	0
118	14	1	1992	2	0
118	14	1	1992	4	0
118	14	1	1992	8	0
118	14	1	1992	16	0
118	14	1	1992	32	0
118	14	1	1992	64	0
118	14	1	1992	128	0
118	14	1	1992	256	0
118	14	1	1992	512	0
118	14	1	1992	498	0
118	14	1	1992	996	0
118	14	1	1992	1494	0
118	14	1	1992	1990	0
118	14	1	1992	1991	0
125	18	4	1152	1	0
125	18	4	1152	2	0
125	18	4	1152	4	0
125	18	4	1152	8	0
125	18	4	1152	16	0
125	18	4	1152	32	0
125	18	4	1152	64	0
125	18	4	1152	128	0
125	18	4	1152	256	0
125	18	4	1152	512	0
125	18	4	1152	288	0
125	18	4	1152	576	0
125	18	4	1152	864	0
125	18	4	1152	1150	0
125	18	4	1152	1151	0
126	18	4	1152	1	0
126	18	4	1152	2	0
126	18	4	1152	4	0
126	18	4	1152	8	0
126	18	4	1152	16	0
126	18	4	1152	32	0
126	18	4	1152	64	0
126	18	4	1152	128	0
126	18	4	1152	256	0
126	18	4	1152	512	0
126	18	4	1152	288	0
126	18	4	1152	576	0
126	18	4	1152	864	0
126	18	4	1152	1150	0
126	18	4	1152	1151	0
127	18	4	1152	1	0
127	18	4	1152	2	0
127	18	4	1152	4	0
127	18	4	1152	8	0
127	18	4	1152	16	0
127	18	4	1152	32	0
127	18	4	1152	64	0
127	18	4	1152	128	0
127	18	4	1152	256	0
127	18	4	1152	512	0
127	18	4	1152	288	0
127	18	4	1152	576	0
127	18	4	1152	864	0
127	18	4	1152	1150	0
127	18	4	1152	1151	0
158	15	3	1152	1	0
158	15	3	1152	2	0
158	15	3	1152	4	0
158	15	3	1152	8	0
158	15	3	1152	16	0
158	15	3	1152	32	0
158	15	3	1152	64	0
158	15	3	1152	128	0
158	15	3	1152	256	0
158	15	3	1152	512	0
158	15	3	1152	288	0
158	15	3	1152	576	0
158	15	3	1152	864	0
158	15	3	1152	1150	0
158	15	3	1152	1151	0
159	15	3	1152	1	0
159	15	3	1152	2	0
159	15	3	1152	4	0
159	15	3	1152	8	0
159	15	3	1152	16	0
159	15	3	1152	32	0
159	15	3	1152	64	0
159	15	3	1152	128	0
159	15	3	1152	256	0
159	15	3	1152	512	0
159	15	3	1152	288	0
159	15	3	1152	576	0
159	15	3	1152	864	0
159	15	3	1152	1150	0
159	15	3	1152	1151	0
161	16	3	1152	1	0
161	16	3	1152	2	0
161	16	3	1152	4	0
161	16	3	1152	8	0
161	16	3	1152	16	0
161	16	3	1152	32	0
161	16	3	1152	64	0
161	16	3	1152	128	0
161	16	3	1152	256	0
161	16	3	1152	512	0
161	16	3	1152	288	0
161	16	3	1152	576	0
161	16	3	1152	864	0
161	16	3	1152	1150	0
161	16	3	1152	1151	0
190	13	1	1992	1	0
190	13	1	1992	2	0
190	13	1	1992	4	0
190	13	1	1992	8	0
190	13	1	1992	16	0
190	13	1	1992	32	0
190	13	1	1992	64	0
190	13	1	1992	128	0
190	13	1	1992	256	0
190	13	1	1992	512	0
190	13	1	1992	498	0
190	13	1	1992	996	0
190	13	1	1992	1494	0
190	13	1	1992	1990	0
190	13	1	1992	1991	0
190	20	4	1782	1	0
190	20	4	1782	2	0
190	20	4	1782	4	0
190	20	4	1782	8	0
190	20	4	1782	16	0
190	20	4	1782	32	0
190	20	4	1782	64	0
190	20	4	1782	128	0
190	20	4	1782	256	0
190	20	4	1782	512	0
190	20	4	1782	445	0
190	20	4	1782	891	0
190	20	4	1782	1336	0
190	20	4	1782	1780	0
190	20	4	1782	1781	0
193	14	1	1992	1	0
193	14	1	1992	2	0
193	14	1	1992	4	0
193	14	1	1992	8	0
193	14	1	1992	16	0
193	14	1	1992	32	0
193	14	1	1992	64	0
193	14	1	1992	128	0
193	14	1	1992	256	0
193	14	1	1992	512	0
193	14	1	1992	498	0
193	14	1	1992	996	0
193	14	1	1992	1494	0
193	14	1	1992	1990	0
193	14	1	1992	1991	0
194	14	1	1992	1	0
194	14	1	1992	2	0
194	14	1	1992	4	0
194	14	1	1992	8	0
194	14	1	1992	16	0
194	14	1	1992	32	0
194	14	1	1992	64	0
194	14	1	1992	128	0
194	14	1	1992	256	0
194	14	1	1992	512	0
194	14	1	1992	498	0
194	14	1	1992	996	0
194	14	1	1992	1494	0
194	14	1	1992	1990	0
194	14	1	1992	1991	0
205	10	1	1992	1	0
205	10	1	1992	2	0
205	10	1	1992	4	0
205	10	1	1992	8	0
205	10	1	1992	16	0
205	10	1	1992	32	0
205	10	1	1992	64	0
205	10	1	1992	128	0
205	10	1	1992	256	0
205	10	1	1992	512	0
205	10	1	1992	498	0
205	10	1	1992	996	0
205	10	1	1992	1494	0
205	10	1	1992	1990	0
205	10	1	1992	1991	0
226	20	3	1782	1	0
226	20	3	1782	2	0
226	20	3	1782	4	0
226	20	3	1782	8	0
226	20	3	1782	16	0
226	20	3	1782	32	0
226	20	3	1782	64	0
226	20	3	1782	128	0
226	20	3	1782	256	0
226	20	3	1782	512	0
226	20	3	1782	445	0
226	20	3	1782	891	0
226	20	3	1782	1336	0
226	20	3	1782	1780	0
226	20	3	1782	1781	0
237	16	2	1152	1	0
237	16	2	1152	2	0
237	16	2	1152	4	0
237	16	2	1152	8	0
237	16	2	1152	16	0
237	16	2	1152	32	0
237	16	2	1152	64	0
237	16	2	1152	128	0
237	16	2	1152	256	0
237	16	2	1152	512	0
237	16	2	1152	288	0
237	16	2	1152	576	0
237	16	2	1152	864	0
237	16	2	1152	1150	0
237	16	2	1152	1151	0
240	15	3	1152	1	0
240	15	3	1152	2	0
240	15	3	1152	4	0
240	15	3	1152	8	0
240	15	3	1152	16	0
240	15	3	1152	32	0
240	15	3	1152	64	0
240	15	3	1152	128	0
240	15	3	1152	256	0
240	15	3	1152	512	0
240	15	3	1152	288	0
240	15	3	1152	576	0
240	15	3	1152	864	0
240	15	3	1152	1150	0
240	15	3	1152	1151	0
246	17	1	1992	1	0
246	17	1	1992	2	0
246	17	1	1992	4	0
246	17	1	1992	8	0
246	17	1	1992	16	0
246	17	1	1992	32	0
246	17	1	1992	64	0
246	17	1	1992	128	0
246	17	1	1992	256	0
246	17	1	1992	512	0
246	17	1	1992	498	0
246	17	1	1992	996	0
246	17	1	1992	1494	0
246	17	1	1992	1990	0
246	17	1	1992	1991	0
252	18	4	1152	1	0
252	18	4	1152	2	0
252	18	4	1152	4	0
252	18	4	1152	8	0
252	18	4	1152	16	0
252	18	4	1152	32	0
252	18	4	1152	64	0
252	18	4	1152	128	0
252	18	4	1152	256	0
252	18	4	1152	512	0
252	18	4	1152	288	0
252	18	4	1152	576	0
252	18	4	1152	864	0
252	18	4	1152	1150	0
252	18	4	1152	1151	0
253	18	4	1152	1	0
253	18	4	1152	2	0
253	18	4	1152	4	0
253	18	4	1152	8	0
253	18	4	1152	16	0
253	18	4	1152	32	0
253	18	4	1152	64	0
253	18	4	1152	128	0
253	18	4	1152	256	0
253	18	4	1152	512	0
253	18	4	1152	288	0
253	18	4	1152	576	0
253	18	4	1152	864	0
253	18	4	1152	1150	0
253	18	4	1152	1151	0
274	18	3	1152	1	0
274	18	3	1152	2	0
274	18	3	1152	4	0
274	18	3	1152	8	0
274	18	3	1152	16	0
274	18	3	1152	32	0
274	18	3	1152	64	0
274	18	3	1152	128	0
274	18	3	1152	256	0
274	18	3	1152	512	0
274	18	3	1152	288	0
274	18	3	1152	576	0
274	18	3	1152	864	0
274	18	3	1152	1150	0
274	18	3	1152	1151	0
275	18	4	1152	1	0
275	18	4	1152	2	0
275	18	4	1152	4	0
275	18	4	1152	8	0
275	18	4	1152	16	0
275	18	4	1152	32	0
275	18	4	1152	64	0
275	18	4	1152	128	0
275	18	4	1152	256	0
275	18	4	1152	512	0
275	18	4	1152	288	0
275	18	4	1152	576	0
275	18	4	1152	864	0
275	18	4	1152	1150	0
275	18	4	1152	1151	0
278	18	3	1152	1	0
278	18	3	1152	2	0
278	18	3	1152	4	0
278	18	3	1152	8	0
278	18	3	1152	16	0
278	18	3	1152	32	0
278	18	3	1152	64	0
278	18	3	1152	128	0
278	18	3	1152	256	0
278	18	3	1152	512	0
278	18	3	1152	288	0
278	18	3	1152	576	0
278	18	3	1152	864	0
278	18	3	1152	1150	0
278	18	3	1152	1151	0
281	11	1	1992	1	0
281	11	1	1992	2	0
281	11	1	1992	4	0
281	11	1	1992	8	0
281	11	1	1992	16	0
281	11	1	1992	32	0
281	11	1	1992	64	0
281	11	1	1992	128	0
281	11	1	1992	256	0
281	11	1	1992	512	0
281	11	1	1992	498	0
281	11	1	1992	996	0
281	11	1	1992	1494	0
281	11	1	1992	1990	0
281	11	1	1992	1991	0
293	0	1	1408	1	0
293	0	1	1408	2	0
293	0	1	1408	4	0
293	0	1	1408	8	0
293	0	1	1408	16	0
293	0	1	1408	32	0
293	0	1	1408	64	0
293	0	1	1408	128	0
293	0	1	1408	256	0
293	0	1	1408	512	0
293	0	1	1408	352	0
293	0	1	1408	704	0
293	0	1	1408	1056	0
293	0	1	1408	1406	0
293	0	1	1408	1407	0
295	16	2	1152	1	0
295	16	2	1152	2	0
295	16	2	1152	4	0
295	16	2	1152	8	0
295	16	2	1152	16	0
295	16	2	1152	32	0
295	16	2	1152	64	0
295	16	2	1152	128	0
295	16	2	1152	256	0
295	16	2	1152	512	0
295	16	2	1152	288	0
295	16	2	1152	576	0
295	16	2	1152	864	0
295	16	2	1152	1150	0
295	16	2	1152	1151	0
304	16	3	1152	1	0
304	16	3	1152	2	0
304	16	3	1152	4	0
304	16	3	1152	8	0
304	16	3	1152	16	0
304	16	3	1152	32	0
304	16	3	1152	64	0
304	16	3	1152	128	0
304	16	3	1152	256	0
304	16	3	1152	512	0
304	16	3	1152	288	0
304	16	3	1152	576	0
304	16	3	1152	864	0
304	16	3	1152	1150	0
304	16	3	1152	1151	0
326	18	3	1152	1	0
326	18	3	1152	2	0
326	18	3	1152	4	0
326	18	3	1152	8	0
326	18	3	1152	16	0
326	18	3	1152	32	0
326	18	3	1152	64	0
326	18	3	1152	128	0
326	18	3	1152	256	0
326	18	3	1152	512	0
326	18	3	1152	288	0
326	18	3	1152	576	0
326	18	3	1152	864	0
326	18	3	1152	1150	0
326	18	3	1152	1151	0
329	18	6	1152	1	0
329	18	6	1152	2	0
329	18	6	1152	4	0
329	18	6	1152	8	0
329	18	6	1152	16	0
329	18	6	1152	32	0
329	18	6	1152	64	0
329	18	6	1152	128	0
329	18	6	1152	256	0
329	18	6	1152	512	0
329	18	6	1152	288	0
329	18	6	1152	576	0
329	18	6	1152	864	0
329	18	6	1152	1150	0
329	18	6	1152	1151	0
4	12	1	2816	1	0
4	12	1	2816	2	0
4	12	1	2816	4	0
4	12	1	2816	8	0
4	12	1	2816	16	0
4	12	1	2816	32	0
4	12	1	2816	64	0
4	12	1	2816	128	0
4	12	1	2816	256	0
4	12	1	2816	512	0
4	12	1	2816	1024	0
4	12	1	2816	704	0
4	12	1	2816	1408	0
4	12	1	2816	2112	0
4	12	1	2816	2814	0
4	12	1	2816	2815	0
4	16	2	2312	1	0
4	16	2	2312	2	0
4	16	2	2312	4	0
4	16	2	2312	8	0
4	16	2	2312	16	0
4	16	2	2312	32	0
4	16	2	2312	64	0
4	16	2	2312	128	0
4	16	2	2312	256	0
4	16	2	2312	512	0
4	16	2	2312	1024	0
4	16	2	2312	578	0
4	16	2	2312	1156	0
4	16	2	2312	1734	0
4	16	2	2312	2310	0
4	16	2	2312	2311	0
5	17	1	2816	1	0
5	17	1	2816	2	0
5	17	1	2816	4	0
5	17	1	2816	8	0
5	17	1	2816	16	0
5	17	1	2816	32	0
5	17	1	2816	64	0
5	17	1	2816	128	0
5	17	1	2816	256	0
5	17	1	2816	512	0
5	17	1	2816	1024	0
5	17	1	2816	704	0
5	17	1	2816	1408	0
5	17	1	2816	2112	0
5	17	1	2816	2814	0
5	17	1	2816	2815	0
5	17	3	2816	1	0
5	17	3	2816	2	0
5	17	3	2816	4	0
5	17	3	2816	8	0
5	17	3	2816	16	0
5	17	3	2816	32	0
5	17	3	2816	64	0
5	17	3	2816	128	0
5	17	3	2816	256	0
5	17	3	2816	512	0
5	17	3	2816	1024	0
5	17	3	2816	704	0
5	17	3	2816	1408	0
5	17	3	2816	2112	0
5	17	3	2816	2814	0
5	17	3	2816	2815	0
5	18	6	2364	1	0
5	18	6	2364	2	0
5	18	6	2364	4	0
5	18	6	2364	8	0
5	18	6	2364	16	0
5	18	6	2364	32	0
5	18	6	2364	64	0
5	18	6	2364	128	0
5	18	6	2364	256	0
5	18	6	2364	512	0
5	18	6	2364	1024	0
5	18	6	2364	591	0
5	18	6	2364	1182	0
5	18	6	2364	1773	0
5	18	6	2364	2362	0
5	18	6	2364	2363	0
6	14	3	2816	1	0
6	14	3	2816	2	0
6	14	3	2816	4	0
6	14	3	2816	8	0
6	14	3	2816	16	0
6	14	3	2816	32	0
6	14	3	2816	64	0
6	14	3	2816	128	0
6	14	3	2816	256	0
6	14	3	2816	512	0
6	14	3	2816	1024	0
6	14	3	2816	704	0
6	14	3	2816	1408	0
6	14	3	2816	2112	0
6	14	3	2816	2814	0
6	14	3	2816	2815	0
7	14	1	2816	1	0
7	14	1	2816	2	0
7	14	1	2816	4	0
7	14	1	2816	8	0
7	14	1	2816	16	0
7	14	1	2816	32	0
7	14	1	2816	64	0
7	14	1	2816	128	0
7	14	1	2816	256	0
7	14	1	2816	512	0
7	14	1	2816	1024	0
7	14	1	2816	704	0
7	14	1	2816	1408	0
7	14	1	2816	2112	0
7	14	1	2816	2814	0
7	14	1	2816	2815	0
8	12	1	2720	1	0
8	12	1	2720	2	0
8	12	1	2720	4	0
8	12	1	2720	8	0
8	12	1	2720	16	0
8	12	1	2720	32	0
8	12	1	2720	64	0
8	12	1	2720	128	0
8	12	1	2720	256	0
8	12	1	2720	512	0
8	12	1	2720	1024	0
8	12	1	2720	680	0
8	12	1	2720	1360	0
8	12	1	2720	2040	0
8	12	1	2720	2718	0
8	12	1	2720	2719	0
8	18	3	2364	1	0
8	18	3	2364	2	0
8	18	3	2364	4	0
8	18	3	2364	8	0
8	18	3	2364	16	0
8	18	3	2364	32	0
8	18	3	2364	64	0
8	18	3	2364	128	0
8	18	3	2364	256	0
8	18	3	2364	512	0
8	18	3	2364	1024	0
8	18	3	2364	591	0
8	18	3	2364	1182	0
8	18	3	2364	1773	0
8	18	3	2364	2362	0
8	18	3	2364	2363	0
14	9	1	2816	1	0
14	9	1	2816	2	0
14	9	1	2816	4	0
14	9	1	2816	8	0
14	9	1	2816	16	0
14	9	1	2816	32	0
14	9	1	2816	64	0
14	9	1	2816	128	0
14	9	1	2816	256	0
14	9	1	2816	512	0
14	9	1	2816	1024	0
14	9	1	2816	704	0
14	9	1	2816	1408	0
14	9	1	2816	2112	0
14	9	1	2816	2814	0
14	9	1	2816	2815	0
14	15	1	2312	1	0
14	15	1	2312	2	0
14	15	1	2312	4	0
14	15	1	2312	8	0
14	15	1	2312	16	0
14	15	1	2312	32	0
14	15	1	2312	64	0
14	15	1	2312	128	0
14	15	1	2312	256	0
14	15	1	2312	512	0
14	15	1	2312	1024	0
14	15	1	2312	578	0
14	15	1	2312	1156	0
14	15	1	2312	1734	0
14	15	1	2312	2310	0
14	15	1	2312	2311	0
16	18	6	2312	1	0
16	18	6	2312	2	0
16	18	6	2312	4	0
16	18	6	2312	8	0
16	18	6	2312	16	0
16	18	6	2312	32	0
16	18	6	2312	64	0
16	18	6	2312	128	0
16	18	6	2312	256	0
16	18	6	2312	512	0
16	18	6	2312	1024	0
16	18	6	2312	578	0
16	18	6	2312	1156	0
16	18	6	2312	1734	0
16	18	6	2312	2310	0
16	18	6	2312	2311	0
20	18	3	2364	1	0
20	18	3	2364	2	0
20	18	3	2364	4	0
20	18	3	2364	8	0
20	18	3	2364	16	0
20	18	3	2364	32	0
20	18	3	2364	64	0
20	18	3	2364	128	0
20	18	3	2364	256	0
20	18	3	2364	512	0
20	18	3	2364	1024	0
20	18	3	2364	591	0
20	18	3	2364	1182	0
20	18	3	2364	1773	0
20	18	3	2364	2362	0
20	18	3	2364	2363	0
21	13	1	2816	1	0
21	13	1	2816	2	0
21	13	1	2816	4	0
21	13	1	2816	8	0
21	13	1	2816	16	0
21	13	1	2816	32	0
21	13	1	2816	64	0
21	13	1	2816	128	0
21	13	1	2816	256	0
21	13	1	2816	512	0
21	13	1	2816	1024	0
21	13	1	2816	704	0
21	13	1	2816	1408	0
21	13	1	2816	2112	0
21	13	1	2816	2814	0
21	13	1	2816	2815	0
21	15	3	2312	1	0
21	15	3	2312	2	0
21	15	3	2312	4	0
21	15	3	2312	8	0
21	15	3	2312	16	0
21	15	3	2312	32	0
21	15	3	2312	64	0
21	15	3	2312	128	0
21	15	3	2312	256	0
21	15	3	2312	512	0
21	15	3	2312	1024	0
21	15	3	2312	578	0
21	15	3	2312	1156	0
21	15	3	2312	1734	0
21	15	3	2312	2310	0
21	15	3	2312	2311	0
21	16	3	2312	1	0
21	16	3	2312	2	0
21	16	3	2312	4	0
21	16	3	2312	8	0
21	16	3	2312	16	0
21	16	3	2312	32	0
21	16	3	2312	64	0
21	16	3	2312	128	0
21	16	3	2312	256	0
21	16	3	2312	512	0
21	16	3	2312	1024	0
21	16	3	2312	578	0
21	16	3	2312	1156	0
21	16	3	2312	1734	0
21	16	3	2312	2310	0
21	16	3	2312	2311	0
21	18	4	2364	1	0
21	18	4	2364	2	0
21	18	4	2364	4	0
21	18	4	2364	8	0
21	18	4	2364	16	0
21	18	4	2364	32	0
21	18	4	2364	64	0
21	18	4	2364	128	0
21	18	4	2364	256	0
21	18	4	2364	512	0
21	18	4	2364	1024	0
21	18	4	2364	591	0
21	18	4	2364	1182	0
21	18	4	2364	1773	0
21	18	4	2364	2362	0
21	18	4	2364	2363	0
22	17	1	2816	1	0
22	17	1	2816	2	0
22	17	1	2816	4	0
22	17	1	2816	8	0
22	17	1	2816	16	0
22	17	1	2816	32	0
22	17	1	2816	64	0
22	17	1	2816	128	0
22	17	1	2816	256	0
22	17	1	2816	512	0
22	17	1	2816	1024	0
22	17	1	2816	704	0
22	17	1	2816	1408	0
22	17	1	2816	2112	0
22	17	1	2816	2814	0
22	17	1	2816	2815	0
24	11	1	2816	1	0
24	11	1	2816	2	0
24	11	1	2816	4	0
24	11	1	2816	8	0
24	11	1	2816	16	0
24	11	1	2816	32	0
24	11	1	2816	64	0
24	11	1	2816	128	0
24	11	1	2816	256	0
24	11	1	2816	512	0
24	11	1	2816	1024	0
24	11	1	2816	704	0
24	11	1	2816	1408	0
24	11	1	2816	2112	0
24	11	1	2816	2814	0
24	11	1	2816	2815	0
24	12	3	2816	1	0
24	12	3	2816	2	0
24	12	3	2816	4	0
24	12	3	2816	8	0
24	12	3	2816	16	0
24	12	3	2816	32	0
24	12	3	2816	64	0
24	12	3	2816	128	0
24	12	3	2816	256	0
24	12	3	2816	512	0
24	12	3	2816	1024	0
24	12	3	2816	704	0
24	12	3	2816	1408	0
24	12	3	2816	2112	0
24	12	3	2816	2814	0
24	12	3	2816	2815	0
25	18	3	2364	1	0
25	18	3	2364	2	0
25	18	3	2364	4	0
25	18	3	2364	8	0
25	18	3	2364	16	0
25	18	3	2364	32	0
25	18	3	2364	64	0
25	18	3	2364	128	0
25	18	3	2364	256	0
25	18	3	2364	512	0
25	18	3	2364	1024	0
25	18	3	2364	591	0
25	18	3	2364	1182	0
25	18	3	2364	1773	0
25	18	3	2364	2362	0
25	18	3	2364	2363	0
26	16	1	2312	1	0
26	16	1	2312	2	0
26	16	1	2312	4	0
26	16	1	2312	8	0
26	16	1	2312	16	0
26	16	1	2312	32	0
26	16	1	2312	64	0
26	16	1	2312	128	0
26	16	1	2312	256	0
26	16	1	2312	512	0
26	16	1	2312	1024	0
26	16	1	2312	578	0
26	16	1	2312	1156	0
26	16	1	2312	1734	0
26	16	1	2312	2310	0
26	16	1	2312	2311	0
27	18	5	2312	1	0
27	18	5	2312	2	0
27	18	5	2312	4	0
27	18	5	2312	8	0
27	18	5	2312	16	0
27	18	5	2312	32	0
27	18	5	2312	64	0
27	18	5	2312	128	0
27	18	5	2312	256	0
27	18	5	2312	512	0
27	18	5	2312	1024	0
27	18	5	2312	578	0
27	18	5	2312	1156	0
27	18	5	2312	1734	0
27	18	5	2312	2310	0
27	18	5	2312	2311	0
29	18	3	2312	1	0
29	18	3	2312	2	0
29	18	3	2312	4	0
29	18	3	2312	8	0
29	18	3	2312	16	0
29	18	3	2312	32	0
29	18	3	2312	64	0
29	18	3	2312	128	0
29	18	3	2312	256	0
29	18	3	2312	512	0
29	18	3	2312	1024	0
29	18	3	2312	578	0
29	18	3	2312	1156	0
29	18	3	2312	1734	0
29	18	3	2312	2310	0
29	18	3	2312	2311	0
31	13	1	2816	1	0
31	13	1	2816	2	0
31	13	1	2816	4	0
31	13	1	2816	8	0
31	13	1	2816	16	0
31	13	1	2816	32	0
31	13	1	2816	64	0
31	13	1	2816	128	0
31	13	1	2816	256	0
31	13	1	2816	512	0
31	13	1	2816	1024	0
31	13	1	2816	704	0
31	13	1	2816	1408	0
31	13	1	2816	2112	0
31	13	1	2816	2814	0
31	13	1	2816	2815	0
33	16	1	2312	1	0
33	16	1	2312	2	0
33	16	1	2312	4	0
33	16	1	2312	8	0
33	16	1	2312	16	0
33	16	1	2312	32	0
33	16	1	2312	64	0
33	16	1	2312	128	0
33	16	1	2312	256	0
33	16	1	2312	512	0
33	16	1	2312	1024	0
33	16	1	2312	578	0
33	16	1	2312	1156	0
33	16	1	2312	1734	0
33	16	1	2312	2310	0
33	16	1	2312	2311	0
34	15	1	2312	1	0
34	15	1	2312	2	0
34	15	1	2312	4	0
34	15	1	2312	8	0
34	15	1	2312	16	0
34	15	1	2312	32	0
34	15	1	2312	64	0
34	15	1	2312	128	0
34	15	1	2312	256	0
34	15	1	2312	512	0
34	15	1	2312	1024	0
34	15	1	2312	578	0
34	15	1	2312	1156	0
34	15	1	2312	1734	0
34	15	1	2312	2310	0
34	15	1	2312	2311	0
37	12	3	2816	1	0
37	12	3	2816	2	0
37	12	3	2816	4	0
37	12	3	2816	8	0
37	12	3	2816	16	0
37	12	3	2816	32	0
37	12	3	2816	64	0
37	12	3	2816	128	0
37	12	3	2816	256	0
37	12	3	2816	512	0
37	12	3	2816	1024	0
37	12	3	2816	704	0
37	12	3	2816	1408	0
37	12	3	2816	2112	0
37	12	3	2816	2814	0
37	12	3	2816	2815	0
37	18	5	2364	1	0
37	18	5	2364	2	0
37	18	5	2364	4	0
37	18	5	2364	8	0
37	18	5	2364	16	0
37	18	5	2364	32	0
37	18	5	2364	64	0
37	18	5	2364	128	0
37	18	5	2364	256	0
37	18	5	2364	512	0
37	18	5	2364	1024	0
37	18	5	2364	591	0
37	18	5	2364	1182	0
37	18	5	2364	1773	0
37	18	5	2364	2362	0
37	18	5	2364	2363	0
38	17	1	2816	1	0
38	17	1	2816	2	0
38	17	1	2816	4	0
38	17	1	2816	8	0
38	17	1	2816	16	0
38	17	1	2816	32	0
38	17	1	2816	64	0
38	17	1	2816	128	0
38	17	1	2816	256	0
38	17	1	2816	512	0
38	17	1	2816	1024	0
38	17	1	2816	704	0
38	17	1	2816	1408	0
38	17	1	2816	2112	0
38	17	1	2816	2814	0
38	17	1	2816	2815	0
4	17	2	5472	1	0
4	17	2	5472	2	0
4	17	2	5472	4	0
4	17	2	5472	8	0
4	17	2	5472	16	0
4	17	2	5472	32	0
4	17	2	5472	64	0
4	17	2	5472	128	0
4	17	2	5472	256	0
4	17	2	5472	512	0
4	17	2	5472	1024	0
4	17	2	5472	2048	0
4	17	2	5472	1368	0
4	17	2	5472	2736	0
4	17	2	5472	4104	0
4	17	2	5472	5470	0
4	17	2	5472	5471	0
4	17	4	5472	1	0
4	17	4	5472	2	0
4	17	4	5472	4	0
4	17	4	5472	8	0
4	17	4	5472	16	0
4	17	4	5472	32	0
4	17	4	5472	64	0
4	17	4	5472	128	0
4	17	4	5472	256	0
4	17	4	5472	512	0
4	17	4	5472	1024	0
4	17	4	5472	2048	0
4	17	4	5472	1368	0
4	17	4	5472	2736	0
4	17	4	5472	4104	0
4	17	4	5472	5470	0
4	17	4	5472	5471	0
5	19	1	4482	1	0
5	19	1	4482	2	0
5	19	1	4482	4	0
5	19	1	4482	8	0
5	19	1	4482	16	0
5	19	1	4482	32	0
5	19	1	4482	64	0
5	19	1	4482	128	0
5	19	1	4482	256	0
5	19	1	4482	512	0
5	19	1	4482	1024	0
5	19	1	4482	2048	0
5	19	1	4482	1120	0
5	19	1	4482	2241	0
5	19	1	4482	3361	0
5	19	1	4482	4480	0
5	19	1	4482	4481	0
7	17	3	5472	1	0
7	17	3	5472	2	0
7	17	3	5472	4	0
7	17	3	5472	8	0
7	17	3	5472	16	0
7	17	3	5472	32	0
7	17	3	5472	64	0
7	17	3	5472	128	0
7	17	3	5472	256	0
7	17	3	5472	512	0
7	17	3	5472	1024	0
7	17	3	5472	2048	0
7	17	3	5472	1368	0
7	17	3	5472	2736	0
7	17	3	5472	4104	0
7	17	3	5472	5470	0
7	17	3	5472	5471	0
8	9	1	5928	1	0
8	9	1	5928	2	0
8	9	1	5928	4	0
8	9	1	5928	8	0
8	9	1	5928	16	0
8	9	1	5928	32	0
8	9	1	5928	64	0
8	9	1	5928	128	0
8	9	1	5928	256	0
8	9	1	5928	512	0
8	9	1	5928	1024	0
8	9	1	5928	2048	0
8	9	1	5928	1482	0
8	9	1	5928	2964	0
8	9	1	5928	4446	0
8	9	1	5928	5926	0
8	9	1	5928	5927	0
8	16	3	5336	1	0
8	16	3	5336	2	0
8	16	3	5336	4	0
8	16	3	5336	8	0
8	16	3	5336	16	0
8	16	3	5336	32	0
8	16	3	5336	64	0
8	16	3	5336	128	0
8	16	3	5336	256	0
8	16	3	5336	512	0
8	16	3	5336	1024	0
8	16	3	5336	2048	0
8	16	3	5336	1334	0
8	16	3	5336	2668	0
8	16	3	5336	4002	0
8	16	3	5336	5334	0
8	16	3	5336	5335	0
8	17	1	4672	1	0
8	17	1	4672	2	0
8	17	1	4672	4	0
8	17	1	4672	8	0
8	17	1	4672	16	0
8	17	1	4672	32	0
8	17	1	4672	64	0
8	17	1	4672	128	0
8	17	1	4672	256	0
8	17	1	4672	512	0
8	17	1	4672	1024	0
8	17	1	4672	2048	0
8	17	1	4672	1168	0
8	17	1	4672	2336	0
8	17	1	4672	3504	0
8	17	1	4672	4670	0
8	17	1	4672	4671	0
9	12	2	5472	1	0
9	12	2	5472	2	0
9	12	2	5472	4	0
9	12	2	5472	8	0
9	12	2	5472	16	0
9	12	2	5472	32	0
9	12	2	5472	64	0
9	12	2	5472	128	0
9	12	2	5472	256	0
9	12	2	5472	512	0
9	12	2	5472	1024	0
9	12	2	5472	2048	0
9	12	2	5472	1368	0
9	12	2	5472	2736	0
9	12	2	5472	4104	0
9	12	2	5472	5470	0
9	12	2	5472	5471	0
9	13	2	5472	1	0
9	13	2	5472	2	0
9	13	2	5472	4	0
9	13	2	5472	8	0
9	13	2	5472	16	0
9	13	2	5472	32	0
9	13	2	5472	64	0
9	13	2	5472	128	0
9	13	2	5472	256	0
9	13	2	5472	512	0
9	13	2	5472	1024	0
9	13	2	5472	2048	0
9	13	2	5472	1368	0
9	13	2	5472	2736	0
9	13	2	5472	4104	0
9	13	2	5472	5470	0
9	13	2	5472	5471	0
9	19	3	7788	1	0
9	19	3	7788	2	0
9	19	3	7788	4	0
9	19	3	7788	8	0
9	19	3	7788	16	0
9	19	3	7788	32	0
9	19	3	7788	64	0
9	19	3	7788	128	0
9	19	3	7788	256	0
9	19	3	7788	512	0
9	19	3	7788	1024	0
9	19	3	7788	2048	0
9	19	3	7788	1947	0
9	19	3	7788	3894	0
9	19	3	7788	5841	0
9	19	3	7788	7786	0
9	19	3	7788	7787	0
11	17	3	5472	1	0
11	17	3	5472	2	0
11	17	3	5472	4	0
11	17	3	5472	8	0
11	17	3	5472	16	0
11	17	3	5472	32	0
11	17	3	5472	64	0
11	17	3	5472	128	0
11	17	3	5472	256	0
11	17	3	5472	512	0
11	17	3	5472	1024	0
11	17	3	5472	2048	0
11	17	3	5472	1368	0
11	17	3	5472	2736	0
11	17	3	5472	4104	0
11	17	3	5472	5470	0
11	17	3	5472	5471	0
12	17	3	5472	1	0
12	17	3	5472	2	0
12	17	3	5472	4	0
12	17	3	5472	8	0
12	17	3	5472	16	0
12	17	3	5472	32	0
12	17	3	5472	64	0
12	17	3	5472	128	0
12	17	3	5472	256	0
12	17	3	5472	512	0
12	17	3	5472	1024	0
12	17	3	5472	2048	0
12	17	3	5472	1368	0
12	17	3	5472	2736	0
12	17	3	5472	4104	0
12	17	3	5472	5470	0
12	17	3	5472	5471	0
14	17	3	5472	1	0
14	17	3	5472	2	0
14	17	3	5472	4	0
14	17	3	5472	8	0
14	17	3	5472	16	0
14	17	3	5472	32	0
14	17	3	5472	64	0
14	17	3	5472	128	0
14	17	3	5472	256	0
14	17	3	5472	512	0
14	17	3	5472	1024	0
14	17	3	5472	2048	0
14	17	3	5472	1368	0
14	17	3	5472	2736	0
14	17	3	5472	4104	0
14	17	3	5472	5470	0
14	17	3	5472	5471	0
15	19	7	7788	1	0
15	19	7	7788	2	0
15	19	7	7788	4	0
15	19	7	7788	8	0
15	19	7	7788	16	0
15	19	7	7788	32	0
15	19	7	7788	64	0
15	19	7	7788	128	0
15	19	7	7788	256	0
15	19	7	7788	512	0
15	19	7	7788	1024	0
15	19	7	7788	2048	0
15	19	7	7788	1947	0
15	19	7	7788	3894	0
15	19	7	7788	5841	0
15	19	7	7788	7786	0
15	19	7	7788	7787	0
16	19	7	7788	1	0
16	19	7	7788	2	0
16	19	7	7788	4	0
16	19	7	7788	8	0
16	19	7	7788	16	0
16	19	7	7788	32	0
16	19	7	7788	64	0
16	19	7	7788	128	0
16	19	7	7788	256	0
16	19	7	7788	512	0
16	19	7	7788	1024	0
16	19	7	7788	2048	0
16	19	7	7788	1947	0
16	19	7	7788	3894	0
16	19	7	7788	5841	0
16	19	7	7788	7786	0
16	19	7	7788	7787	0
17	19	7	7788	1	0
17	19	7	7788	2	0
17	19	7	7788	4	0
17	19	7	7788	8	0
17	19	7	7788	16	0
17	19	7	7788	32	0
17	19	7	7788	64	0
17	19	7	7788	128	0
17	19	7	7788	256	0
17	19	7	7788	512	0
17	19	7	7788	1024	0
17	19	7	7788	2048	0
17	19	7	7788	1947	0
17	19	7	7788	3894	0
17	19	7	7788	5841	0
17	19	7	7788	7786	0
17	19	7	7788	7787	0
19	19	7	7788	1	0
19	19	7	7788	2	0
19	19	7	7788	4	0
19	19	7	7788	8	0
19	19	7	7788	16	0
19	19	7	7788	32	0
19	19	7	7788	64	0
19	19	7	7788	128	0
19	19	7	7788	256	0
19	19	7	7788	512	0
19	19	7	7788	1024	0
19	19	7	7788	2048	0
19	19	7	7788	1947	0
19	19	7	7788	3894	0
19	19	7	7788	5841	0
19	19	7	7788	7786	0
19	19	7	7788	7787	0
28	19	3	7788	1	0
28	19	3	7788	2	0
28	19	3	7788	4	0
28	19	3	7788	8	0
28	19	3	7788	16	0
28	19	3	7788	32	0
28	19	3	7788	64	0
28	19	3	7788	128	0
28	19	3	7788	256	0
28	19	3	7788	512	0
28	19	3	7788	1024	0
28	19	3	7788	2048	0
28	19	3	7788	1947	0
28	19	3	7788	3894	0
28	19	3	7788	5841	0
28	19	3	7788	7786	0
28	19	3	7788	7787	0
29	19	7	7788	1	0
29	19	7	7788	2	0
29	19	7	7788	4	0
29	19	7	7788	8	0
29	19	7	7788	16	0
29	19	7	7788	32	0
29	19	7	7788	64	0
29	19	7	7788	128	0
29	19	7	7788	256	0
29	19	7	7788	512	0
29	19	7	7788	1024	0
29	19	7	7788	2048	0
29	19	7	7788	1947	0
29	19	7	7788	3894	0
29	19	7	7788	5841	0
29	19	7	7788	7786	0
29	19	7	7788	7787	0
30	17	3	5472	1	0
30	17	3	5472	2	0
30	17	3	5472	4	0
30	17	3	5472	8	0
30	17	3	5472	16	0
30	17	3	5472	32	0
30	17	3	5472	64	0
30	17	3	5472	128	0
30	17	3	5472	256	0
30	17	3	5472	512	0
30	17	3	5472	1024	0
30	17	3	5472	2048	0
30	17	3	5472	1368	0
30	17	3	5472	2736	0
30	17	3	5472	4104	0
30	17	3	5472	5470	0
30	17	3	5472	5471	0
32	19	7	4482	1	0
32	19	7	4482	2	0
32	19	7	4482	4	0
32	19	7	4482	8	0
32	19	7	4482	16	0
32	19	7	4482	32	0
32	19	7	4482	64	0
32	19	7	4482	128	0
32	19	7	4482	256	0
32	19	7	4482	512	0
32	19	7	4482	1024	0
32	19	7	4482	2048	0
32	19	7	4482	1120	0
32	19	7	4482	2241	0
32	19	7	4482	3361	0
32	19	7	4482	4480	0
32	19	7	4482	4481	0
34	17	1	5472	1	0
34	17	1	5472	2	0
34	17	1	5472	4	0
34	17	1	5472	8	0
34	17	1	5472	16	0
34	17	1	5472	32	0
34	17	1	5472	64	0
34	17	1	5472	128	0
34	17	1	5472	256	0
34	17	1	5472	512	0
34	17	1	5472	1024	0
34	17	1	5472	2048	0
34	17	1	5472	1368	0
34	17	1	5472	2736	0
34	17	1	5472	4104	0
34	17	1	5472	5470	0
34	17	1	5472	5471	0
34	18	4	4608	1	0
34	18	4	4608	2	0
34	18	4	4608	4	0
34	18	4	4608	8	0
34	18	4	4608	16	0
34	18	4	4608	32	0
34	18	4	4608	64	0
34	18	4	4608	128	0
34	18	4	4608	256	0
34	18	4	4608	512	0
34	18	4	4608	1024	0
34	18	4	4608	2048	0
34	18	4	4608	1152	0
34	18	4	4608	2304	0
34	18	4	4608	3456	0
34	18	4	4608	4606	0
34	18	4	4608	4607	0
36	17	3	5472	1	0
36	17	3	5472	2	0
36	17	3	5472	4	0
36	17	3	5472	8	0
36	17	3	5472	16	0
36	17	3	5472	32	0
36	17	3	5472	64	0
36	17	3	5472	128	0
36	17	3	5472	256	0
36	17	3	5472	512	0
36	17	3	5472	1024	0
36	17	3	5472	2048	0
36	17	3	5472	1368	0
36	17	3	5472	2736	0
36	17	3	5472	4104	0
36	17	3	5472	5470	0
36	17	3	5472	5471	0
36	18	1	5336	1	0
36	18	1	5336	2	0
36	18	1	5336	4	0
36	18	1	5336	8	0
36	18	1	5336	16	0
36	18	1	5336	32	0
36	18	1	5336	64	0
36	18	1	5336	128	0
36	18	1	5336	256	0
36	18	1	5336	512	0
36	18	1	5336	1024	0
36	18	1	5336	2048	0
36	18	1	5336	1334	0
36	18	1	5336	2668	0
36	18	1	5336	4002	0
36	18	1	5336	5334	0
36	18	1	5336	5335	0
40	19	7	7788	1	0
40	19	7	7788	2	0
40	19	7	7788	4	0
40	19	7	7788	8	0
40	19	7	7788	16	0
40	19	7	7788	32	0
40	19	7	7788	64	0
40	19	7	7788	128	0
40	19	7	7788	256	0
40	19	7	7788	512	0
40	19	7	7788	1024	0
40	19	7	7788	2048	0
40	19	7	7788	1947	0
40	19	7	7788	3894	0
40	19	7	7788	5841	0
40	19	7	7788	7786	0
40	19	7	7788	7787	0
42	1	1	4672	1	0
42	1	1	4672	2	0
42	1	1	4672	4	0
42	1	1	4672	8	0
42	1	1	4672	16	0
42	1	1	4672	32	0
42	1	1	4672	64	0
42	1	1	4672	128	0
42	1	1	4672	256	0
42	1	1	4672	512	0
42	1	1	4672	1024	0
42	1	1	4672	2048	0
42	1	1	4672	1168	0
42	1	1	4672	2336	0
42	1	1	4672	3504	0
42	1	1	4672	4670	0
42	1	1	4672	4671	0
42	8	1	7392	1	0
42	8	1	7392	2	0
42	8	1	7392	4	0
42	8	1	7392	8	0
42	8	1	7392	16	0
42	8	1	7392	32	0
42	8	1	7392	64	0
42	8	1	7392	128	0
42	8	1	7392	256	0
42	8	1	7392	512	0
42	8	1	7392	1024	0
42	8	1	7392	2048	0
42	8	1	7392	1848	0
42	8	1	7392	3696	0
42	8	1	7392	5544	0
42	8	1	7392	7390	0
42	8	1	7392	7391	0
44	19	3	7788	1	0
44	19	3	7788	2	0
44	19	3	7788	4	0
44	19	3	7788	8	0
44	19	3	7788	16	0
44	19	3	7788	32	0
44	19	3	7788	64	0
44	19	3	7788	128	0
44	19	3	7788	256	0
44	19	3	7788	512	0
44	19	3	7788	1024	0
44	19	3	7788	2048	0
44	19	3	7788	1947	0
44	19	3	7788	3894	0
44	19	3	7788	5841	0
44	19	3	7788	7786	0
44	19	3	7788	7787	0
45	17	3	5472	1	0
45	17	3	5472	2	0
45	17	3	5472	4	0
45	17	3	5472	8	0
45	17	3	5472	16	0
45	17	3	5472	32	0
45	17	3	5472	64	0
45	17	3	5472	128	0
45	17	3	5472	256	0
45	17	3	5472	512	0
45	17	3	5472	1024	0
45	17	3	5472	2048	0
45	17	3	5472	1368	0
45	17	3	5472	2736	0
45	17	3	5472	4104	0
45	17	3	5472	5470	0
45	17	3	5472	5471	0
4	11	1	9424	1	0
4	11	1	9424	2	0
4	11	1	9424	4	0
4	11	1	9424	8	0
4	11	1	9424	16	0
4	11	1	9424	32	0
4	11	1	9424	64	0
4	11	1	9424	128	0
4	11	1	9424	256	0
4	11	1	9424	512	0
4	11	1	9424	1024	0
4	11	1	9424	2048	0
4	11	1	9424	4096	0
4	11	1	9424	2356	0
4	11	1	9424	4712	0
4	11	1	9424	7068	0
4	11	1	9424	9422	0
4	11	1	9424	9423	0
5	13	3	9424	1	0
5	13	3	9424	2	0
5	13	3	9424	4	0
5	13	3	9424	8	0
5	13	3	9424	16	0
5	13	3	9424	32	0
5	13	3	9424	64	0
5	13	3	9424	128	0
5	13	3	9424	256	0
5	13	3	9424	512	0
5	13	3	9424	1024	0
5	13	3	9424	2048	0
5	13	3	9424	4096	0
5	13	3	9424	2356	0
5	13	3	9424	4712	0
5	13	3	9424	7068	0
5	13	3	9424	9422	0
5	13	3	9424	9423	0
5	15	1	10836	1	0
5	15	1	10836	2	0
5	15	1	10836	4	0
5	15	1	10836	8	0
5	15	1	10836	16	0
5	15	1	10836	32	0
5	15	1	10836	64	0
5	15	1	10836	128	0
5	15	1	10836	256	0
5	15	1	10836	512	0
5	15	1	10836	1024	0
5	15	1	10836	2048	0
5	15	1	10836	4096	0
5	15	1	10836	2709	0
5	15	1	10836	5418	0
5	15	1	10836	8127	0
5	15	1	10836	10834	0
5	15	1	10836	10835	0
6	13	3	9424	1	0
6	13	3	9424	2	0
6	13	3	9424	4	0
6	13	3	9424	8	0
6	13	3	9424	16	0
6	13	3	9424	32	0
6	13	3	9424	64	0
6	13	3	9424	128	0
6	13	3	9424	256	0
6	13	3	9424	512	0
6	13	3	9424	1024	0
6	13	3	9424	2048	0
6	13	3	9424	4096	0
6	13	3	9424	2356	0
6	13	3	9424	4712	0
6	13	3	9424	7068	0
6	13	3	9424	9422	0
6	13	3	9424	9423	0
7	15	1	10836	1	0
7	15	1	10836	2	0
7	15	1	10836	4	0
7	15	1	10836	8	0
7	15	1	10836	16	0
7	15	1	10836	32	0
7	15	1	10836	64	0
7	15	1	10836	128	0
7	15	1	10836	256	0
7	15	1	10836	512	0
7	15	1	10836	1024	0
7	15	1	10836	2048	0
7	15	1	10836	4096	0
7	15	1	10836	2709	0
7	15	1	10836	5418	0
7	15	1	10836	8127	0
7	15	1	10836	10834	0
7	15	1	10836	10835	0
8	15	3	10836	1	0
8	15	3	10836	2	0
8	15	3	10836	4	0
8	15	3	10836	8	0
8	15	3	10836	16	0
8	15	3	10836	32	0
8	15	3	10836	64	0
8	15	3	10836	128	0
8	15	3	10836	256	0
8	15	3	10836	512	0
8	15	3	10836	1024	0
8	15	3	10836	2048	0
8	15	3	10836	4096	0
8	15	3	10836	2709	0
8	15	3	10836	5418	0
8	15	3	10836	8127	0
8	15	3	10836	10834	0
8	15	3	10836	10835	0
8	20	4	9922	1	0
8	20	4	9922	2	0
8	20	4	9922	4	0
8	20	4	9922	8	0
8	20	4	9922	16	0
8	20	4	9922	32	0
8	20	4	9922	64	0
8	20	4	9922	128	0
8	20	4	9922	256	0
8	20	4	9922	512	0
8	20	4	9922	1024	0
8	20	4	9922	2048	0
8	20	4	9922	4096	0
8	20	4	9922	2480	0
8	20	4	9922	4961	0
8	20	4	9922	7441	0
8	20	4	9922	9920	0
8	20	4	9922	9921	0
9	14	1	9424	1	0
9	14	1	9424	2	0
9	14	1	9424	4	0
9	14	1	9424	8	0
9	14	1	9424	16	0
9	14	1	9424	32	0
9	14	1	9424	64	0
9	14	1	9424	128	0
9	14	1	9424	256	0
9	14	1	9424	512	0
9	14	1	9424	1024	0
9	14	1	9424	2048	0
9	14	1	9424	4096	0
9	14	1	9424	2356	0
9	14	1	9424	4712	0
9	14	1	9424	7068	0
9	14	1	9424	9422	0
9	14	1	9424	9423	0
10	12	1	9424	1	0
10	12	1	9424	2	0
10	12	1	9424	4	0
10	12	1	9424	8	0
10	12	1	9424	16	0
10	12	1	9424	32	0
10	12	1	9424	64	0
10	12	1	9424	128	0
10	12	1	9424	256	0
10	12	1	9424	512	0
10	12	1	9424	1024	0
10	12	1	9424	2048	0
10	12	1	9424	4096	0
10	12	1	9424	2356	0
10	12	1	9424	4712	0
10	12	1	9424	7068	0
10	12	1	9424	9422	0
10	12	1	9424	9423	0
10	16	1	14016	1	0
10	16	1	14016	2	0
10	16	1	14016	4	0
10	16	1	14016	8	0
10	16	1	14016	16	0
10	16	1	14016	32	0
10	16	1	14016	64	0
10	16	1	14016	128	0
10	16	1	14016	256	0
10	16	1	14016	512	0
10	16	1	14016	1024	0
10	16	1	14016	2048	0
10	16	1	14016	4096	0
10	16	1	14016	3504	0
10	16	1	14016	7008	0
10	16	1	14016	10512	0
10	16	1	14016	14014	0
10	16	1	14016	14015	0
11	12	1	9424	1	0
11	12	1	9424	2	0
11	12	1	9424	4	0
11	12	1	9424	8	0
11	12	1	9424	16	0
11	12	1	9424	32	0
11	12	1	9424	64	0
11	12	1	9424	128	0
11	12	1	9424	256	0
11	12	1	9424	512	0
11	12	1	9424	1024	0
11	12	1	9424	2048	0
11	12	1	9424	4096	0
11	12	1	9424	2356	0
11	12	1	9424	4712	0
11	12	1	9424	7068	0
11	12	1	9424	9422	0
11	12	1	9424	9423	0
12	8	1	9424	1	0
12	8	1	9424	2	0
12	8	1	9424	4	0
12	8	1	9424	8	0
12	8	1	9424	16	0
12	8	1	9424	32	0
12	8	1	9424	64	0
12	8	1	9424	128	0
12	8	1	9424	256	0
12	8	1	9424	512	0
12	8	1	9424	1024	0
12	8	1	9424	2048	0
12	8	1	9424	4096	0
12	8	1	9424	2356	0
12	8	1	9424	4712	0
12	8	1	9424	7068	0
12	8	1	9424	9422	0
12	8	1	9424	9423	0
14	12	1	9424	1	0
14	12	1	9424	2	0
14	12	1	9424	4	0
14	12	1	9424	8	0
14	12	1	9424	16	0
14	12	1	9424	32	0
14	12	1	9424	64	0
14	12	1	9424	128	0
14	12	1	9424	256	0
14	12	1	9424	512	0
14	12	1	9424	1024	0
14	12	1	9424	2048	0
14	12	1	9424	4096	0
14	12	1	9424	2356	0
14	12	1	9424	4712	0
14	12	1	9424	7068	0
14	12	1	9424	9422	0
14	12	1	9424	9423	0
14	15	3	14016	1	0
14	15	3	14016	2	0
14	15	3	14016	4	0
14	15	3	14016	8	0
14	15	3	14016	16	0
14	15	3	14016	32	0
14	15	3	14016	64	0
14	15	3	14016	128	0
14	15	3	14016	256	0
14	15	3	14016	512	0
14	15	3	14016	1024	0
14	15	3	14016	2048	0
14	15	3	14016	4096	0
14	15	3	14016	3504	0
14	15	3	14016	7008	0
14	15	3	14016	10512	0
14	15	3	14016	14014	0
14	15	3	14016	14015	0
14	16	3	14016	1	0
14	16	3	14016	2	0
14	16	3	14016	4	0
14	16	3	14016	8	0
14	16	3	14016	16	0
14	16	3	14016	32	0
14	16	3	14016	64	0
14	16	3	14016	128	0
14	16	3	14016	256	0
14	16	3	14016	512	0
14	16	3	14016	1024	0
14	16	3	14016	2048	0
14	16	3	14016	4096	0
14	16	3	14016	3504	0
14	16	3	14016	7008	0
14	16	3	14016	10512	0
14	16	3	14016	14014	0
14	16	3	14016	14015	0
15	12	1	9424	1	0
15	12	1	9424	2	0
15	12	1	9424	4	0
15	12	1	9424	8	0
15	12	1	9424	16	0
15	12	1	9424	32	0
15	12	1	9424	64	0
15	12	1	9424	128	0
15	12	1	9424	256	0
15	12	1	9424	512	0
15	12	1	9424	1024	0
15	12	1	9424	2048	0
15	12	1	9424	4096	0
15	12	1	9424	2356	0
15	12	1	9424	4712	0
15	12	1	9424	7068	0
15	12	1	9424	9422	0
15	12	1	9424	9423	0
16	10	1	9424	1	0
16	10	1	9424	2	0
16	10	1	9424	4	0
16	10	1	9424	8	0
16	10	1	9424	16	0
16	10	1	9424	32	0
16	10	1	9424	64	0
16	10	1	9424	128	0
16	10	1	9424	256	0
16	10	1	9424	512	0
16	10	1	9424	1024	0
16	10	1	9424	2048	0
16	10	1	9424	4096	0
16	10	1	9424	2356	0
16	10	1	9424	4712	0
16	10	1	9424	7068	0
16	10	1	9424	9422	0
16	10	1	9424	9423	0
16	11	1	9424	1	0
16	11	1	9424	2	0
16	11	1	9424	4	0
16	11	1	9424	8	0
16	11	1	9424	16	0
16	11	1	9424	32	0
16	11	1	9424	64	0
16	11	1	9424	128	0
16	11	1	9424	256	0
16	11	1	9424	512	0
16	11	1	9424	1024	0
16	11	1	9424	2048	0
16	11	1	9424	4096	0
16	11	1	9424	2356	0
16	11	1	9424	4712	0
16	11	1	9424	7068	0
16	11	1	9424	9422	0
16	11	1	9424	9423	0
16	12	1	9424	1	0
16	12	1	9424	2	0
16	12	1	9424	4	0
16	12	1	9424	8	0
16	12	1	9424	16	0
16	12	1	9424	32	0
16	12	1	9424	64	0
16	12	1	9424	128	0
16	12	1	9424	256	0
16	12	1	9424	512	0
16	12	1	9424	1024	0
16	12	1	9424	2048	0
16	12	1	9424	4096	0
16	12	1	9424	2356	0
16	12	1	9424	4712	0
16	12	1	9424	7068	0
16	12	1	9424	9422	0
16	12	1	9424	9423	0
17	9	1	9424	1	0
17	9	1	9424	2	0
17	9	1	9424	4	0
17	9	1	9424	8	0
17	9	1	9424	16	0
17	9	1	9424	32	0
17	9	1	9424	64	0
17	9	1	9424	128	0
17	9	1	9424	256	0
17	9	1	9424	512	0
17	9	1	9424	1024	0
17	9	1	9424	2048	0
17	9	1	9424	4096	0
17	9	1	9424	2356	0
17	9	1	9424	4712	0
17	9	1	9424	7068	0
17	9	1	9424	9422	0
17	9	1	9424	9423	0
18	13	1	9424	1	0
18	13	1	9424	2	0
18	13	1	9424	4	0
18	13	1	9424	8	0
18	13	1	9424	16	0
18	13	1	9424	32	0
18	13	1	9424	64	0
18	13	1	9424	128	0
18	13	1	9424	256	0
18	13	1	9424	512	0
18	13	1	9424	1024	0
18	13	1	9424	2048	0
18	13	1	9424	4096	0
18	13	1	9424	2356	0
18	13	1	9424	4712	0
18	13	1	9424	7068	0
18	13	1	9424	9422	0
18	13	1	9424	9423	0
19	10	1	9424	1	0
19	10	1	9424	2	0
19	10	1	9424	4	0
19	10	1	9424	8	0
19	10	1	9424	16	0
19	10	1	9424	32	0
19	10	1	9424	64	0
19	10	1	9424	128	0
19	10	1	9424	256	0
19	10	1	9424	512	0
19	10	1	9424	1024	0
19	10	1	9424	2048	0
19	10	1	9424	4096	0
19	10	1	9424	2356	0
19	10	1	9424	4712	0
19	10	1	9424	7068	0
19	10	1	9424	9422	0
19	10	1	9424	9423	0
19	12	1	9424	1	0
19	12	1	9424	2	0
19	12	1	9424	4	0
19	12	1	9424	8	0
19	12	1	9424	16	0
19	12	1	9424	32	0
19	12	1	9424	64	0
19	12	1	9424	128	0
19	12	1	9424	256	0
19	12	1	9424	512	0
19	12	1	9424	1024	0
19	12	1	9424	2048	0
19	12	1	9424	4096	0
19	12	1	9424	2356	0
19	12	1	9424	4712	0
19	12	1	9424	7068	0
19	12	1	9424	9422	0
19	12	1	9424	9423	0
20	8	1	9424	1	0
20	8	1	9424	2	0
20	8	1	9424	4	0
20	8	1	9424	8	0
20	8	1	9424	16	0
20	8	1	9424	32	0
20	8	1	9424	64	0
20	8	1	9424	128	0
20	8	1	9424	256	0
20	8	1	9424	512	0
20	8	1	9424	1024	0
20	8	1	9424	2048	0
20	8	1	9424	4096	0
20	8	1	9424	2356	0
20	8	1	9424	4712	0
20	8	1	9424	7068	0
20	8	1	9424	9422	0
20	8	1	9424	9423	0
20	10	1	9424	1	0
20	10	1	9424	2	0
20	10	1	9424	4	0
20	10	1	9424	8	0
20	10	1	9424	16	0
20	10	1	9424	32	0
20	10	1	9424	64	0
20	10	1	9424	128	0
20	10	1	9424	256	0
20	10	1	9424	512	0
20	10	1	9424	1024	0
20	10	1	9424	2048	0
20	10	1	9424	4096	0
20	10	1	9424	2356	0
20	10	1	9424	4712	0
20	10	1	9424	7068	0
20	10	1	9424	9422	0
20	10	1	9424	9423	0
21	18	1	10836	1	0
21	18	1	10836	2	0
21	18	1	10836	4	0
21	18	1	10836	8	0
21	18	1	10836	16	0
21	18	1	10836	32	0
21	18	1	10836	64	0
21	18	1	10836	128	0
21	18	1	10836	256	0
21	18	1	10836	512	0
21	18	1	10836	1024	0
21	18	1	10836	2048	0
21	18	1	10836	4096	0
21	18	1	10836	2709	0
21	18	1	10836	5418	0
21	18	1	10836	8127	0
21	18	1	10836	10834	0
21	18	1	10836	10835	0
23	10	1	9424	1	0
23	10	1	9424	2	0
23	10	1	9424	4	0
23	10	1	9424	8	0
23	10	1	9424	16	0
23	10	1	9424	32	0
23	10	1	9424	64	0
23	10	1	9424	128	0
23	10	1	9424	256	0
23	10	1	9424	512	0
23	10	1	9424	1024	0
23	10	1	9424	2048	0
23	10	1	9424	4096	0
23	10	1	9424	2356	0
23	10	1	9424	4712	0
23	10	1	9424	7068	0
23	10	1	9424	9422	0
23	10	1	9424	9423	0
24	10	1	9424	1	0
24	10	1	9424	2	0
24	10	1	9424	4	0
24	10	1	9424	8	0
24	10	1	9424	16	0
24	10	1	9424	32	0
24	10	1	9424	64	0
24	10	1	9424	128	0
24	10	1	9424	256	0
24	10	1	9424	512	0
24	10	1	9424	1024	0
24	10	1	9424	2048	0
24	10	1	9424	4096	0
24	10	1	9424	2356	0
24	10	1	9424	4712	0
24	10	1	9424	7068	0
24	10	1	9424	9422	0
24	10	1	9424	9423	0
24	12	1	9424	1	0
24	12	1	9424	2	0
24	12	1	9424	4	0
24	12	1	9424	8	0
24	12	1	9424	16	0
24	12	1	9424	32	0
24	12	1	9424	64	0
24	12	1	9424	128	0
24	12	1	9424	256	0
24	12	1	9424	512	0
24	12	1	9424	1024	0
24	12	1	9424	2048	0
24	12	1	9424	4096	0
24	12	1	9424	2356	0
24	12	1	9424	4712	0
24	12	1	9424	7068	0
24	12	1	9424	9422	0
24	12	1	9424	9423	0
26	9	1	9424	1	0
26	9	1	9424	2	0
26	9	1	9424	4	0
26	9	1	9424	8	0
26	9	1	9424	16	0
26	9	1	9424	32	0
26	9	1	9424	64	0
26	9	1	9424	128	0
26	9	1	9424	256	0
26	9	1	9424	512	0
26	9	1	9424	1024	0
26	9	1	9424	2048	0
26	9	1	9424	4096	0
26	9	1	9424	2356	0
26	9	1	9424	4712	0
26	9	1	9424	7068	0
26	9	1	9424	9422	0
26	9	1	9424	9423	0
4	18	6	18448	1	0
4	18	6	18448	2	0
4	18	6	18448	4	0
4	18	6	18448	8	0
4	18	6	18448	16	0
4	18	6	18448	32	0
4	18	6	18448	64	0
4	18	6	18448	128	0
4	18	6	18448	256	0
4	18	6	18448	512	0
4	18	6	18448	1024	0
4	18	6	18448	2048	0
4	18	6	18448	4096	0
4	18	6	18448	8192	0
4	18	6	18448	4612	0
4	18	6	18448	9224	0
4	18	6	18448	13836	0
4	18	6	18448	18446	0
4	18	6	18448	18447	0
5	14	1	27008	1	0
5	14	1	27008	2	0
5	14	1	27008	4	0
5	14	1	27008	8	0
5	14	1	27008	16	0
5	14	1	27008	32	0
5	14	1	27008	64	0
5	14	1	27008	128	0
5	14	1	27008	256	0
5	14	1	27008	512	0
5	14	1	27008	1024	0
5	14	1	27008	2048	0
5	14	1	27008	4096	0
5	14	1	27008	8192	0
5	14	1	27008	6752	0
5	14	1	27008	13504	0
5	14	1	27008	20256	0
5	14	1	27008	27006	0
5	14	1	27008	27007	0
5	14	3	27008	1	0
5	14	3	27008	2	0
5	14	3	27008	4	0
5	14	3	27008	8	0
5	14	3	27008	16	0
5	14	3	27008	32	0
5	14	3	27008	64	0
5	14	3	27008	128	0
5	14	3	27008	256	0
5	14	3	27008	512	0
5	14	3	27008	1024	0
5	14	3	27008	2048	0
5	14	3	27008	4096	0
5	14	3	27008	8192	0
5	14	3	27008	6752	0
5	14	3	27008	13504	0
5	14	3	27008	20256	0
5	14	3	27008	27006	0
5	14	3	27008	27007	0
5	19	6	16722	1	0
5	19	6	16722	2	0
5	19	6	16722	4	0
5	19	6	16722	8	0
5	19	6	16722	16	0
5	19	6	16722	32	0
5	19	6	16722	64	0
5	19	6	16722	128	0
5	19	6	16722	256	0
5	19	6	16722	512	0
5	19	6	16722	1024	0
5	19	6	16722	2048	0
5	19	6	16722	4096	0
5	19	6	16722	8192	0
5	19	6	16722	4180	0
5	19	6	16722	8361	0
5	19	6	16722	12541	0
5	19	6	16722	16720	0
5	19	6	16722	16721	0
6	15	4	20256	1	0
6	15	4	20256	2	0
6	15	4	20256	4	0
6	15	4	20256	8	0
6	15	4	20256	16	0
6	15	4	20256	32	0
6	15	4	20256	64	0
6	15	4	20256	128	0
6	15	4	20256	256	0
6	15	4	20256	512	0
6	15	4	20256	1024	0
6	15	4	20256	2048	0
6	15	4	20256	4096	0
6	15	4	20256	8192	0
6	15	4	20256	5064	0
6	15	4	20256	10128	0
6	15	4	20256	15192	0
6	15	4	20256	20254	0
6	15	4	20256	20255	0
6	17	1	27008	1	0
6	17	1	27008	2	0
6	17	1	27008	4	0
6	17	1	27008	8	0
6	17	1	27008	16	0
6	17	1	27008	32	0
6	17	1	27008	64	0
6	17	1	27008	128	0
6	17	1	27008	256	0
6	17	1	27008	512	0
6	17	1	27008	1024	0
6	17	1	27008	2048	0
6	17	1	27008	4096	0
6	17	1	27008	8192	0
6	17	1	27008	6752	0
6	17	1	27008	13504	0
6	17	1	27008	20256	0
6	17	1	27008	27006	0
6	17	1	27008	27007	0
6	17	3	27008	1	0
6	17	3	27008	2	0
6	17	3	27008	4	0
6	17	3	27008	8	0
6	17	3	27008	16	0
6	17	3	27008	32	0
6	17	3	27008	64	0
6	17	3	27008	128	0
6	17	3	27008	256	0
6	17	3	27008	512	0
6	17	3	27008	1024	0
6	17	3	27008	2048	0
6	17	3	27008	4096	0
6	17	3	27008	8192	0
6	17	3	27008	6752	0
6	17	3	27008	13504	0
6	17	3	27008	20256	0
6	17	3	27008	27006	0
6	17	3	27008	27007	0
7	8	1	27008	1	0
7	8	1	27008	2	0
7	8	1	27008	4	0
7	8	1	27008	8	0
7	8	1	27008	16	0
7	8	1	27008	32	0
7	8	1	27008	64	0
7	8	1	27008	128	0
7	8	1	27008	256	0
7	8	1	27008	512	0
7	8	1	27008	1024	0
7	8	1	27008	2048	0
7	8	1	27008	4096	0
7	8	1	27008	8192	0
7	8	1	27008	6752	0
7	8	1	27008	13504	0
7	8	1	27008	20256	0
7	8	1	27008	27006	0
7	8	1	27008	27007	0
7	9	1	27008	1	0
7	9	1	27008	2	0
7	9	1	27008	4	0
7	9	1	27008	8	0
7	9	1	27008	16	0
7	9	1	27008	32	0
7	9	1	27008	64	0
7	9	1	27008	128	0
7	9	1	27008	256	0
7	9	1	27008	512	0
7	9	1	27008	1024	0
7	9	1	27008	2048	0
7	9	1	27008	4096	0
7	9	1	27008	8192	0
7	9	1	27008	6752	0
7	9	1	27008	13504	0
7	9	1	27008	20256	0
7	9	1	27008	27006	0
7	9	1	27008	27007	0
9	15	2	18448	1	0
9	15	2	18448	2	0
9	15	2	18448	4	0
9	15	2	18448	8	0
9	15	2	18448	16	0
9	15	2	18448	32	0
9	15	2	18448	64	0
9	15	2	18448	128	0
9	15	2	18448	256	0
9	15	2	18448	512	0
9	15	2	18448	1024	0
9	15	2	18448	2048	0
9	15	2	18448	4096	0
9	15	2	18448	8192	0
9	15	2	18448	4612	0
9	15	2	18448	9224	0
9	15	2	18448	13836	0
9	15	2	18448	18446	0
9	15	2	18448	18447	0
9	16	2	18448	1	0
9	16	2	18448	2	0
9	16	2	18448	4	0
9	16	2	18448	8	0
9	16	2	18448	16	0
9	16	2	18448	32	0
9	16	2	18448	64	0
9	16	2	18448	128	0
9	16	2	18448	256	0
9	16	2	18448	512	0
9	16	2	18448	1024	0
9	16	2	18448	2048	0
9	16	2	18448	4096	0
9	16	2	18448	8192	0
9	16	2	18448	4612	0
9	16	2	18448	9224	0
9	16	2	18448	13836	0
9	16	2	18448	18446	0
9	16	2	18448	18447	0
9	17	1	27008	1	0
9	17	1	27008	2	0
9	17	1	27008	4	0
9	17	1	27008	8	0
9	17	1	27008	16	0
9	17	1	27008	32	0
9	17	1	27008	64	0
9	17	1	27008	128	0
9	17	1	27008	256	0
9	17	1	27008	512	0
9	17	1	27008	1024	0
9	17	1	27008	2048	0
9	17	1	27008	4096	0
9	17	1	27008	8192	0
9	17	1	27008	6752	0
9	17	1	27008	13504	0
9	17	1	27008	20256	0
9	17	1	27008	27006	0
9	17	1	27008	27007	0
15	8	1	27008	1	0
15	8	1	27008	2	0
15	8	1	27008	4	0
15	8	1	27008	8	0
15	8	1	27008	16	0
15	8	1	27008	32	0
15	8	1	27008	64	0
15	8	1	27008	128	0
15	8	1	27008	256	0
15	8	1	27008	512	0
15	8	1	27008	1024	0
15	8	1	27008	2048	0
15	8	1	27008	4096	0
15	8	1	27008	8192	0
15	8	1	27008	6752	0
15	8	1	27008	13504	0
15	8	1	27008	20256	0
15	8	1	27008	27006	0
15	8	1	27008	27007	0
15	10	1	27008	1	0
15	10	1	27008	2	0
15	10	1	27008	4	0
15	10	1	27008	8	0
15	10	1	27008	16	0
15	10	1	27008	32	0
15	10	1	27008	64	0
15	10	1	27008	128	0
15	10	1	27008	256	0
15	10	1	27008	512	0
15	10	1	27008	1024	0
15	10	1	27008	2048	0
15	10	1	27008	4096	0
15	10	1	27008	8192	0
15	10	1	27008	6752	0
15	10	1	27008	13504	0
15	10	1	27008	20256	0
15	10	1	27008	27006	0
15	10	1	27008	27007	0
15	11	1	27008	1	0
15	11	1	27008	2	0
15	11	1	27008	4	0
15	11	1	27008	8	0
15	11	1	27008	16	0
15	11	1	27008	32	0
15	11	1	27008	64	0
15	11	1	27008	128	0
15	11	1	27008	256	0
15	11	1	27008	512	0
15	11	1	27008	1024	0
15	11	1	27008	2048	0
15	11	1	27008	4096	0
15	11	1	27008	8192	0
15	11	1	27008	6752	0
15	11	1	27008	13504	0
15	11	1	27008	20256	0
15	11	1	27008	27006	0
15	11	1	27008	27007	0
16	8	1	27008	1	0
16	8	1	27008	2	0
16	8	1	27008	4	0
16	8	1	27008	8	0
16	8	1	27008	16	0
16	8	1	27008	32	0
16	8	1	27008	64	0
16	8	1	27008	128	0
16	8	1	27008	256	0
16	8	1	27008	512	0
16	8	1	27008	1024	0
16	8	1	27008	2048	0
16	8	1	27008	4096	0
16	8	1	27008	8192	0
16	8	1	27008	6752	0
16	8	1	27008	13504	0
16	8	1	27008	20256	0
16	8	1	27008	27006	0
16	8	1	27008	27007	0
16	9	1	27008	1	0
16	9	1	27008	2	0
16	9	1	27008	4	0
16	9	1	27008	8	0
16	9	1	27008	16	0
16	9	1	27008	32	0
16	9	1	27008	64	0
16	9	1	27008	128	0
16	9	1	27008	256	0
16	9	1	27008	512	0
16	9	1	27008	1024	0
16	9	1	27008	2048	0
16	9	1	27008	4096	0
16	9	1	27008	8192	0
16	9	1	27008	6752	0
16	9	1	27008	13504	0
16	9	1	27008	20256	0
16	9	1	27008	27006	0
16	9	1	27008	27007	0
16	18	1	20256	1	0
16	18	1	20256	2	0
16	18	1	20256	4	0
16	18	1	20256	8	0
16	18	1	20256	16	0
16	18	1	20256	32	0
16	18	1	20256	64	0
16	18	1	20256	128	0
16	18	1	20256	256	0
16	18	1	20256	512	0
16	18	1	20256	1024	0
16	18	1	20256	2048	0
16	18	1	20256	4096	0
16	18	1	20256	8192	0
16	18	1	20256	5064	0
16	18	1	20256	10128	0
16	18	1	20256	15192	0
16	18	1	20256	20254	0
16	18	1	20256	20255	0
16	18	5	20256	1	0
16	18	5	20256	2	0
16	18	5	20256	4	0
16	18	5	20256	8	0
16	18	5	20256	16	0
16	18	5	20256	32	0
16	18	5	20256	64	0
16	18	5	20256	128	0
16	18	5	20256	256	0
16	18	5	20256	512	0
16	18	5	20256	1024	0
16	18	5	20256	2048	0
16	18	5	20256	4096	0
16	18	5	20256	8192	0
16	18	5	20256	5064	0
16	18	5	20256	10128	0
16	18	5	20256	15192	0
16	18	5	20256	20254	0
16	18	5	20256	20255	0
17	10	1	27008	1	0
17	10	1	27008	2	0
17	10	1	27008	4	0
17	10	1	27008	8	0
17	10	1	27008	16	0
17	10	1	27008	32	0
17	10	1	27008	64	0
17	10	1	27008	128	0
17	10	1	27008	256	0
17	10	1	27008	512	0
17	10	1	27008	1024	0
17	10	1	27008	2048	0
17	10	1	27008	4096	0
17	10	1	27008	8192	0
17	10	1	27008	6752	0
17	10	1	27008	13504	0
17	10	1	27008	20256	0
17	10	1	27008	27006	0
17	10	1	27008	27007	0
17	12	1	27008	1	0
17	12	1	27008	2	0
17	12	1	27008	4	0
17	12	1	27008	8	0
17	12	1	27008	16	0
17	12	1	27008	32	0
17	12	1	27008	64	0
17	12	1	27008	128	0
17	12	1	27008	256	0
17	12	1	27008	512	0
17	12	1	27008	1024	0
17	12	1	27008	2048	0
17	12	1	27008	4096	0
17	12	1	27008	8192	0
17	12	1	27008	6752	0
17	12	1	27008	13504	0
17	12	1	27008	20256	0
17	12	1	27008	27006	0
17	12	1	27008	27007	0
18	8	1	27008	1	0
18	8	1	27008	2	0
18	8	1	27008	4	0
18	8	1	27008	8	0
18	8	1	27008	16	0
18	8	1	27008	32	0
18	8	1	27008	64	0
18	8	1	27008	128	0
18	8	1	27008	256	0
18	8	1	27008	512	0
18	8	1	27008	1024	0
18	8	1	27008	2048	0
18	8	1	27008	4096	0
18	8	1	27008	8192	0
18	8	1	27008	6752	0
18	8	1	27008	13504	0
18	8	1	27008	20256	0
18	8	1	27008	27006	0
18	8	1	27008	27007	0
18	11	1	27008	1	0
18	11	1	27008	2	0
18	11	1	27008	4	0
18	11	1	27008	8	0
18	11	1	27008	16	0
18	11	1	27008	32	0
18	11	1	27008	64	0
18	11	1	27008	128	0
18	11	1	27008	256	0
18	11	1	27008	512	0
18	11	1	27008	1024	0
18	11	1	27008	2048	0
18	11	1	27008	4096	0
18	11	1	27008	8192	0
18	11	1	27008	6752	0
18	11	1	27008	13504	0
18	11	1	27008	20256	0
18	11	1	27008	27006	0
18	11	1	27008	27007	0
19	11	1	27008	1	0
19	11	1	27008	2	0
19	11	1	27008	4	0
19	11	1	27008	8	0
19	11	1	27008	16	0
19	11	1	27008	32	0
19	11	1	27008	64	0
19	11	1	27008	128	0
19	11	1	27008	256	0
19	11	1	27008	512	0
19	11	1	27008	1024	0
19	11	1	27008	2048	0
19	11	1	27008	4096	0
19	11	1	27008	8192	0
19	11	1	27008	6752	0
19	11	1	27008	13504	0
19	11	1	27008	20256	0
19	11	1	27008	27006	0
19	11	1	27008	27007	0
19	17	1	27008	1	0
19	17	1	27008	2	0
19	17	1	27008	4	0
19	17	1	27008	8	0
19	17	1	27008	16	0
19	17	1	27008	32	0
19	17	1	27008	64	0
19	17	1	27008	128	0
19	17	1	27008	256	0
19	17	1	27008	512	0
19	17	1	27008	1024	0
19	17	1	27008	2048	0
19	17	1	27008	4096	0
19	17	1	27008	8192	0
19	17	1	27008	6752	0
19	17	1	27008	13504	0
19	17	1	27008	20256	0
19	17	1	27008	27006	0
19	17	1	27008	27007	0
20	9	1	27008	1	0
20	9	1	27008	2	0
20	9	1	27008	4	0
20	9	1	27008	8	0
20	9	1	27008	16	0
20	9	1	27008	32	0
20	9	1	27008	64	0
20	9	1	27008	128	0
20	9	1	27008	256	0
20	9	1	27008	512	0
20	9	1	27008	1024	0
20	9	1	27008	2048	0
20	9	1	27008	4096	0
20	9	1	27008	8192	0
20	9	1	27008	6752	0
20	9	1	27008	13504	0
20	9	1	27008	20256	0
20	9	1	27008	27006	0
20	9	1	27008	27007	0
20	11	1	27008	1	0
20	11	1	27008	2	0
20	11	1	27008	4	0
20	11	1	27008	8	0
20	11	1	27008	16	0
20	11	1	27008	32	0
20	11	1	27008	64	0
20	11	1	27008	128	0
20	11	1	27008	256	0
20	11	1	27008	512	0
20	11	1	27008	1024	0
20	11	1	27008	2048	0
20	11	1	27008	4096	0
20	11	1	27008	8192	0
20	11	1	27008	6752	0
20	11	1	27008	13504	0
20	11	1	27008	20256	0
20	11	1	27008	27006	0
20	11	1	27008	27007	0
21	8	1	27008	1	0
21	8	1	27008	2	0
21	8	1	27008	4	0
21	8	1	27008	8	0
21	8	1	27008	16	0
21	8	1	27008	32	0
21	8	1	27008	64	0
21	8	1	27008	128	0
21	8	1	27008	256	0
21	8	1	27008	512	0
21	8	1	27008	1024	0
21	8	1	27008	2048	0
21	8	1	27008	4096	0
21	8	1	27008	8192	0
21	8	1	27008	6752	0
21	8	1	27008	13504	0
21	8	1	27008	20256	0
21	8	1	27008	27006	0
21	8	1	27008	27007	0
21	10	1	27008	1	0
21	10	1	27008	2	0
21	10	1	27008	4	0
21	10	1	27008	8	0
21	10	1	27008	16	0
21	10	1	27008	32	0
21	10	1	27008	64	0
21	10	1	27008	128	0
21	10	1	27008	256	0
21	10	1	27008	512	0
21	10	1	27008	1024	0
21	10	1	27008	2048	0
21	10	1	27008	4096	0
21	10	1	27008	8192	0
21	10	1	27008	6752	0
21	10	1	27008	13504	0
21	10	1	27008	20256	0
21	10	1	27008	27006	0
21	10	1	27008	27007	0
22	9	1	27008	1	0
22	9	1	27008	2	0
22	9	1	27008	4	0
22	9	1	27008	8	0
22	9	1	27008	16	0
22	9	1	27008	32	0
22	9	1	27008	64	0
22	9	1	27008	128	0
22	9	1	27008	256	0
22	9	1	27008	512	0
22	9	1	27008	1024	0
22	9	1	27008	2048	0
22	9	1	27008	4096	0
22	9	1	27008	8192	0
22	9	1	27008	6752	0
22	9	1	27008	13504	0
22	9	1	27008	20256	0
22	9	1	27008	27006	0
22	9	1	27008	27007	0
4	15	0	58728	1	0
4	15	0	58728	2	0
4	15	0	58728	4	0
4	15	0	58728	8	0
4	15	0	58728	16	0
4	15	0	58728	32	0
4	15	0	58728	64	0
4	15	0	58728	128	0
4	15	0	58728	256	0
4	15	0	58728	512	0
4	15	0	58728	1024	0
4	15	0	58728	2048	0
4	15	0	58728	4096	0
4	15	0	58728	8192	0
4	15	0	58728	16384	0
4	15	0	58728	14682	0
4	15	0	58728	29364	0
4	15	0	58728	44046	0
4	15	0	58728	58726	0
4	15	0	58728	58727	0
4	15	1	58728	1	0
4	15	1	58728	2	0
4	15	1	58728	4	0
4	15	1	58728	8	0
4	15	1	58728	16	0
4	15	1	58728	32	0
4	15	1	58728	64	0
4	15	1	58728	128	0
4	15	1	58728	256	0
4	15	1	58728	512	0
4	15	1	58728	1024	0
4	15	1	58728	2048	0
4	15	1	58728	4096	0
4	15	1	58728	8192	0
4	15	1	58728	16384	0
4	15	1	58728	14682	0
4	15	1	58728	29364	0
4	15	1	58728	44046	0
4	15	1	58728	58726	0
4	15	1	58728	58727	0
4	18	3	58728	1	0
4	18	3	58728	2	0
4	18	3	58728	4	0
4	18	3	58728	8	0
4	18	3	58728	16	0
4	18	3	58728	32	0
4	18	3	58728	64	0
4	18	3	58728	128	0
4	18	3	58728	256	0
4	18	3	58728	512	0
4	18	3	58728	1024	0
4	18	3	58728	2048	0
4	18	3	58728	4096	0
4	18	3	58728	8192	0
4	18	3	58728	16384	0
4	18	3	58728	14682	0
4	18	3	58728	29364	0
4	18	3	58728	44046	0
4	18	3	58728	58726	0
4	18	3	58728	58727	0
4	19	4	62232	1	0
4	19	4	62232	2	0
4	19	4	62232	4	0
4	19	4	62232	8	0
4	19	4	62232	16	0
4	19	4	62232	32	0
4	19	4	62232	64	0
4	19	4	62232	128	0
4	19	4	62232	256	0
4	19	4	62232	512	0
4	19	4	62232	1024	0
4	19	4	62232	2048	0
4	19	4	62232	4096	0
4	19	4	62232	8192	0
4	19	4	62232	16384	0
4	19	4	62232	15558	0
4	19	4	62232	31116	0
4	19	4	62232	46674	0
4	19	4	62232	62230	0
4	19	4	62232	62231	0
5	18	1	58728	1	0
5	18	1	58728	2	0
5	18	1	58728	4	0
5	18	1	58728	8	0
5	18	1	58728	16	0
5	18	1	58728	32	0
5	18	1	58728	64	0
5	18	1	58728	128	0
5	18	1	58728	256	0
5	18	1	58728	512	0
5	18	1	58728	1024	0
5	18	1	58728	2048	0
5	18	1	58728	4096	0
5	18	1	58728	8192	0
5	18	1	58728	16384	0
5	18	1	58728	14682	0
5	18	1	58728	29364	0
5	18	1	58728	44046	0
5	18	1	58728	58726	0
5	18	1	58728	58727	0
6	15	3	58728	1	0
6	15	3	58728	2	0
6	15	3	58728	4	0
6	15	3	58728	8	0
6	15	3	58728	16	0
6	15	3	58728	32	0
6	15	3	58728	64	0
6	15	3	58728	128	0
6	15	3	58728	256	0
6	15	3	58728	512	0
6	15	3	58728	1024	0
6	15	3	58728	2048	0
6	15	3	58728	4096	0
6	15	3	58728	8192	0
6	15	3	58728	16384	0
6	15	3	58728	14682	0
6	15	3	58728	29364	0
6	15	3	58728	44046	0
6	15	3	58728	58726	0
6	15	3	58728	58727	0
7	19	3	62232	1	0
7	19	3	62232	2	0
7	19	3	62232	4	0
7	19	3	62232	8	0
7	19	3	62232	16	0
7	19	3	62232	32	0
7	19	3	62232	64	0
7	19	3	62232	128	0
7	19	3	62232	256	0
7	19	3	62232	512	0
7	19	3	62232	1024	0
7	19	3	62232	2048	0
7	19	3	62232	4096	0
7	19	3	62232	8192	0
7	19	3	62232	16384	0
7	19	3	62232	15558	0
7	19	3	62232	31116	0
7	19	3	62232	46674	0
7	19	3	62232	62230	0
7	19	3	62232	62231	0
8	13	0	47008	1	0
8	13	0	47008	2	0
8	13	0	47008	4	0
8	13	0	47008	8	0
8	13	0	47008	16	0
8	13	0	47008	32	0
8	13	0	47008	64	0
8	13	0	47008	128	0
8	13	0	47008	256	0
8	13	0	47008	512	0
8	13	0	47008	1024	0
8	13	0	47008	2048	0
8	13	0	47008	4096	0
8	13	0	47008	8192	0
8	13	0	47008	16384	0
8	13	0	47008	11752	0
8	13	0	47008	23504	0
8	13	0	47008	35256	0
8	13	0	47008	47006	0
8	13	0	47008	47007	0
8	13	1	47008	1	0
8	13	1	47008	2	0
8	13	1	47008	4	0
8	13	1	47008	8	0
8	13	1	47008	16	0
8	13	1	47008	32	0
8	13	1	47008	64	0
8	13	1	47008	128	0
8	13	1	47008	256	0
8	13	1	47008	512	0
8	13	1	47008	1024	0
8	13	1	47008	2048	0
8	13	1	47008	4096	0
8	13	1	47008	8192	0
8	13	1	47008	16384	0
8	13	1	47008	11752	0
8	13	1	47008	23504	0
8	13	1	47008	35256	0
8	13	1	47008	47006	0
8	13	1	47008	47007	0
8	17	0	58688	1	0
8	17	0	58688	2	0
8	17	0	58688	4	0
8	17	0	58688	8	0
8	17	0	58688	16	0
8	17	0	58688	32	0
8	17	0	58688	64	0
8	17	0	58688	128	0
8	17	0	58688	256	0
8	17	0	58688	512	0
8	17	0	58688	1024	0
8	17	0	58688	2048	0
8	17	0	58688	4096	0
8	17	0	58688	8192	0
8	17	0	58688	16384	0
8	17	0	58688	14672	0
8	17	0	58688	29344	0
8	17	0	58688	44016	0
8	17	0	58688	58686	0
8	17	0	58688	58687	0
8	18	1	35436	1	0
8	18	1	35436	2	0
8	18	1	35436	4	0
8	18	1	35436	8	0
8	18	1	35436	16	0
8	18	1	35436	32	0
8	18	1	35436	64	0
8	18	1	35436	128	0
8	18	1	35436	256	0
8	18	1	35436	512	0
8	18	1	35436	1024	0
8	18	1	35436	2048	0
8	18	1	35436	4096	0
8	18	1	35436	8192	0
8	18	1	35436	16384	0
8	18	1	35436	8859	0
8	18	1	35436	17718	0
8	18	1	35436	26577	0
8	18	1	35436	35434	0
8	18	1	35436	35435	0
8	20	1	44726	1	0
8	20	1	44726	2	0
8	20	1	44726	4	0
8	20	1	44726	8	0
8	20	1	44726	16	0
8	20	1	44726	32	0
8	20	1	44726	64	0
8	20	1	44726	128	0
8	20	1	44726	256	0
8	20	1	44726	512	0
8	20	1	44726	1024	0
8	20	1	44726	2048	0
8	20	1	44726	4096	0
8	20	1	44726	8192	0
8	20	1	44726	16384	0
8	20	1	44726	11181	0
8	20	1	44726	22363	0
8	20	1	44726	33544	0
8	20	1	44726	44724	0
8	20	1	44726	44725	0
9	19	6	62232	1	0
9	19	6	62232	2	0
9	19	6	62232	4	0
9	19	6	62232	8	0
9	19	6	62232	16	0
9	19	6	62232	32	0
9	19	6	62232	64	0
9	19	6	62232	128	0
9	19	6	62232	256	0
9	19	6	62232	512	0
9	19	6	62232	1024	0
9	19	6	62232	2048	0
9	19	6	62232	4096	0
9	19	6	62232	8192	0
9	19	6	62232	16384	0
9	19	6	62232	15558	0
9	19	6	62232	31116	0
9	19	6	62232	46674	0
9	19	6	62232	62230	0
9	19	6	62232	62231	0
10	17	2	44032	1	0
10	17	2	44032	2	0
10	17	2	44032	4	0
10	17	2	44032	8	0
10	17	2	44032	16	0
10	17	2	44032	32	0
10	17	2	44032	64	0
10	17	2	44032	128	0
10	17	2	44032	256	0
10	17	2	44032	512	0
10	17	2	44032	1024	0
10	17	2	44032	2048	0
10	17	2	44032	4096	0
10	17	2	44032	8192	0
10	17	2	44032	16384	0
10	17	2	44032	11008	0
10	17	2	44032	22016	0
10	17	2	44032	33024	0
10	17	2	44032	44030	0
10	17	2	44032	44031	0
10	17	3	44032	1	0
10	17	3	44032	2	0
10	17	3	44032	4	0
10	17	3	44032	8	0
10	17	3	44032	16	0
10	17	3	44032	32	0
10	17	3	44032	64	0
10	17	3	44032	128	0
10	17	3	44032	256	0
10	17	3	44032	512	0
10	17	3	44032	1024	0
10	17	3	44032	2048	0
10	17	3	44032	4096	0
10	17	3	44032	8192	0
10	17	3	44032	16384	0
10	17	3	44032	11008	0
10	17	3	44032	22016	0
10	17	3	44032	33024	0
10	17	3	44032	44030	0
10	17	3	44032	44031	0
10	19	5	62232	1	0
10	19	5	62232	2	0
10	19	5	62232	4	0
10	19	5	62232	8	0
10	19	5	62232	16	0
10	19	5	62232	32	0
10	19	5	62232	64	0
10	19	5	62232	128	0
10	19	5	62232	256	0
10	19	5	62232	512	0
10	19	5	62232	1024	0
10	19	5	62232	2048	0
10	19	5	62232	4096	0
10	19	5	62232	8192	0
10	19	5	62232	16384	0
10	19	5	62232	15558	0
10	19	5	62232	31116	0
10	19	5	62232	46674	0
10	19	5	62232	62230	0
10	19	5	62232	62231	0
15	18	1	58728	1	0
15	18	1	58728	2	0
15	18	1	58728	4	0
15	18	1	58728	8	0
15	18	1	58728	16	0
15	18	1	58728	32	0
15	18	1	58728	64	0
15	18	1	58728	128	0
15	18	1	58728	256	0
15	18	1	58728	512	0
15	18	1	58728	1024	0
15	18	1	58728	2048	0
15	18	1	58728	4096	0
15	18	1	58728	8192	0
15	18	1	58728	16384	0
15	18	1	58728	14682	0
15	18	1	58728	29364	0
15	18	1	58728	44046	0
15	18	1	58728	58726	0
15	18	1	58728	58727	0
16	18	2	58728	1	0
16	18	2	58728	2	0
16	18	2	58728	4	0
16	18	2	58728	8	0
16	18	2	58728	16	0
16	18	2	58728	32	0
16	18	2	58728	64	0
16	18	2	58728	128	0
16	18	2	58728	256	0
16	18	2	58728	512	0
16	18	2	58728	1024	0
16	18	2	58728	2048	0
16	18	2	58728	4096	0
16	18	2	58728	8192	0
16	18	2	58728	16384	0
16	18	2	58728	14682	0
16	18	2	58728	29364	0
16	18	2	58728	44046	0
16	18	2	58728	58726	0
16	18	2	58728	58727	0
16	18	3	58728	1	0
16	18	3	58728	2	0
16	18	3	58728	4	0
16	18	3	58728	8	0
16	18	3	58728	16	0
16	18	3	58728	32	0
16	18	3	58728	64	0
16	18	3	58728	128	0
16	18	3	58728	256	0
16	18	3	58728	512	0
16	18	3	58728	1024	0
16	18	3	58728	2048	0
16	18	3	58728	4096	0
16	18	3	58728	8192	0
16	18	3	58728	16384	0
16	18	3	58728	14682	0
16	18	3	58728	29364	0
16	18	3	58728	44046	0
16	18	3	58728	58726	0
16	18	3	58728	58727	0
18	18	5	35436	1	0
18	18	5	35436	2	0
18	18	5	35436	4	0
18	18	5	35436	8	0
18	18	5	35436	16	0
18	18	5	35436	32	0
18	18	5	35436	64	0
18	18	5	35436	128	0
18	18	5	35436	256	0
18	18	5	35436	512	0
18	18	5	35436	1024	0
18	18	5	35436	2048	0
18	18	5	35436	4096	0
18	18	5	35436	8192	0
18	18	5	35436	16384	0
18	18	5	35436	8859	0
18	18	5	35436	17718	0
18	18	5	35436	26577	0
18	18	5	35436	35434	0
18	18	5	35436	35435	0
18	19	0	53154	1	0
18	19	0	53154	2	0
18	19	0	53154	4	0
18	19	0	53154	8	0
18	19	0	53154	16	0
18	19	0	53154	32	0
18	19	0	53154	64	0
18	19	0	53154	128	0
18	19	0	53154	256	0
18	19	0	53154	512	0
18	19	0	53154	1024	0
18	19	0	53154	2048	0
18	19	0	53154	4096	0
18	19	0	53154	8192	0
18	19	0	53154	16384	0
18	19	0	53154	13288	0
18	19	0	53154	26577	0
18	19	0	53154	39865	0
18	19	0	53154	53152	0
18	19	0	53154	53153	0
18	19	1	53154	1	0
18	19	1	53154	2	0
18	19	1	53154	4	0
18	19	1	53154	8	0
18	19	1	53154	16	0
18	19	1	53154	32	0
18	19	1	53154	64	0
18	19	1	53154	128	0
18	19	1	53154	256	0
18	19	1	53154	512	0
18	19	1	53154	1024	0
18	19	1	53154	2048	0
18	19	1	53154	4096	0
18	19	1	53154	8192	0
18	19	1	53154	16384	0
18	19	1	53154	13288	0
18	19	1	53154	26577	0
18	19	1	53154	39865	0
18	19	1	53154	53152	0
18	19	1	53154	53153	0
19	18	5	35436	1	0
19	18	5	35436	2	0
19	18	5	35436	4	0
19	18	5	35436	8	0
19	18	5	35436	16	0
19	18	5	35436	32	0
19	18	5	35436	64	0
19	18	5	35436	128	0
19	18	5	35436	256	0
19	18	5	35436	512	0
19	18	5	35436	1024	0
19	18	5	35436	2048	0
19	18	5	35436	4096	0
19	18	5	35436	8192	0
19	18	5	35436	16384	0
19	18	5	35436	8859	0
19	18	5	35436	17718	0
19	18	5	35436	26577	0
19	18	5	35436	35434	0
19	18	5	35436	35435	0
22	17	2	44032	1	0
22	17	2	44032	2	0
22	17	2	44032	4	0
22	17	2	44032	8	0
22	17	2	44032	16	0
22	17	2	44032	32	0
22	17	2	44032	64	0
22	17	2	44032	128	0
22	17	2	44032	256	0
22	17	2	44032	512	0
22	17	2	44032	1024	0
22	17	2	44032	2048	0
22	17	2	44032	4096	0
22	17	2	44032	8192	0
22	17	2	44032	16384	0
22	17	2	44032	11008	0
22	17	2	44032	22016	0
22	17	2	44032	33024	0
22	17	2	44032	44030	0
22	17	2	44032	44031	0
25	18	1	58728	1	0
25	18	1	58728	2	0
25	18	1	58728	4	0
25	18	1	58728	8	0
25	18	1	58728	16	0
25	18	1	58728	32	0
25	18	1	58728	64	0
25	18	1	58728	128	0
25	18	1	58728	256	0
25	18	1	58728	512	0
25	18	1	58728	1024	0
25	18	1	58728	2048	0
25	18	1	58728	4096	0
25	18	1	58728	8192	0
25	18	1	58728	16384	0
25	18	1	58728	14682	0
25	18	1	58728	29364	0
25	18	1	58728	44046	0
25	18	1	58728	58726	0
25	18	1	58728	58727	0
25	18	5	35436	1	0
25	18	5	35436	2	0
25	18	5	35436	4	0
25	18	5	35436	8	0
25	18	5	35436	16	0
25	18	5	35436	32	0
25	18	5	35436	64	0
25	18	5	35436	128	0
25	18	5	35436	256	0
25	18	5	35436	512	0
25	18	5	35436	1024	0
25	18	5	35436	2048	0
25	18	5	35436	4096	0
25	18	5	35436	8192	0
25	18	5	35436	16384	0
25	18	5	35436	8859	0
25	18	5	35436	17718	0
25	18	5	35436	26577	0
25	18	5	35436	35434	0
25	18	5	35436	35435	0
27	17	4	44032	1	0
27	17	4	44032	2	0
27	17	4	44032	4	0
27	17	4	44032	8	0
27	17	4	44032	16	0
27	17	4	44032	32	0
27	17	4	44032	64	0
27	17	4	44032	128	0
27	17	4	44032	256	0
27	17	4	44032	512	0
27	17	4	44032	1024	0
27	17	4	44032	2048	0
27	17	4	44032	4096	0
27	17	4	44032	8192	0
27	17	4	44032	16384	0
27	17	4	44032	11008	0
27	17	4	44032	22016	0
27	17	4	44032	33024	0
27	17	4	44032	44030	0
27	17	4	44032	44031	0
28	18	0	58728	1	0
28	18	0	58728	2	0
28	18	0	58728	4	0
28	18	0	58728	8	0
28	18	0	58728	16	0
28	18	0	58728	32	0
28	18	0	58728	64	0
28	18	0	58728	128	0
28	18	0	58728	256	0
28	18	0	58728	512	0
28	18	0	58728	1024	0
28	18	0	58728	2048	0
28	18	0	58728	4096	0
28	18	0	58728	8192	0
28	18	0	58728	16384	0
28	18	0	58728	14682	0
28	18	0	58728	29364	0
28	18	0	58728	44046	0
28	18	0	58728	58726	0
28	18	0	58728	58727	0
28	18	1	35436	1	0
28	18	1	35436	2	0
28	18	1	35436	4	0
28	18	1	35436	8	0
28	18	1	35436	16	0
28	18	1	35436	32	0
28	18	1	35436	64	0
28	18	1	35436	128	0
28	18	1	35436	256	0
28	18	1	35436	512	0
28	18	1	35436	1024	0
28	18	1	35436	2048	0
28	18	1	35436	4096	0
28	18	1	35436	8192	0
28	18	1	35436	16384	0
28	18	1	35436	8859	0
28	18	1	35436	17718	0
28	18	1	35436	26577	0
28	18	1	35436	35434	0
28	18	1	35436	35435	0
31	17	4	44032	1	0
31	17	4	44032	2	0
31	17	4	44032	4	0
31	17	4	44032	8	0
31	17	4	44032	16	0
31	17	4	44032	32	0
31	17	4	44032	64	0
31	17	4	44032	128	0
31	17	4	44032	256	0
31	17	4	44032	512	0
31	17	4	44032	1024	0
31	17	4	44032	2048	0
31	17	4	44032	4096	0
31	17	4	44032	8192	0
31	17	4	44032	16384	0
31	17	4	44032	11008	0
31	17	4	44032	22016	0
31	17	4	44032	33024	0
31	17	4	44032	44030	0
31	17	4	44032	44031	0
4	8	1	68464	1	0
4	8	1	68464	2	0
4	8	1	68464	4	0
4	8	1	68464	8	0
4	8	1	68464	16	0
4	8	1	68464	32	0
4	8	1	68464	64	0
4	8	1	68464	128	0
4	8	1	68464	256	0
4	8	1	68464	512	0
4	8	1	68464	1024	0
4	8	1	68464	2048	0
4	8	1	68464	4096	0
4	8	1	68464	8192	0
4	8	1	68464	16384	0
4	8	1	68464	32768	0
4	8	1	68464	17116	0
4	8	1	68464	34232	0
4	8	1	68464	51348	0
4	8	1	68464	68462	0
4	8	1	68464	68463	0
4	9	1	68464	1	0
4	9	1	68464	2	0
4	9	1	68464	4	0
4	9	1	68464	8	0
4	9	1	68464	16	0
4	9	1	68464	32	0
4	9	1	68464	64	0
4	9	1	68464	128	0
4	9	1	68464	256	0
4	9	1	68464	512	0
4	9	1	68464	1024	0
4	9	1	68464	2048	0
4	9	1	68464	4096	0
4	9	1	68464	8192	0
4	9	1	68464	16384	0
4	9	1	68464	32768	0
4	9	1	68464	17116	0
4	9	1	68464	34232	0
4	9	1	68464	51348	0
4	9	1	68464	68462	0
4	9	1	68464	68463	0
4	15	2	68664	1	0
4	15	2	68664	2	0
4	15	2	68664	4	0
4	15	2	68664	8	0
4	15	2	68664	16	0
4	15	2	68664	32	0
4	15	2	68664	64	0
4	15	2	68664	128	0
4	15	2	68664	256	0
4	15	2	68664	512	0
4	15	2	68664	1024	0
4	15	2	68664	2048	0
4	15	2	68664	4096	0
4	15	2	68664	8192	0
4	15	2	68664	16384	0
4	15	2	68664	32768	0
4	15	2	68664	17166	0
4	15	2	68664	34332	0
4	15	2	68664	51498	0
4	15	2	68664	68662	0
4	15	2	68664	68663	0
5	12	1	68464	1	0
5	12	1	68464	2	0
5	12	1	68464	4	0
5	12	1	68464	8	0
5	12	1	68464	16	0
5	12	1	68464	32	0
5	12	1	68464	64	0
5	12	1	68464	128	0
5	12	1	68464	256	0
5	12	1	68464	512	0
5	12	1	68464	1024	0
5	12	1	68464	2048	0
5	12	1	68464	4096	0
5	12	1	68464	8192	0
5	12	1	68464	16384	0
5	12	1	68464	32768	0
5	12	1	68464	17116	0
5	12	1	68464	34232	0
5	12	1	68464	51348	0
5	12	1	68464	68462	0
5	12	1	68464	68463	0
5	12	2	68464	1	0
5	12	2	68464	2	0
5	12	2	68464	4	0
5	12	2	68464	8	0
5	12	2	68464	16	0
5	12	2	68464	32	0
5	12	2	68464	64	0
5	12	2	68464	128	0
5	12	2	68464	256	0
5	12	2	68464	512	0
5	12	2	68464	1024	0
5	12	2	68464	2048	0
5	12	2	68464	4096	0
5	12	2	68464	8192	0
5	12	2	68464	16384	0
5	12	2	68464	32768	0
5	12	2	68464	17116	0
5	12	2	68464	34232	0
5	12	2	68464	51348	0
5	12	2	68464	68462	0
5	12	2	68464	68463	0
5	12	3	68464	1	0
5	12	3	68464	2	0
5	12	3	68464	4	0
5	12	3	68464	8	0
5	12	3	68464	16	0
5	12	3	68464	32	0
5	12	3	68464	64	0
5	12	3	68464	128	0
5	12	3	68464	256	0
5	12	3	68464	512	0
5	12	3	68464	1024	0
5	12	3	68464	2048	0
5	12	3	68464	4096	0
5	12	3	68464	8192	0
5	12	3	68464	16384	0
5	12	3	68464	32768	0
5	12	3	68464	17116	0
5	12	3	68464	34232	0
5	12	3	68464	51348	0
5	12	3	68464	68462	0
5	12	3	68464	68463	0
5	13	1	68464	1	0
5	13	1	68464	2	0
5	13	1	68464	4	0
5	13	1	68464	8	0
5	13	1	68464	16	0
5	13	1	68464	32	0
5	13	1	68464	64	0
5	13	1	68464	128	0
5	13	1	68464	256	0
5	13	1	68464	512	0
5	13	1	68464	1024	0
5	13	1	68464	2048	0
5	13	1	68464	4096	0
5	13	1	68464	8192	0
5	13	1	68464	16384	0
5	13	1	68464	32768	0
5	13	1	68464	17116	0
5	13	1	68464	34232	0
5	13	1	68464	51348	0
5	13	1	68464	68462	0
5	13	1	68464	68463	0
6	9	1	68464	1	0
6	9	1	68464	2	0
6	9	1	68464	4	0
6	9	1	68464	8	0
6	9	1	68464	16	0
6	9	1	68464	32	0
6	9	1	68464	64	0
6	9	1	68464	128	0
6	9	1	68464	256	0
6	9	1	68464	512	0
6	9	1	68464	1024	0
6	9	1	68464	2048	0
6	9	1	68464	4096	0
6	9	1	68464	8192	0
6	9	1	68464	16384	0
6	9	1	68464	32768	0
6	9	1	68464	17116	0
6	9	1	68464	34232	0
6	9	1	68464	51348	0
6	9	1	68464	68462	0
6	9	1	68464	68463	0
6	11	1	68464	1	0
6	11	1	68464	2	0
6	11	1	68464	4	0
6	11	1	68464	8	0
6	11	1	68464	16	0
6	11	1	68464	32	0
6	11	1	68464	64	0
6	11	1	68464	128	0
6	11	1	68464	256	0
6	11	1	68464	512	0
6	11	1	68464	1024	0
6	11	1	68464	2048	0
6	11	1	68464	4096	0
6	11	1	68464	8192	0
6	11	1	68464	16384	0
6	11	1	68464	32768	0
6	11	1	68464	17116	0
6	11	1	68464	34232	0
6	11	1	68464	51348	0
6	11	1	68464	68462	0
6	11	1	68464	68463	0
6	12	1	68464	1	0
6	12	1	68464	2	0
6	12	1	68464	4	0
6	12	1	68464	8	0
6	12	1	68464	16	0
6	12	1	68464	32	0
6	12	1	68464	64	0
6	12	1	68464	128	0
6	12	1	68464	256	0
6	12	1	68464	512	0
6	12	1	68464	1024	0
6	12	1	68464	2048	0
6	12	1	68464	4096	0
6	12	1	68464	8192	0
6	12	1	68464	16384	0
6	12	1	68464	32768	0
6	12	1	68464	17116	0
6	12	1	68464	34232	0
6	12	1	68464	51348	0
6	12	1	68464	68462	0
6	12	1	68464	68463	0
6	13	1	68464	1	0
6	13	1	68464	2	0
6	13	1	68464	4	0
6	13	1	68464	8	0
6	13	1	68464	16	0
6	13	1	68464	32	0
6	13	1	68464	64	0
6	13	1	68464	128	0
6	13	1	68464	256	0
6	13	1	68464	512	0
6	13	1	68464	1024	0
6	13	1	68464	2048	0
6	13	1	68464	4096	0
6	13	1	68464	8192	0
6	13	1	68464	16384	0
6	13	1	68464	32768	0
6	13	1	68464	17116	0
6	13	1	68464	34232	0
6	13	1	68464	51348	0
6	13	1	68464	68462	0
6	13	1	68464	68463	0
7	9	0	68464	1	0
7	9	0	68464	2	0
7	9	0	68464	4	0
7	9	0	68464	8	0
7	9	0	68464	16	0
7	9	0	68464	32	0
7	9	0	68464	64	0
7	9	0	68464	128	0
7	9	0	68464	256	0
7	9	0	68464	512	0
7	9	0	68464	1024	0
7	9	0	68464	2048	0
7	9	0	68464	4096	0
7	9	0	68464	8192	0
7	9	0	68464	16384	0
7	9	0	68464	32768	0
7	9	0	68464	17116	0
7	9	0	68464	34232	0
7	9	0	68464	51348	0
7	9	0	68464	68462	0
7	9	0	68464	68463	0
8	9	0	72160	1	0
8	9	0	72160	2	0
8	9	0	72160	4	0
8	9	0	72160	8	0
8	9	0	72160	16	0
8	9	0	72160	32	0
8	9	0	72160	64	0
8	9	0	72160	128	0
8	9	0	72160	256	0
8	9	0	72160	512	0
8	9	0	72160	1024	0
8	9	0	72160	2048	0
8	9	0	72160	4096	0
8	9	0	72160	8192	0
8	9	0	72160	16384	0
8	9	0	72160	32768	0
8	9	0	72160	18040	0
8	9	0	72160	36080	0
8	9	0	72160	54120	0
8	9	0	72160	72158	0
8	9	0	72160	72159	0
9	13	1	68464	1	0
9	13	1	68464	2	0
9	13	1	68464	4	0
9	13	1	68464	8	0
9	13	1	68464	16	0
9	13	1	68464	32	0
9	13	1	68464	64	0
9	13	1	68464	128	0
9	13	1	68464	256	0
9	13	1	68464	512	0
9	13	1	68464	1024	0
9	13	1	68464	2048	0
9	13	1	68464	4096	0
9	13	1	68464	8192	0
9	13	1	68464	16384	0
9	13	1	68464	32768	0
9	13	1	68464	17116	0
9	13	1	68464	34232	0
9	13	1	68464	51348	0
9	13	1	68464	68462	0
9	13	1	68464	68463	0
10	7	0	68464	1	0
10	7	0	68464	2	0
10	7	0	68464	4	0
10	7	0	68464	8	0
10	7	0	68464	16	0
10	7	0	68464	32	0
10	7	0	68464	64	0
10	7	0	68464	128	0
10	7	0	68464	256	0
10	7	0	68464	512	0
10	7	0	68464	1024	0
10	7	0	68464	2048	0
10	7	0	68464	4096	0
10	7	0	68464	8192	0
10	7	0	68464	16384	0
10	7	0	68464	32768	0
10	7	0	68464	17116	0
10	7	0	68464	34232	0
10	7	0	68464	51348	0
10	7	0	68464	68462	0
10	7	0	68464	68463	0
10	15	1	68664	1	0
10	15	1	68664	2	0
10	15	1	68664	4	0
10	15	1	68664	8	0
10	15	1	68664	16	0
10	15	1	68664	32	0
10	15	1	68664	64	0
10	15	1	68664	128	0
10	15	1	68664	256	0
10	15	1	68664	512	0
10	15	1	68664	1024	0
10	15	1	68664	2048	0
10	15	1	68664	4096	0
10	15	1	68664	8192	0
10	15	1	68664	16384	0
10	15	1	68664	32768	0
10	15	1	68664	17166	0
10	15	1	68664	34332	0
10	15	1	68664	51498	0
10	15	1	68664	68662	0
10	15	1	68664	68663	0
10	19	0	70416	1	0
10	19	0	70416	2	0
10	19	0	70416	4	0
10	19	0	70416	8	0
10	19	0	70416	16	0
10	19	0	70416	32	0
10	19	0	70416	64	0
10	19	0	70416	128	0
10	19	0	70416	256	0
10	19	0	70416	512	0
10	19	0	70416	1024	0
10	19	0	70416	2048	0
10	19	0	70416	4096	0
10	19	0	70416	8192	0
10	19	0	70416	16384	0
10	19	0	70416	32768	0
10	19	0	70416	17604	0
10	19	0	70416	35208	0
10	19	0	70416	52812	0
10	19	0	70416	70414	0
10	19	0	70416	70415	0
10	19	1	70416	1	0
10	19	1	70416	2	0
10	19	1	70416	4	0
10	19	1	70416	8	0
10	19	1	70416	16	0
10	19	1	70416	32	0
10	19	1	70416	64	0
10	19	1	70416	128	0
10	19	1	70416	256	0
10	19	1	70416	512	0
10	19	1	70416	1024	0
10	19	1	70416	2048	0
10	19	1	70416	4096	0
10	19	1	70416	8192	0
10	19	1	70416	16384	0
10	19	1	70416	32768	0
10	19	1	70416	17604	0
10	19	1	70416	35208	0
10	19	1	70416	52812	0
10	19	1	70416	70414	0
10	19	1	70416	70415	0
10	19	2	70416	1	0
10	19	2	70416	2	0
10	19	2	70416	4	0
10	19	2	70416	8	0
10	19	2	70416	16	0
10	19	2	70416	32	0
10	19	2	70416	64	0
10	19	2	70416	128	0
10	19	2	70416	256	0
10	19	2	70416	512	0
10	19	2	70416	1024	0
10	19	2	70416	2048	0
10	19	2	70416	4096	0
10	19	2	70416	8192	0
10	19	2	70416	16384	0
10	19	2	70416	32768	0
10	19	2	70416	17604	0
10	19	2	70416	35208	0
10	19	2	70416	52812	0
10	19	2	70416	70414	0
10	19	2	70416	70415	0
10	19	3	70416	1	0
10	19	3	70416	2	0
10	19	3	70416	4	0
10	19	3	70416	8	0
10	19	3	70416	16	0
10	19	3	70416	32	0
10	19	3	70416	64	0
10	19	3	70416	128	0
10	19	3	70416	256	0
10	19	3	70416	512	0
10	19	3	70416	1024	0
10	19	3	70416	2048	0
10	19	3	70416	4096	0
10	19	3	70416	8192	0
10	19	3	70416	16384	0
10	19	3	70416	32768	0
10	19	3	70416	17604	0
10	19	3	70416	35208	0
10	19	3	70416	52812	0
10	19	3	70416	70414	0
10	19	3	70416	70415	0
11	7	0	68464	1	0
11	7	0	68464	2	0
11	7	0	68464	4	0
11	7	0	68464	8	0
11	7	0	68464	16	0
11	7	0	68464	32	0
11	7	0	68464	64	0
11	7	0	68464	128	0
11	7	0	68464	256	0
11	7	0	68464	512	0
11	7	0	68464	1024	0
11	7	0	68464	2048	0
11	7	0	68464	4096	0
11	7	0	68464	8192	0
11	7	0	68464	16384	0
11	7	0	68464	32768	0
11	7	0	68464	17116	0
11	7	0	68464	34232	0
11	7	0	68464	51348	0
11	7	0	68464	68462	0
11	7	0	68464	68463	0
12	15	1	68664	1	0
12	15	1	68664	2	0
12	15	1	68664	4	0
12	15	1	68664	8	0
12	15	1	68664	16	0
12	15	1	68664	32	0
12	15	1	68664	64	0
12	15	1	68664	128	0
12	15	1	68664	256	0
12	15	1	68664	512	0
12	15	1	68664	1024	0
12	15	1	68664	2048	0
12	15	1	68664	4096	0
12	15	1	68664	8192	0
12	15	1	68664	16384	0
12	15	1	68664	32768	0
12	15	1	68664	17166	0
12	15	1	68664	34332	0
12	15	1	68664	51498	0
12	15	1	68664	68662	0
12	15	1	68664	68663	0
12	19	0	70416	1	0
12	19	0	70416	2	0
12	19	0	70416	4	0
12	19	0	70416	8	0
12	19	0	70416	16	0
12	19	0	70416	32	0
12	19	0	70416	64	0
12	19	0	70416	128	0
12	19	0	70416	256	0
12	19	0	70416	512	0
12	19	0	70416	1024	0
12	19	0	70416	2048	0
12	19	0	70416	4096	0
12	19	0	70416	8192	0
12	19	0	70416	16384	0
12	19	0	70416	32768	0
12	19	0	70416	17604	0
12	19	0	70416	35208	0
12	19	0	70416	52812	0
12	19	0	70416	70414	0
12	19	0	70416	70415	0
12	19	1	70416	1	0
12	19	1	70416	2	0
12	19	1	70416	4	0
12	19	1	70416	8	0
12	19	1	70416	16	0
12	19	1	70416	32	0
12	19	1	70416	64	0
12	19	1	70416	128	0
12	19	1	70416	256	0
12	19	1	70416	512	0
12	19	1	70416	1024	0
12	19	1	70416	2048	0
12	19	1	70416	4096	0
12	19	1	70416	8192	0
12	19	1	70416	16384	0
12	19	1	70416	32768	0
12	19	1	70416	17604	0
12	19	1	70416	35208	0
12	19	1	70416	52812	0
12	19	1	70416	70414	0
12	19	1	70416	70415	0
13	8	0	68464	1	0
13	8	0	68464	2	0
13	8	0	68464	4	0
13	8	0	68464	8	0
13	8	0	68464	16	0
13	8	0	68464	32	0
13	8	0	68464	64	0
13	8	0	68464	128	0
13	8	0	68464	256	0
13	8	0	68464	512	0
13	8	0	68464	1024	0
13	8	0	68464	2048	0
13	8	0	68464	4096	0
13	8	0	68464	8192	0
13	8	0	68464	16384	0
13	8	0	68464	32768	0
13	8	0	68464	17116	0
13	8	0	68464	34232	0
13	8	0	68464	51348	0
13	8	0	68464	68462	0
13	8	0	68464	68463	0
13	8	1	68464	1	0
13	8	1	68464	2	0
13	8	1	68464	4	0
13	8	1	68464	8	0
13	8	1	68464	16	0
13	8	1	68464	32	0
13	8	1	68464	64	0
13	8	1	68464	128	0
13	8	1	68464	256	0
13	8	1	68464	512	0
13	8	1	68464	1024	0
13	8	1	68464	2048	0
13	8	1	68464	4096	0
13	8	1	68464	8192	0
13	8	1	68464	16384	0
13	8	1	68464	32768	0
13	8	1	68464	17116	0
13	8	1	68464	34232	0
13	8	1	68464	51348	0
13	8	1	68464	68462	0
13	8	1	68464	68463	0
13	15	1	68664	1	0
13	15	1	68664	2	0
13	15	1	68664	4	0
13	15	1	68664	8	0
13	15	1	68664	16	0
13	15	1	68664	32	0
13	15	1	68664	64	0
13	15	1	68664	128	0
13	15	1	68664	256	0
13	15	1	68664	512	0
13	15	1	68664	1024	0
13	15	1	68664	2048	0
13	15	1	68664	4096	0
13	15	1	68664	8192	0
13	15	1	68664	16384	0
13	15	1	68664	32768	0
13	15	1	68664	17166	0
13	15	1	68664	34332	0
13	15	1	68664	51498	0
13	15	1	68664	68662	0
13	15	1	68664	68663	0
14	8	0	68464	1	0
14	8	0	68464	2	0
14	8	0	68464	4	0
14	8	0	68464	8	0
14	8	0	68464	16	0
14	8	0	68464	32	0
14	8	0	68464	64	0
14	8	0	68464	128	0
14	8	0	68464	256	0
14	8	0	68464	512	0
14	8	0	68464	1024	0
14	8	0	68464	2048	0
14	8	0	68464	4096	0
14	8	0	68464	8192	0
14	8	0	68464	16384	0
14	8	0	68464	32768	0
14	8	0	68464	17116	0
14	8	0	68464	34232	0
14	8	0	68464	51348	0
14	8	0	68464	68462	0
14	8	0	68464	68463	0
14	8	1	68464	1	0
14	8	1	68464	2	0
14	8	1	68464	4	0
14	8	1	68464	8	0
14	8	1	68464	16	0
14	8	1	68464	32	0
14	8	1	68464	64	0
14	8	1	68464	128	0
14	8	1	68464	256	0
14	8	1	68464	512	0
14	8	1	68464	1024	0
14	8	1	68464	2048	0
14	8	1	68464	4096	0
14	8	1	68464	8192	0
14	8	1	68464	16384	0
14	8	1	68464	32768	0
14	8	1	68464	17116	0
14	8	1	68464	34232	0
14	8	1	68464	51348	0
14	8	1	68464	68462	0
14	8	1	68464	68463	0
14	16	1	68664	1	0
14	16	1	68664	2	0
14	16	1	68664	4	0
14	16	1	68664	8	0
14	16	1	68664	16	0
14	16	1	68664	32	0
14	16	1	68664	64	0
14	16	1	68664	128	0
14	16	1	68664	256	0
14	16	1	68664	512	0
14	16	1	68664	1024	0
14	16	1	68664	2048	0
14	16	1	68664	4096	0
14	16	1	68664	8192	0
14	16	1	68664	16384	0
14	16	1	68664	32768	0
14	16	1	68664	17166	0
14	16	1	68664	34332	0
14	16	1	68664	51498	0
14	16	1	68664	68662	0
14	16	1	68664	68663	0
4	10	0	157184	1	0
4	10	0	157184	2	0
4	10	0	157184	4	0
4	10	0	157184	8	0
4	10	0	157184	16	0
4	10	0	157184	32	0
4	10	0	157184	64	0
4	10	0	157184	128	0
4	10	0	157184	256	0
4	10	0	157184	512	0
4	10	0	157184	1024	0
4	10	0	157184	2048	0
4	10	0	157184	4096	0
4	10	0	157184	8192	0
4	10	0	157184	16384	0
4	10	0	157184	32768	0
4	10	0	157184	65536	0
4	10	0	157184	39296	0
4	10	0	157184	78592	0
4	10	0	157184	117888	0
4	10	0	157184	157182	0
4	10	0	157184	157183	0
4	10	1	157184	1	0
4	10	1	157184	2	0
4	10	1	157184	4	0
4	10	1	157184	8	0
4	10	1	157184	16	0
4	10	1	157184	32	0
4	10	1	157184	64	0
4	10	1	157184	128	0
4	10	1	157184	256	0
4	10	1	157184	512	0
4	10	1	157184	1024	0
4	10	1	157184	2048	0
4	10	1	157184	4096	0
4	10	1	157184	8192	0
4	10	1	157184	16384	0
4	10	1	157184	32768	0
4	10	1	157184	65536	0
4	10	1	157184	39296	0
4	10	1	157184	78592	0
4	10	1	157184	117888	0
4	10	1	157184	157182	0
4	10	1	157184	157183	0
4	16	1	209820	1	0
4	16	1	209820	2	0
4	16	1	209820	4	0
4	16	1	209820	8	0
4	16	1	209820	16	0
4	16	1	209820	32	0
4	16	1	209820	64	0
4	16	1	209820	128	0
4	16	1	209820	256	0
4	16	1	209820	512	0
4	16	1	209820	1024	0
4	16	1	209820	2048	0
4	16	1	209820	4096	0
4	16	1	209820	8192	0
4	16	1	209820	16384	0
4	16	1	209820	32768	0
4	16	1	209820	65536	0
4	16	1	209820	52455	0
4	16	1	209820	104910	0
4	16	1	209820	157365	0
4	16	1	209820	209818	0
4	16	1	209820	209819	0
4	18	1	142000	1	0
4	18	1	142000	2	0
4	18	1	142000	4	0
4	18	1	142000	8	0
4	18	1	142000	16	0
4	18	1	142000	32	0
4	18	1	142000	64	0
4	18	1	142000	128	0
4	18	1	142000	256	0
4	18	1	142000	512	0
4	18	1	142000	1024	0
4	18	1	142000	2048	0
4	18	1	142000	4096	0
4	18	1	142000	8192	0
4	18	1	142000	16384	0
4	18	1	142000	32768	0
4	18	1	142000	65536	0
4	18	1	142000	35500	0
4	18	1	142000	71000	0
4	18	1	142000	106500	0
4	18	1	142000	141998	0
4	18	1	142000	141999	0
4	18	2	142000	1	0
4	18	2	142000	2	0
4	18	2	142000	4	0
4	18	2	142000	8	0
4	18	2	142000	16	0
4	18	2	142000	32	0
4	18	2	142000	64	0
4	18	2	142000	128	0
4	18	2	142000	256	0
4	18	2	142000	512	0
4	18	2	142000	1024	0
4	18	2	142000	2048	0
4	18	2	142000	4096	0
4	18	2	142000	8192	0
4	18	2	142000	16384	0
4	18	2	142000	32768	0
4	18	2	142000	65536	0
4	18	2	142000	35500	0
4	18	2	142000	71000	0
4	18	2	142000	106500	0
4	18	2	142000	141998	0
4	18	2	142000	141999	0
4	18	4	221952	1	0
4	18	4	221952	2	0
4	18	4	221952	4	0
4	18	4	221952	8	0
4	18	4	221952	16	0
4	18	4	221952	32	0
4	18	4	221952	64	0
4	18	4	221952	128	0
4	18	4	221952	256	0
4	18	4	221952	512	0
4	18	4	221952	1024	0
4	18	4	221952	2048	0
4	18	4	221952	4096	0
4	18	4	221952	8192	0
4	18	4	221952	16384	0
4	18	4	221952	32768	0
4	18	4	221952	65536	0
4	18	4	221952	55488	0
4	18	4	221952	110976	0
4	18	4	221952	166464	0
4	18	4	221952	221950	0
4	18	4	221952	221951	0
5	10	1	157184	1	0
5	10	1	157184	2	0
5	10	1	157184	4	0
5	10	1	157184	8	0
5	10	1	157184	16	0
5	10	1	157184	32	0
5	10	1	157184	64	0
5	10	1	157184	128	0
5	10	1	157184	256	0
5	10	1	157184	512	0
5	10	1	157184	1024	0
5	10	1	157184	2048	0
5	10	1	157184	4096	0
5	10	1	157184	8192	0
5	10	1	157184	16384	0
5	10	1	157184	32768	0
5	10	1	157184	65536	0
5	10	1	157184	39296	0
5	10	1	157184	78592	0
5	10	1	157184	117888	0
5	10	1	157184	157182	0
5	10	1	157184	157183	0
5	11	1	157184	1	0
5	11	1	157184	2	0
5	11	1	157184	4	0
5	11	1	157184	8	0
5	11	1	157184	16	0
5	11	1	157184	32	0
5	11	1	157184	64	0
5	11	1	157184	128	0
5	11	1	157184	256	0
5	11	1	157184	512	0
5	11	1	157184	1024	0
5	11	1	157184	2048	0
5	11	1	157184	4096	0
5	11	1	157184	8192	0
5	11	1	157184	16384	0
5	11	1	157184	32768	0
5	11	1	157184	65536	0
5	11	1	157184	39296	0
5	11	1	157184	78592	0
5	11	1	157184	117888	0
5	11	1	157184	157182	0
5	11	1	157184	157183	0
5	14	0	157184	1	0
5	14	0	157184	2	0
5	14	0	157184	4	0
5	14	0	157184	8	0
5	14	0	157184	16	0
5	14	0	157184	32	0
5	14	0	157184	64	0
5	14	0	157184	128	0
5	14	0	157184	256	0
5	14	0	157184	512	0
5	14	0	157184	1024	0
5	14	0	157184	2048	0
5	14	0	157184	4096	0
5	14	0	157184	8192	0
5	14	0	157184	16384	0
5	14	0	157184	32768	0
5	14	0	157184	65536	0
5	14	0	157184	39296	0
5	14	0	157184	78592	0
5	14	0	157184	117888	0
5	14	0	157184	157182	0
5	14	0	157184	157183	0
5	14	2	157184	1	0
5	14	2	157184	2	0
5	14	2	157184	4	0
5	14	2	157184	8	0
5	14	2	157184	16	0
5	14	2	157184	32	0
5	14	2	157184	64	0
5	14	2	157184	128	0
5	14	2	157184	256	0
5	14	2	157184	512	0
5	14	2	157184	1024	0
5	14	2	157184	2048	0
5	14	2	157184	4096	0
5	14	2	157184	8192	0
5	14	2	157184	16384	0
5	14	2	157184	32768	0
5	14	2	157184	65536	0
5	14	2	157184	39296	0
5	14	2	157184	78592	0
5	14	2	157184	117888	0
5	14	2	157184	157182	0
5	14	2	157184	157183	0
5	15	0	209820	1	0
5	15	0	209820	2	0
5	15	0	209820	4	0
5	15	0	209820	8	0
5	15	0	209820	16	0
5	15	0	209820	32	0
5	15	0	209820	64	0
5	15	0	209820	128	0
5	15	0	209820	256	0
5	15	0	209820	512	0
5	15	0	209820	1024	0
5	15	0	209820	2048	0
5	15	0	209820	4096	0
5	15	0	209820	8192	0
5	15	0	209820	16384	0
5	15	0	209820	32768	0
5	15	0	209820	65536	0
5	15	0	209820	52455	0
5	15	0	209820	104910	0
5	15	0	209820	157365	0
5	15	0	209820	209818	0
5	15	0	209820	209819	0
5	18	0	142000	1	0
5	18	0	142000	2	0
5	18	0	142000	4	0
5	18	0	142000	8	0
5	18	0	142000	16	0
5	18	0	142000	32	0
5	18	0	142000	64	0
5	18	0	142000	128	0
5	18	0	142000	256	0
5	18	0	142000	512	0
5	18	0	142000	1024	0
5	18	0	142000	2048	0
5	18	0	142000	4096	0
5	18	0	142000	8192	0
5	18	0	142000	16384	0
5	18	0	142000	32768	0
5	18	0	142000	65536	0
5	18	0	142000	35500	0
5	18	0	142000	71000	0
5	18	0	142000	106500	0
5	18	0	142000	141998	0
5	18	0	142000	141999	0
5	20	1	156816	1	0
5	20	1	156816	2	0
5	20	1	156816	4	0
5	20	1	156816	8	0
5	20	1	156816	16	0
5	20	1	156816	32	0
5	20	1	156816	64	0
5	20	1	156816	128	0
5	20	1	156816	256	0
5	20	1	156816	512	0
5	20	1	156816	1024	0
5	20	1	156816	2048	0
5	20	1	156816	4096	0
5	20	1	156816	8192	0
5	20	1	156816	16384	0
5	20	1	156816	32768	0
5	20	1	156816	65536	0
5	20	1	156816	39204	0
5	20	1	156816	78408	0
5	20	1	156816	117612	0
5	20	1	156816	156814	0
5	20	1	156816	156815	0
5	20	3	156816	1	0
5	20	3	156816	2	0
5	20	3	156816	4	0
5	20	3	156816	8	0
5	20	3	156816	16	0
5	20	3	156816	32	0
5	20	3	156816	64	0
5	20	3	156816	128	0
5	20	3	156816	256	0
5	20	3	156816	512	0
5	20	3	156816	1024	0
5	20	3	156816	2048	0
5	20	3	156816	4096	0
5	20	3	156816	8192	0
5	20	3	156816	16384	0
5	20	3	156816	32768	0
5	20	3	156816	65536	0
5	20	3	156816	39204	0
5	20	3	156816	78408	0
5	20	3	156816	117612	0
5	20	3	156816	156814	0
5	20	3	156816	156815	0
6	13	2	157184	1	0
6	13	2	157184	2	0
6	13	2	157184	4	0
6	13	2	157184	8	0
6	13	2	157184	16	0
6	13	2	157184	32	0
6	13	2	157184	64	0
6	13	2	157184	128	0
6	13	2	157184	256	0
6	13	2	157184	512	0
6	13	2	157184	1024	0
6	13	2	157184	2048	0
6	13	2	157184	4096	0
6	13	2	157184	8192	0
6	13	2	157184	16384	0
6	13	2	157184	32768	0
6	13	2	157184	65536	0
6	13	2	157184	39296	0
6	13	2	157184	78592	0
6	13	2	157184	117888	0
6	13	2	157184	157182	0
6	13	2	157184	157183	0
6	15	1	142000	1	0
6	15	1	142000	2	0
6	15	1	142000	4	0
6	15	1	142000	8	0
6	15	1	142000	16	0
6	15	1	142000	32	0
6	15	1	142000	64	0
6	15	1	142000	128	0
6	15	1	142000	256	0
6	15	1	142000	512	0
6	15	1	142000	1024	0
6	15	1	142000	2048	0
6	15	1	142000	4096	0
6	15	1	142000	8192	0
6	15	1	142000	16384	0
6	15	1	142000	32768	0
6	15	1	142000	65536	0
6	15	1	142000	35500	0
6	15	1	142000	71000	0
6	15	1	142000	106500	0
6	15	1	142000	141998	0
6	15	1	142000	141999	0
7	8	0	157184	1	0
7	8	0	157184	2	0
7	8	0	157184	4	0
7	8	0	157184	8	0
7	8	0	157184	16	0
7	8	0	157184	32	0
7	8	0	157184	64	0
7	8	0	157184	128	0
7	8	0	157184	256	0
7	8	0	157184	512	0
7	8	0	157184	1024	0
7	8	0	157184	2048	0
7	8	0	157184	4096	0
7	8	0	157184	8192	0
7	8	0	157184	16384	0
7	8	0	157184	32768	0
7	8	0	157184	65536	0
7	8	0	157184	39296	0
7	8	0	157184	78592	0
7	8	0	157184	117888	0
7	8	0	157184	157182	0
7	8	0	157184	157183	0
7	15	0	142000	1	0
7	15	0	142000	2	0
7	15	0	142000	4	0
7	15	0	142000	8	0
7	15	0	142000	16	0
7	15	0	142000	32	0
7	15	0	142000	64	0
7	15	0	142000	128	0
7	15	0	142000	256	0
7	15	0	142000	512	0
7	15	0	142000	1024	0
7	15	0	142000	2048	0
7	15	0	142000	4096	0
7	15	0	142000	8192	0
7	15	0	142000	16384	0
7	15	0	142000	32768	0
7	15	0	142000	65536	0
7	15	0	142000	35500	0
7	15	0	142000	71000	0
7	15	0	142000	106500	0
7	15	0	142000	141998	0
7	15	0	142000	141999	0
7	18	4	221952	1	0
7	18	4	221952	2	0
7	18	4	221952	4	0
7	18	4	221952	8	0
7	18	4	221952	16	0
7	18	4	221952	32	0
7	18	4	221952	64	0
7	18	4	221952	128	0
7	18	4	221952	256	0
7	18	4	221952	512	0
7	18	4	221952	1024	0
7	18	4	221952	2048	0
7	18	4	221952	4096	0
7	18	4	221952	8192	0
7	18	4	221952	16384	0
7	18	4	221952	32768	0
7	18	4	221952	65536	0
7	18	4	221952	55488	0
7	18	4	221952	110976	0
7	18	4	221952	166464	0
7	18	4	221952	221950	0
7	18	4	221952	221951	0
8	15	2	142000	1	0
8	15	2	142000	2	0
8	15	2	142000	4	0
8	15	2	142000	8	0
8	15	2	142000	16	0
8	15	2	142000	32	0
8	15	2	142000	64	0
8	15	2	142000	128	0
8	15	2	142000	256	0
8	15	2	142000	512	0
8	15	2	142000	1024	0
8	15	2	142000	2048	0
8	15	2	142000	4096	0
8	15	2	142000	8192	0
8	15	2	142000	16384	0
8	15	2	142000	32768	0
8	15	2	142000	65536	0
8	15	2	142000	35500	0
8	15	2	142000	71000	0
8	15	2	142000	106500	0
8	15	2	142000	141998	0
8	15	2	142000	141999	0
8	16	1	142000	1	0
8	16	1	142000	2	0
8	16	1	142000	4	0
8	16	1	142000	8	0
8	16	1	142000	16	0
8	16	1	142000	32	0
8	16	1	142000	64	0
8	16	1	142000	128	0
8	16	1	142000	256	0
8	16	1	142000	512	0
8	16	1	142000	1024	0
8	16	1	142000	2048	0
8	16	1	142000	4096	0
8	16	1	142000	8192	0
8	16	1	142000	16384	0
8	16	1	142000	32768	0
8	16	1	142000	65536	0
8	16	1	142000	35500	0
8	16	1	142000	71000	0
8	16	1	142000	106500	0
8	16	1	142000	141998	0
8	16	1	142000	141999	0
8	17	4	157184	1	0
8	17	4	157184	2	0
8	17	4	157184	4	0
8	17	4	157184	8	0
8	17	4	157184	16	0
8	17	4	157184	32	0
8	17	4	157184	64	0
8	17	4	157184	128	0
8	17	4	157184	256	0
8	17	4	157184	512	0
8	17	4	157184	1024	0
8	17	4	157184	2048	0
8	17	4	157184	4096	0
8	17	4	157184	8192	0
8	17	4	157184	16384	0
8	17	4	157184	32768	0
8	17	4	157184	65536	0
8	17	4	157184	39296	0
8	17	4	157184	78592	0
8	17	4	157184	117888	0
8	17	4	157184	157182	0
8	17	4	157184	157183	0
8	19	3	148626	1	0
8	19	3	148626	2	0
8	19	3	148626	4	0
8	19	3	148626	8	0
8	19	3	148626	16	0
8	19	3	148626	32	0
8	19	3	148626	64	0
8	19	3	148626	128	0
8	19	3	148626	256	0
8	19	3	148626	512	0
8	19	3	148626	1024	0
8	19	3	148626	2048	0
8	19	3	148626	4096	0
8	19	3	148626	8192	0
8	19	3	148626	16384	0
8	19	3	148626	32768	0
8	19	3	148626	65536	0
8	19	3	148626	37156	0
8	19	3	148626	74313	0
8	19	3	148626	111469	0
8	19	3	148626	148624	0
8	19	3	148626	148625	0
9	7	0	157184	1	0
9	7	0	157184	2	0
9	7	0	157184	4	0
9	7	0	157184	8	0
9	7	0	157184	16	0
9	7	0	157184	32	0
9	7	0	157184	64	0
9	7	0	157184	128	0
9	7	0	157184	256	0
9	7	0	157184	512	0
9	7	0	157184	1024	0
9	7	0	157184	2048	0
9	7	0	157184	4096	0
9	7	0	157184	8192	0
9	7	0	157184	16384	0
9	7	0	157184	32768	0
9	7	0	157184	65536	0
9	7	0	157184	39296	0
9	7	0	157184	78592	0
9	7	0	157184	117888	0
9	7	0	157184	157182	0
9	7	0	157184	157183	0
9	17	0	157184	1	0
9	17	0	157184	2	0
9	17	0	157184	4	0
9	17	0	157184	8	0
9	17	0	157184	16	0
9	17	0	157184	32	0
9	17	0	157184	64	0
9	17	0	157184	128	0
9	17	0	157184	256	0
9	17	0	157184	512	0
9	17	0	157184	1024	0
9	17	0	157184	2048	0
9	17	0	157184	4096	0
9	17	0	157184	8192	0
9	17	0	157184	16384	0
9	17	0	157184	32768	0
9	17	0	157184	65536	0
9	17	0	157184	39296	0
9	17	0	157184	78592	0
9	17	0	157184	117888	0
9	17	0	157184	157182	0
9	17	0	157184	157183	0
10	6	0	157184	1	0
10	6	0	157184	2	0
10	6	0	157184	4	0
10	6	0	157184	8	0
10	6	0	157184	16	0
10	6	0	157184	32	0
10	6	0	157184	64	0
10	6	0	157184	128	0
10	6	0	157184	256	0
10	6	0	157184	512	0
10	6	0	157184	1024	0
10	6	0	157184	2048	0
10	6	0	157184	4096	0
10	6	0	157184	8192	0
10	6	0	157184	16384	0
10	6	0	157184	32768	0
10	6	0	157184	65536	0
10	6	0	157184	39296	0
10	6	0	157184	78592	0
10	6	0	157184	117888	0
10	6	0	157184	157182	0
10	6	0	157184	157183	0
10	12	0	157184	1	0
10	12	0	157184	2	0
10	12	0	157184	4	0
10	12	0	157184	8	0
10	12	0	157184	16	0
10	12	0	157184	32	0
10	12	0	157184	64	0
10	12	0	157184	128	0
10	12	0	157184	256	0
10	12	0	157184	512	0
10	12	0	157184	1024	0
10	12	0	157184	2048	0
10	12	0	157184	4096	0
10	12	0	157184	8192	0
10	12	0	157184	16384	0
10	12	0	157184	32768	0
10	12	0	157184	65536	0
10	12	0	157184	39296	0
10	12	0	157184	78592	0
10	12	0	157184	117888	0
10	12	0	157184	157182	0
10	12	0	157184	157183	0
11	6	0	157184	1	0
11	6	0	157184	2	0
11	6	0	157184	4	0
11	6	0	157184	8	0
11	6	0	157184	16	0
11	6	0	157184	32	0
11	6	0	157184	64	0
11	6	0	157184	128	0
11	6	0	157184	256	0
11	6	0	157184	512	0
11	6	0	157184	1024	0
11	6	0	157184	2048	0
11	6	0	157184	4096	0
11	6	0	157184	8192	0
11	6	0	157184	16384	0
11	6	0	157184	32768	0
11	6	0	157184	65536	0
11	6	0	157184	39296	0
11	6	0	157184	78592	0
11	6	0	157184	117888	0
11	6	0	157184	157182	0
11	6	0	157184	157183	0
11	12	0	157184	1	0
11	12	0	157184	2	0
11	12	0	157184	4	0
11	12	0	157184	8	0
11	12	0	157184	16	0
11	12	0	157184	32	0
11	12	0	157184	64	0
11	12	0	157184	128	0
11	12	0	157184	256	0
11	12	0	157184	512	0
11	12	0	157184	1024	0
11	12	0	157184	2048	0
11	12	0	157184	4096	0
11	12	0	157184	8192	0
11	12	0	157184	16384	0
11	12	0	157184	32768	0
11	12	0	157184	65536	0
11	12	0	157184	39296	0
11	12	0	157184	78592	0
11	12	0	157184	117888	0
11	12	0	157184	157182	0
11	12	0	157184	157183	0
11	18	4	147488	1	0
11	18	4	147488	2	0
11	18	4	147488	4	0
11	18	4	147488	8	0
11	18	4	147488	16	0
11	18	4	147488	32	0
11	18	4	147488	64	0
11	18	4	147488	128	0
11	18	4	147488	256	0
11	18	4	147488	512	0
11	18	4	147488	1024	0
11	18	4	147488	2048	0
11	18	4	147488	4096	0
11	18	4	147488	8192	0
11	18	4	147488	16384	0
11	18	4	147488	32768	0
11	18	4	147488	65536	0
11	18	4	147488	36872	0
11	18	4	147488	73744	0
11	18	4	147488	110616	0
11	18	4	147488	147486	0
11	18	4	147488	147487	0
4	9	0	332688	1	0
4	9	0	332688	2	0
4	9	0	332688	4	0
4	9	0	332688	8	0
4	9	0	332688	16	0
4	9	0	332688	32	0
4	9	0	332688	64	0
4	9	0	332688	128	0
4	9	0	332688	256	0
4	9	0	332688	512	0
4	9	0	332688	1024	0
4	9	0	332688	2048	0
4	9	0	332688	4096	0
4	9	0	332688	8192	0
4	9	0	332688	16384	0
4	9	0	332688	32768	0
4	9	0	332688	65536	0
4	9	0	332688	131072	0
4	9	0	332688	83172	0
4	9	0	332688	166344	0
4	9	0	332688	249516	0
4	9	0	332688	332686	0
4	9	0	332688	332687	0
4	11	0	332688	1	0
4	11	0	332688	2	0
4	11	0	332688	4	0
4	11	0	332688	8	0
4	11	0	332688	16	0
4	11	0	332688	32	0
4	11	0	332688	64	0
4	11	0	332688	128	0
4	11	0	332688	256	0
4	11	0	332688	512	0
4	11	0	332688	1024	0
4	11	0	332688	2048	0
4	11	0	332688	4096	0
4	11	0	332688	8192	0
4	11	0	332688	16384	0
4	11	0	332688	32768	0
4	11	0	332688	65536	0
4	11	0	332688	131072	0
4	11	0	332688	83172	0
4	11	0	332688	166344	0
4	11	0	332688	249516	0
4	11	0	332688	332686	0
4	11	0	332688	332687	0
5	13	0	332688	1	0
5	13	0	332688	2	0
5	13	0	332688	4	0
5	13	0	332688	8	0
5	13	0	332688	16	0
5	13	0	332688	32	0
5	13	0	332688	64	0
5	13	0	332688	128	0
5	13	0	332688	256	0
5	13	0	332688	512	0
5	13	0	332688	1024	0
5	13	0	332688	2048	0
5	13	0	332688	4096	0
5	13	0	332688	8192	0
5	13	0	332688	16384	0
5	13	0	332688	32768	0
5	13	0	332688	65536	0
5	13	0	332688	131072	0
5	13	0	332688	83172	0
5	13	0	332688	166344	0
5	13	0	332688	249516	0
5	13	0	332688	332686	0
5	13	0	332688	332687	0
5	15	2	284000	1	0
5	15	2	284000	2	0
5	15	2	284000	4	0
5	15	2	284000	8	0
5	15	2	284000	16	0
5	15	2	284000	32	0
5	15	2	284000	64	0
5	15	2	284000	128	0
5	15	2	284000	256	0
5	15	2	284000	512	0
5	15	2	284000	1024	0
5	15	2	284000	2048	0
5	15	2	284000	4096	0
5	15	2	284000	8192	0
5	15	2	284000	16384	0
5	15	2	284000	32768	0
5	15	2	284000	65536	0
5	15	2	284000	131072	0
5	15	2	284000	71000	0
5	15	2	284000	142000	0
5	15	2	284000	213000	0
5	15	2	284000	283998	0
5	15	2	284000	283999	0
5	19	5	374274	1	0
5	19	5	374274	2	0
5	19	5	374274	4	0
5	19	5	374274	8	0
5	19	5	374274	16	0
5	19	5	374274	32	0
5	19	5	374274	64	0
5	19	5	374274	128	0
5	19	5	374274	256	0
5	19	5	374274	512	0
5	19	5	374274	1024	0
5	19	5	374274	2048	0
5	19	5	374274	4096	0
5	19	5	374274	8192	0
5	19	5	374274	16384	0
5	19	5	374274	32768	0
5	19	5	374274	65536	0
5	19	5	374274	131072	0
5	19	5	374274	93568	0
5	19	5	374274	187137	0
5	19	5	374274	280705	0
5	19	5	374274	374272	0
5	19	5	374274	374273	0
6	8	1	332688	1	0
6	8	1	332688	2	0
6	8	1	332688	4	0
6	8	1	332688	8	0
6	8	1	332688	16	0
6	8	1	332688	32	0
6	8	1	332688	64	0
6	8	1	332688	128	0
6	8	1	332688	256	0
6	8	1	332688	512	0
6	8	1	332688	1024	0
6	8	1	332688	2048	0
6	8	1	332688	4096	0
6	8	1	332688	8192	0
6	8	1	332688	16384	0
6	8	1	332688	32768	0
6	8	1	332688	65536	0
6	8	1	332688	131072	0
6	8	1	332688	83172	0
6	8	1	332688	166344	0
6	8	1	332688	249516	0
6	8	1	332688	332686	0
6	8	1	332688	332687	0
6	10	1	332688	1	0
6	10	1	332688	2	0
6	10	1	332688	4	0
6	10	1	332688	8	0
6	10	1	332688	16	0
6	10	1	332688	32	0
6	10	1	332688	64	0
6	10	1	332688	128	0
6	10	1	332688	256	0
6	10	1	332688	512	0
6	10	1	332688	1024	0
6	10	1	332688	2048	0
6	10	1	332688	4096	0
6	10	1	332688	8192	0
6	10	1	332688	16384	0
6	10	1	332688	32768	0
6	10	1	332688	65536	0
6	10	1	332688	131072	0
6	10	1	332688	83172	0
6	10	1	332688	166344	0
6	10	1	332688	249516	0
6	10	1	332688	332686	0
6	10	1	332688	332687	0
6	17	2	332688	1	0
6	17	2	332688	2	0
6	17	2	332688	4	0
6	17	2	332688	8	0
6	17	2	332688	16	0
6	17	2	332688	32	0
6	17	2	332688	64	0
6	17	2	332688	128	0
6	17	2	332688	256	0
6	17	2	332688	512	0
6	17	2	332688	1024	0
6	17	2	332688	2048	0
6	17	2	332688	4096	0
6	17	2	332688	8192	0
6	17	2	332688	16384	0
6	17	2	332688	32768	0
6	17	2	332688	65536	0
6	17	2	332688	131072	0
6	17	2	332688	83172	0
6	17	2	332688	166344	0
6	17	2	332688	249516	0
6	17	2	332688	332686	0
6	17	2	332688	332687	0
7	7	0	332688	1	0
7	7	0	332688	2	0
7	7	0	332688	4	0
7	7	0	332688	8	0
7	7	0	332688	16	0
7	7	0	332688	32	0
7	7	0	332688	64	0
7	7	0	332688	128	0
7	7	0	332688	256	0
7	7	0	332688	512	0
7	7	0	332688	1024	0
7	7	0	332688	2048	0
7	7	0	332688	4096	0
7	7	0	332688	8192	0
7	7	0	332688	16384	0
7	7	0	332688	32768	0
7	7	0	332688	65536	0
7	7	0	332688	131072	0
7	7	0	332688	83172	0
7	7	0	332688	166344	0
7	7	0	332688	249516	0
7	7	0	332688	332686	0
7	7	0	332688	332687	0
7	17	0	285088	1	0
7	17	0	285088	2	0
7	17	0	285088	4	0
7	17	0	285088	8	0
7	17	0	285088	16	0
7	17	0	285088	32	0
7	17	0	285088	64	0
7	17	0	285088	128	0
7	17	0	285088	256	0
7	17	0	285088	512	0
7	17	0	285088	1024	0
7	17	0	285088	2048	0
7	17	0	285088	4096	0
7	17	0	285088	8192	0
7	17	0	285088	16384	0
7	17	0	285088	32768	0
7	17	0	285088	65536	0
7	17	0	285088	131072	0
7	17	0	285088	71272	0
7	17	0	285088	142544	0
7	17	0	285088	213816	0
7	17	0	285088	285086	0
7	17	0	285088	285087	0
7	17	1	285088	1	0
7	17	1	285088	2	0
7	17	1	285088	4	0
7	17	1	285088	8	0
7	17	1	285088	16	0
7	17	1	285088	32	0
7	17	1	285088	64	0
7	17	1	285088	128	0
7	17	1	285088	256	0
7	17	1	285088	512	0
7	17	1	285088	1024	0
7	17	1	285088	2048	0
7	17	1	285088	4096	0
7	17	1	285088	8192	0
7	17	1	285088	16384	0
7	17	1	285088	32768	0
7	17	1	285088	65536	0
7	17	1	285088	131072	0
7	17	1	285088	71272	0
7	17	1	285088	142544	0
7	17	1	285088	213816	0
7	17	1	285088	285086	0
7	17	1	285088	285087	0
7	18	3	423092	1	0
7	18	3	423092	2	0
7	18	3	423092	4	0
7	18	3	423092	8	0
7	18	3	423092	16	0
7	18	3	423092	32	0
7	18	3	423092	64	0
7	18	3	423092	128	0
7	18	3	423092	256	0
7	18	3	423092	512	0
7	18	3	423092	1024	0
7	18	3	423092	2048	0
7	18	3	423092	4096	0
7	18	3	423092	8192	0
7	18	3	423092	16384	0
7	18	3	423092	32768	0
7	18	3	423092	65536	0
7	18	3	423092	131072	0
7	18	3	423092	105773	0
7	18	3	423092	211546	0
7	18	3	423092	317319	0
7	18	3	423092	423090	0
7	18	3	423092	423091	0
8	19	5	374274	1	0
8	19	5	374274	2	0
8	19	5	374274	4	0
8	19	5	374274	8	0
8	19	5	374274	16	0
8	19	5	374274	32	0
8	19	5	374274	64	0
8	19	5	374274	128	0
8	19	5	374274	256	0
8	19	5	374274	512	0
8	19	5	374274	1024	0
8	19	5	374274	2048	0
8	19	5	374274	4096	0
8	19	5	374274	8192	0
8	19	5	374274	16384	0
8	19	5	374274	32768	0
8	19	5	374274	65536	0
8	19	5	374274	131072	0
8	19	5	374274	93568	0
8	19	5	374274	187137	0
8	19	5	374274	280705	0
8	19	5	374274	374272	0
8	19	5	374274	374273	0
9	6	0	332688	1	0
9	6	0	332688	2	0
9	6	0	332688	4	0
9	6	0	332688	8	0
9	6	0	332688	16	0
9	6	0	332688	32	0
9	6	0	332688	64	0
9	6	0	332688	128	0
9	6	0	332688	256	0
9	6	0	332688	512	0
9	6	0	332688	1024	0
9	6	0	332688	2048	0
9	6	0	332688	4096	0
9	6	0	332688	8192	0
9	6	0	332688	16384	0
9	6	0	332688	32768	0
9	6	0	332688	65536	0
9	6	0	332688	131072	0
9	6	0	332688	83172	0
9	6	0	332688	166344	0
9	6	0	332688	249516	0
9	6	0	332688	332686	0
9	6	0	332688	332687	0
9	14	2	285088	1	0
9	14	2	285088	2	0
9	14	2	285088	4	0
9	14	2	285088	8	0
9	14	2	285088	16	0
9	14	2	285088	32	0
9	14	2	285088	64	0
9	14	2	285088	128	0
9	14	2	285088	256	0
9	14	2	285088	512	0
9	14	2	285088	1024	0
9	14	2	285088	2048	0
9	14	2	285088	4096	0
9	14	2	285088	8192	0
9	14	2	285088	16384	0
9	14	2	285088	32768	0
9	14	2	285088	65536	0
9	14	2	285088	131072	0
9	14	2	285088	71272	0
9	14	2	285088	142544	0
9	14	2	285088	213816	0
9	14	2	285088	285086	0
9	14	2	285088	285087	0
9	18	2	284000	1	0
9	18	2	284000	2	0
9	18	2	284000	4	0
9	18	2	284000	8	0
9	18	2	284000	16	0
9	18	2	284000	32	0
9	18	2	284000	64	0
9	18	2	284000	128	0
9	18	2	284000	256	0
9	18	2	284000	512	0
9	18	2	284000	1024	0
9	18	2	284000	2048	0
9	18	2	284000	4096	0
9	18	2	284000	8192	0
9	18	2	284000	16384	0
9	18	2	284000	32768	0
9	18	2	284000	65536	0
9	18	2	284000	131072	0
9	18	2	284000	71000	0
9	18	2	284000	142000	0
9	18	2	284000	213000	0
9	18	2	284000	283998	0
9	18	2	284000	283999	0
9	18	3	284000	1	0
9	18	3	284000	2	0
9	18	3	284000	4	0
9	18	3	284000	8	0
9	18	3	284000	16	0
9	18	3	284000	32	0
9	18	3	284000	64	0
9	18	3	284000	128	0
9	18	3	284000	256	0
9	18	3	284000	512	0
9	18	3	284000	1024	0
9	18	3	284000	2048	0
9	18	3	284000	4096	0
9	18	3	284000	8192	0
9	18	3	284000	16384	0
9	18	3	284000	32768	0
9	18	3	284000	65536	0
9	18	3	284000	131072	0
9	18	3	284000	71000	0
9	18	3	284000	142000	0
9	18	3	284000	213000	0
9	18	3	284000	283998	0
9	18	3	284000	283999	0
9	18	5	284000	1	0
9	18	5	284000	2	0
9	18	5	284000	4	0
9	18	5	284000	8	0
9	18	5	284000	16	0
9	18	5	284000	32	0
9	18	5	284000	64	0
9	18	5	284000	128	0
9	18	5	284000	256	0
9	18	5	284000	512	0
9	18	5	284000	1024	0
9	18	5	284000	2048	0
9	18	5	284000	4096	0
9	18	5	284000	8192	0
9	18	5	284000	16384	0
9	18	5	284000	32768	0
9	18	5	284000	65536	0
9	18	5	284000	131072	0
9	18	5	284000	71000	0
9	18	5	284000	142000	0
9	18	5	284000	213000	0
9	18	5	284000	283998	0
9	18	5	284000	283999	0
9	19	1	511668	1	0
9	19	1	511668	2	0
9	19	1	511668	4	0
9	19	1	511668	8	0
9	19	1	511668	16	0
9	19	1	511668	32	0
9	19	1	511668	64	0
9	19	1	511668	128	0
9	19	1	511668	256	0
9	19	1	511668	512	0
9	19	1	511668	1024	0
9	19	1	511668	2048	0
9	19	1	511668	4096	0
9	19	1	511668	8192	0
9	19	1	511668	16384	0
9	19	1	511668	32768	0
9	19	1	511668	65536	0
9	19	1	511668	131072	0
9	19	1	511668	127917	0
9	19	1	511668	255834	0
9	19	1	511668	383751	0
9	19	1	511668	511666	0
9	19	1	511668	511667	0
10	5	0	332688	1	0
10	5	0	332688	2	0
10	5	0	332688	4	0
10	5	0	332688	8	0
10	5	0	332688	16	0
10	5	0	332688	32	0
10	5	0	332688	64	0
10	5	0	332688	128	0
10	5	0	332688	256	0
10	5	0	332688	512	0
10	5	0	332688	1024	0
10	5	0	332688	2048	0
10	5	0	332688	4096	0
10	5	0	332688	8192	0
10	5	0	332688	16384	0
10	5	0	332688	32768	0
10	5	0	332688	65536	0
10	5	0	332688	131072	0
10	5	0	332688	83172	0
10	5	0	332688	166344	0
10	5	0	332688	249516	0
10	5	0	332688	332686	0
10	5	0	332688	332687	0
10	12	2	285088	1	0
10	12	2	285088	2	0
10	12	2	285088	4	0
10	12	2	285088	8	0
10	12	2	285088	16	0
10	12	2	285088	32	0
10	12	2	285088	64	0
10	12	2	285088	128	0
10	12	2	285088	256	0
10	12	2	285088	512	0
10	12	2	285088	1024	0
10	12	2	285088	2048	0
10	12	2	285088	4096	0
10	12	2	285088	8192	0
10	12	2	285088	16384	0
10	12	2	285088	32768	0
10	12	2	285088	65536	0
10	12	2	285088	131072	0
10	12	2	285088	71272	0
10	12	2	285088	142544	0
10	12	2	285088	213816	0
10	12	2	285088	285086	0
10	12	2	285088	285087	0
10	18	2	284000	1	0
10	18	2	284000	2	0
10	18	2	284000	4	0
10	18	2	284000	8	0
10	18	2	284000	16	0
10	18	2	284000	32	0
10	18	2	284000	64	0
10	18	2	284000	128	0
10	18	2	284000	256	0
10	18	2	284000	512	0
10	18	2	284000	1024	0
10	18	2	284000	2048	0
10	18	2	284000	4096	0
10	18	2	284000	8192	0
10	18	2	284000	16384	0
10	18	2	284000	32768	0
10	18	2	284000	65536	0
10	18	2	284000	131072	0
10	18	2	284000	71000	0
10	18	2	284000	142000	0
10	18	2	284000	213000	0
10	18	2	284000	283998	0
10	18	2	284000	283999	0
10	18	3	284000	1	0
10	18	3	284000	2	0
10	18	3	284000	4	0
10	18	3	284000	8	0
10	18	3	284000	16	0
10	18	3	284000	32	0
10	18	3	284000	64	0
10	18	3	284000	128	0
10	18	3	284000	256	0
10	18	3	284000	512	0
10	18	3	284000	1024	0
10	18	3	284000	2048	0
10	18	3	284000	4096	0
10	18	3	284000	8192	0
10	18	3	284000	16384	0
10	18	3	284000	32768	0
10	18	3	284000	65536	0
10	18	3	284000	131072	0
10	18	3	284000	71000	0
10	18	3	284000	142000	0
10	18	3	284000	213000	0
10	18	3	284000	283998	0
10	18	3	284000	283999	0
11	5	0	332688	1	0
11	5	0	332688	2	0
11	5	0	332688	4	0
11	5	0	332688	8	0
11	5	0	332688	16	0
11	5	0	332688	32	0
11	5	0	332688	64	0
11	5	0	332688	128	0
11	5	0	332688	256	0
11	5	0	332688	512	0
11	5	0	332688	1024	0
11	5	0	332688	2048	0
11	5	0	332688	4096	0
11	5	0	332688	8192	0
11	5	0	332688	16384	0
11	5	0	332688	32768	0
11	5	0	332688	65536	0
11	5	0	332688	131072	0
11	5	0	332688	83172	0
11	5	0	332688	166344	0
11	5	0	332688	249516	0
11	5	0	332688	332686	0
11	5	0	332688	332687	0
11	12	2	285088	1	0
11	12	2	285088	2	0
11	12	2	285088	4	0
11	12	2	285088	8	0
11	12	2	285088	16	0
11	12	2	285088	32	0
11	12	2	285088	64	0
11	12	2	285088	128	0
11	12	2	285088	256	0
11	12	2	285088	512	0
11	12	2	285088	1024	0
11	12	2	285088	2048	0
11	12	2	285088	4096	0
11	12	2	285088	8192	0
11	12	2	285088	16384	0
11	12	2	285088	32768	0
11	12	2	285088	65536	0
11	12	2	285088	131072	0
11	12	2	285088	71272	0
11	12	2	285088	142544	0
11	12	2	285088	213816	0
11	12	2	285088	285086	0
11	12	2	285088	285087	0
11	15	0	284000	1	0
11	15	0	284000	2	0
11	15	0	284000	4	0
11	15	0	284000	8	0
11	15	0	284000	16	0
11	15	0	284000	32	0
11	15	0	284000	64	0
11	15	0	284000	128	0
11	15	0	284000	256	0
11	15	0	284000	512	0
11	15	0	284000	1024	0
11	15	0	284000	2048	0
11	15	0	284000	4096	0
11	15	0	284000	8192	0
11	15	0	284000	16384	0
11	15	0	284000	32768	0
11	15	0	284000	65536	0
11	15	0	284000	131072	0
11	15	0	284000	71000	0
11	15	0	284000	142000	0
11	15	0	284000	213000	0
11	15	0	284000	283998	0
11	15	0	284000	283999	0
11	15	1	284000	1	0
11	15	1	284000	2	0
11	15	1	284000	4	0
11	15	1	284000	8	0
11	15	1	284000	16	0
11	15	1	284000	32	0
11	15	1	284000	64	0
11	15	1	284000	128	0
11	15	1	284000	256	0
11	15	1	284000	512	0
11	15	1	284000	1024	0
11	15	1	284000	2048	0
11	15	1	284000	4096	0
11	15	1	284000	8192	0
11	15	1	284000	16384	0
11	15	1	284000	32768	0
11	15	1	284000	65536	0
11	15	1	284000	131072	0
11	15	1	284000	71000	0
11	15	1	284000	142000	0
11	15	1	284000	213000	0
11	15	1	284000	283998	0
11	15	1	284000	283999	0
11	16	0	284000	1	0
11	16	0	284000	2	0
11	16	0	284000	4	0
11	16	0	284000	8	0
11	16	0	284000	16	0
11	16	0	284000	32	0
11	16	0	284000	64	0
11	16	0	284000	128	0
11	16	0	284000	256	0
11	16	0	284000	512	0
11	16	0	284000	1024	0
11	16	0	284000	2048	0
11	16	0	284000	4096	0
11	16	0	284000	8192	0
11	16	0	284000	16384	0
11	16	0	284000	32768	0
11	16	0	284000	65536	0
11	16	0	284000	131072	0
11	16	0	284000	71000	0
11	16	0	284000	142000	0
11	16	0	284000	213000	0
11	16	0	284000	283998	0
11	16	0	284000	283999	0
11	16	1	284000	1	0
11	16	1	284000	2	0
11	16	1	284000	4	0
11	16	1	284000	8	0
11	16	1	284000	16	0
11	16	1	284000	32	0
11	16	1	284000	64	0
11	16	1	284000	128	0
11	16	1	284000	256	0
11	16	1	284000	512	0
11	16	1	284000	1024	0
11	16	1	284000	2048	0
11	16	1	284000	4096	0
11	16	1	284000	8192	0
11	16	1	284000	16384	0
11	16	1	284000	32768	0
11	16	1	284000	65536	0
11	16	1	284000	131072	0
11	16	1	284000	71000	0
11	16	1	284000	142000	0
11	16	1	284000	213000	0
11	16	1	284000	283998	0
11	16	1	284000	283999	0
11	17	0	285088	1	0
11	17	0	285088	2	0
11	17	0	285088	4	0
11	17	0	285088	8	0
11	17	0	285088	16	0
11	17	0	285088	32	0
11	17	0	285088	64	0
11	17	0	285088	128	0
11	17	0	285088	256	0
11	17	0	285088	512	0
11	17	0	285088	1024	0
11	17	0	285088	2048	0
11	17	0	285088	4096	0
11	17	0	285088	8192	0
11	17	0	285088	16384	0
11	17	0	285088	32768	0
11	17	0	285088	65536	0
11	17	0	285088	131072	0
11	17	0	285088	71272	0
11	17	0	285088	142544	0
11	17	0	285088	213816	0
11	17	0	285088	285086	0
11	17	0	285088	285087	0
4	8	0	658048	1	0
4	8	0	658048	2	0
4	8	0	658048	4	0
4	8	0	658048	8	0
4	8	0	658048	16	0
4	8	0	658048	32	0
4	8	0	658048	64	0
4	8	0	658048	128	0
4	8	0	658048	256	0
4	8	0	658048	512	0
4	8	0	658048	1024	0
4	8	0	658048	2048	0
4	8	0	658048	4096	0
4	8	0	658048	8192	0
4	8	0	658048	16384	0
4	8	0	658048	32768	0
4	8	0	658048	65536	0
4	8	0	658048	131072	0
4	8	0	658048	262144	0
4	8	0	658048	164512	0
4	8	0	658048	329024	0
4	8	0	658048	493536	0
4	8	0	658048	658046	0
4	8	0	658048	658047	0
4	16	0	1038984	1	0
4	16	0	1038984	2	0
4	16	0	1038984	4	0
4	16	0	1038984	8	0
4	16	0	1038984	16	0
4	16	0	1038984	32	0
4	16	0	1038984	64	0
4	16	0	1038984	128	0
4	16	0	1038984	256	0
4	16	0	1038984	512	0
4	16	0	1038984	1024	0
4	16	0	1038984	2048	0
4	16	0	1038984	4096	0
4	16	0	1038984	8192	0
4	16	0	1038984	16384	0
4	16	0	1038984	32768	0
4	16	0	1038984	65536	0
4	16	0	1038984	131072	0
4	16	0	1038984	262144	0
4	16	0	1038984	259746	0
4	16	0	1038984	519492	0
4	16	0	1038984	779238	0
4	16	0	1038984	1038982	0
4	16	0	1038984	1038983	0
4	18	0	581184	1	0
4	18	0	581184	2	0
4	18	0	581184	4	0
4	18	0	581184	8	0
4	18	0	581184	16	0
4	18	0	581184	32	0
4	18	0	581184	64	0
4	18	0	581184	128	0
4	18	0	581184	256	0
4	18	0	581184	512	0
4	18	0	581184	1024	0
4	18	0	581184	2048	0
4	18	0	581184	4096	0
4	18	0	581184	8192	0
4	18	0	581184	16384	0
4	18	0	581184	32768	0
4	18	0	581184	65536	0
4	18	0	581184	131072	0
4	18	0	581184	262144	0
4	18	0	581184	145296	0
4	18	0	581184	290592	0
4	18	0	581184	435888	0
4	18	0	581184	581182	0
4	18	0	581184	581183	0
5	9	0	658048	1	0
5	9	0	658048	2	0
5	9	0	658048	4	0
5	9	0	658048	8	0
5	9	0	658048	16	0
5	9	0	658048	32	0
5	9	0	658048	64	0
5	9	0	658048	128	0
5	9	0	658048	256	0
5	9	0	658048	512	0
5	9	0	658048	1024	0
5	9	0	658048	2048	0
5	9	0	658048	4096	0
5	9	0	658048	8192	0
5	9	0	658048	16384	0
5	9	0	658048	32768	0
5	9	0	658048	65536	0
5	9	0	658048	131072	0
5	9	0	658048	262144	0
5	9	0	658048	164512	0
5	9	0	658048	329024	0
5	9	0	658048	493536	0
5	9	0	658048	658046	0
5	9	0	658048	658047	0
5	9	1	658048	1	0
5	9	1	658048	2	0
5	9	1	658048	4	0
5	9	1	658048	8	0
5	9	1	658048	16	0
5	9	1	658048	32	0
5	9	1	658048	64	0
5	9	1	658048	128	0
5	9	1	658048	256	0
5	9	1	658048	512	0
5	9	1	658048	1024	0
5	9	1	658048	2048	0
5	9	1	658048	4096	0
5	9	1	658048	8192	0
5	9	1	658048	16384	0
5	9	1	658048	32768	0
5	9	1	658048	65536	0
5	9	1	658048	131072	0
5	9	1	658048	262144	0
5	9	1	658048	164512	0
5	9	1	658048	329024	0
5	9	1	658048	493536	0
5	9	1	658048	658046	0
5	9	1	658048	658047	0
5	11	0	658048	1	0
5	11	0	658048	2	0
5	11	0	658048	4	0
5	11	0	658048	8	0
5	11	0	658048	16	0
5	11	0	658048	32	0
5	11	0	658048	64	0
5	11	0	658048	128	0
5	11	0	658048	256	0
5	11	0	658048	512	0
5	11	0	658048	1024	0
5	11	0	658048	2048	0
5	11	0	658048	4096	0
5	11	0	658048	8192	0
5	11	0	658048	16384	0
5	11	0	658048	32768	0
5	11	0	658048	65536	0
5	11	0	658048	131072	0
5	11	0	658048	262144	0
5	11	0	658048	164512	0
5	11	0	658048	329024	0
5	11	0	658048	493536	0
5	11	0	658048	658046	0
5	11	0	658048	658047	0
5	15	4	1022760	1	0
5	15	4	1022760	2	0
5	15	4	1022760	4	0
5	15	4	1022760	8	0
5	15	4	1022760	16	0
5	15	4	1022760	32	0
5	15	4	1022760	64	0
5	15	4	1022760	128	0
5	15	4	1022760	256	0
5	15	4	1022760	512	0
5	15	4	1022760	1024	0
5	15	4	1022760	2048	0
5	15	4	1022760	4096	0
5	15	4	1022760	8192	0
5	15	4	1022760	16384	0
5	15	4	1022760	32768	0
5	15	4	1022760	65536	0
5	15	4	1022760	131072	0
5	15	4	1022760	262144	0
5	15	4	1022760	255690	0
5	15	4	1022760	511380	0
5	15	4	1022760	767070	0
5	15	4	1022760	1022758	0
5	15	4	1022760	1022759	0
5	17	0	658048	1	0
5	17	0	658048	2	0
5	17	0	658048	4	0
5	17	0	658048	8	0
5	17	0	658048	16	0
5	17	0	658048	32	0
5	17	0	658048	64	0
5	17	0	658048	128	0
5	17	0	658048	256	0
5	17	0	658048	512	0
5	17	0	658048	1024	0
5	17	0	658048	2048	0
5	17	0	658048	4096	0
5	17	0	658048	8192	0
5	17	0	658048	16384	0
5	17	0	658048	32768	0
5	17	0	658048	65536	0
5	17	0	658048	131072	0
5	17	0	658048	262144	0
5	17	0	658048	164512	0
5	17	0	658048	329024	0
5	17	0	658048	493536	0
5	17	0	658048	658046	0
5	17	0	658048	658047	0
5	17	2	658048	1	0
5	17	2	658048	2	0
5	17	2	658048	4	0
5	17	2	658048	8	0
5	17	2	658048	16	0
5	17	2	658048	32	0
5	17	2	658048	64	0
5	17	2	658048	128	0
5	17	2	658048	256	0
5	17	2	658048	512	0
5	17	2	658048	1024	0
5	17	2	658048	2048	0
5	17	2	658048	4096	0
5	17	2	658048	8192	0
5	17	2	658048	16384	0
5	17	2	658048	32768	0
5	17	2	658048	65536	0
5	17	2	658048	131072	0
5	17	2	658048	262144	0
5	17	2	658048	164512	0
5	17	2	658048	329024	0
5	17	2	658048	493536	0
5	17	2	658048	658046	0
5	17	2	658048	658047	0
5	18	4	1022760	1	0
5	18	4	1022760	2	0
5	18	4	1022760	4	0
5	18	4	1022760	8	0
5	18	4	1022760	16	0
5	18	4	1022760	32	0
5	18	4	1022760	64	0
5	18	4	1022760	128	0
5	18	4	1022760	256	0
5	18	4	1022760	512	0
5	18	4	1022760	1024	0
5	18	4	1022760	2048	0
5	18	4	1022760	4096	0
5	18	4	1022760	8192	0
5	18	4	1022760	16384	0
5	18	4	1022760	32768	0
5	18	4	1022760	65536	0
5	18	4	1022760	131072	0
5	18	4	1022760	262144	0
5	18	4	1022760	255690	0
5	18	4	1022760	511380	0
5	18	4	1022760	767070	0
5	18	4	1022760	1022758	0
5	18	4	1022760	1022759	0
6	15	0	1038984	1	0
6	15	0	1038984	2	0
6	15	0	1038984	4	0
6	15	0	1038984	8	0
6	15	0	1038984	16	0
6	15	0	1038984	32	0
6	15	0	1038984	64	0
6	15	0	1038984	128	0
6	15	0	1038984	256	0
6	15	0	1038984	512	0
6	15	0	1038984	1024	0
6	15	0	1038984	2048	0
6	15	0	1038984	4096	0
6	15	0	1038984	8192	0
6	15	0	1038984	16384	0
6	15	0	1038984	32768	0
6	15	0	1038984	65536	0
6	15	0	1038984	131072	0
6	15	0	1038984	262144	0
6	15	0	1038984	259746	0
6	15	0	1038984	519492	0
6	15	0	1038984	779238	0
6	15	0	1038984	1038982	0
6	15	0	1038984	1038983	0
6	16	3	1022760	1	0
6	16	3	1022760	2	0
6	16	3	1022760	4	0
6	16	3	1022760	8	0
6	16	3	1022760	16	0
6	16	3	1022760	32	0
6	16	3	1022760	64	0
6	16	3	1022760	128	0
6	16	3	1022760	256	0
6	16	3	1022760	512	0
6	16	3	1022760	1024	0
6	16	3	1022760	2048	0
6	16	3	1022760	4096	0
6	16	3	1022760	8192	0
6	16	3	1022760	16384	0
6	16	3	1022760	32768	0
6	16	3	1022760	65536	0
6	16	3	1022760	131072	0
6	16	3	1022760	262144	0
6	16	3	1022760	255690	0
6	16	3	1022760	511380	0
6	16	3	1022760	767070	0
6	16	3	1022760	1022758	0
6	16	3	1022760	1022759	0
8	7	0	658048	1	0
8	7	0	658048	2	0
8	7	0	658048	4	0
8	7	0	658048	8	0
8	7	0	658048	16	0
8	7	0	658048	32	0
8	7	0	658048	64	0
8	7	0	658048	128	0
8	7	0	658048	256	0
8	7	0	658048	512	0
8	7	0	658048	1024	0
8	7	0	658048	2048	0
8	7	0	658048	4096	0
8	7	0	658048	8192	0
8	7	0	658048	16384	0
8	7	0	658048	32768	0
8	7	0	658048	65536	0
8	7	0	658048	131072	0
8	7	0	658048	262144	0
8	7	0	658048	164512	0
8	7	0	658048	329024	0
8	7	0	658048	493536	0
8	7	0	658048	658046	0
8	7	0	658048	658047	0
8	12	0	699392	1	0
8	12	0	699392	2	0
8	12	0	699392	4	0
8	12	0	699392	8	0
8	12	0	699392	16	0
8	12	0	699392	32	0
8	12	0	699392	64	0
8	12	0	699392	128	0
8	12	0	699392	256	0
8	12	0	699392	512	0
8	12	0	699392	1024	0
8	12	0	699392	2048	0
8	12	0	699392	4096	0
8	12	0	699392	8192	0
8	12	0	699392	16384	0
8	12	0	699392	32768	0
8	12	0	699392	65536	0
8	12	0	699392	131072	0
8	12	0	699392	262144	0
8	12	0	699392	174848	0
8	12	0	699392	349696	0
8	12	0	699392	524544	0
8	12	0	699392	699390	0
8	12	0	699392	699391	0
8	14	1	658048	1	0
8	14	1	658048	2	0
8	14	1	658048	4	0
8	14	1	658048	8	0
8	14	1	658048	16	0
8	14	1	658048	32	0
8	14	1	658048	64	0
8	14	1	658048	128	0
8	14	1	658048	256	0
8	14	1	658048	512	0
8	14	1	658048	1024	0
8	14	1	658048	2048	0
8	14	1	658048	4096	0
8	14	1	658048	8192	0
8	14	1	658048	16384	0
8	14	1	658048	32768	0
8	14	1	658048	65536	0
8	14	1	658048	131072	0
8	14	1	658048	262144	0
8	14	1	658048	164512	0
8	14	1	658048	329024	0
8	14	1	658048	493536	0
8	14	1	658048	658046	0
8	14	1	658048	658047	0
8	16	2	581184	1	0
8	16	2	581184	2	0
8	16	2	581184	4	0
8	16	2	581184	8	0
8	16	2	581184	16	0
8	16	2	581184	32	0
8	16	2	581184	64	0
8	16	2	581184	128	0
8	16	2	581184	256	0
8	16	2	581184	512	0
8	16	2	581184	1024	0
8	16	2	581184	2048	0
8	16	2	581184	4096	0
8	16	2	581184	8192	0
8	16	2	581184	16384	0
8	16	2	581184	32768	0
8	16	2	581184	65536	0
8	16	2	581184	131072	0
8	16	2	581184	262144	0
8	16	2	581184	145296	0
8	16	2	581184	290592	0
8	16	2	581184	435888	0
8	16	2	581184	581182	0
8	16	2	581184	581183	0
8	19	1	864146	1	0
8	19	1	864146	2	0
8	19	1	864146	4	0
8	19	1	864146	8	0
8	19	1	864146	16	0
8	19	1	864146	32	0
8	19	1	864146	64	0
8	19	1	864146	128	0
8	19	1	864146	256	0
8	19	1	864146	512	0
8	19	1	864146	1024	0
8	19	1	864146	2048	0
8	19	1	864146	4096	0
8	19	1	864146	8192	0
8	19	1	864146	16384	0
8	19	1	864146	32768	0
8	19	1	864146	65536	0
8	19	1	864146	131072	0
8	19	1	864146	262144	0
8	19	1	864146	216036	0
8	19	1	864146	432073	0
8	19	1	864146	648109	0
8	19	1	864146	864144	0
8	19	1	864146	864145	0
8	20	3	568150	1	0
8	20	3	568150	2	0
8	20	3	568150	4	0
8	20	3	568150	8	0
8	20	3	568150	16	0
8	20	3	568150	32	0
8	20	3	568150	64	0
8	20	3	568150	128	0
8	20	3	568150	256	0
8	20	3	568150	512	0
8	20	3	568150	1024	0
8	20	3	568150	2048	0
8	20	3	568150	4096	0
8	20	3	568150	8192	0
8	20	3	568150	16384	0
8	20	3	568150	32768	0
8	20	3	568150	65536	0
8	20	3	568150	131072	0
8	20	3	568150	262144	0
8	20	3	568150	142037	0
8	20	3	568150	284075	0
8	20	3	568150	426112	0
8	20	3	568150	568148	0
8	20	3	568150	568149	0
9	4	0	658048	1	0
9	4	0	658048	2	0
9	4	0	658048	4	0
9	4	0	658048	8	0
9	4	0	658048	16	0
9	4	0	658048	32	0
9	4	0	658048	64	0
9	4	0	658048	128	0
9	4	0	658048	256	0
9	4	0	658048	512	0
9	4	0	658048	1024	0
9	4	0	658048	2048	0
9	4	0	658048	4096	0
9	4	0	658048	8192	0
9	4	0	658048	16384	0
9	4	0	658048	32768	0
9	4	0	658048	65536	0
9	4	0	658048	131072	0
9	4	0	658048	262144	0
9	4	0	658048	164512	0
9	4	0	658048	329024	0
9	4	0	658048	493536	0
9	4	0	658048	658046	0
9	4	0	658048	658047	0
9	5	0	658048	1	0
9	5	0	658048	2	0
9	5	0	658048	4	0
9	5	0	658048	8	0
9	5	0	658048	16	0
9	5	0	658048	32	0
9	5	0	658048	64	0
9	5	0	658048	128	0
9	5	0	658048	256	0
9	5	0	658048	512	0
9	5	0	658048	1024	0
9	5	0	658048	2048	0
9	5	0	658048	4096	0
9	5	0	658048	8192	0
9	5	0	658048	16384	0
9	5	0	658048	32768	0
9	5	0	658048	65536	0
9	5	0	658048	131072	0
9	5	0	658048	262144	0
9	5	0	658048	164512	0
9	5	0	658048	329024	0
9	5	0	658048	493536	0
9	5	0	658048	658046	0
9	5	0	658048	658047	0
9	14	0	658048	1	0
9	14	0	658048	2	0
9	14	0	658048	4	0
9	14	0	658048	8	0
9	14	0	658048	16	0
9	14	0	658048	32	0
9	14	0	658048	64	0
9	14	0	658048	128	0
9	14	0	658048	256	0
9	14	0	658048	512	0
9	14	0	658048	1024	0
9	14	0	658048	2048	0
9	14	0	658048	4096	0
9	14	0	658048	8192	0
9	14	0	658048	16384	0
9	14	0	658048	32768	0
9	14	0	658048	65536	0
9	14	0	658048	131072	0
9	14	0	658048	262144	0
9	14	0	658048	164512	0
9	14	0	658048	329024	0
9	14	0	658048	493536	0
9	14	0	658048	658046	0
9	14	0	658048	658047	0
10	4	0	658048	1	0
10	4	0	658048	2	0
10	4	0	658048	4	0
10	4	0	658048	8	0
10	4	0	658048	16	0
10	4	0	658048	32	0
10	4	0	658048	64	0
10	4	0	658048	128	0
10	4	0	658048	256	0
10	4	0	658048	512	0
10	4	0	658048	1024	0
10	4	0	658048	2048	0
10	4	0	658048	4096	0
10	4	0	658048	8192	0
10	4	0	658048	16384	0
10	4	0	658048	32768	0
10	4	0	658048	65536	0
10	4	0	658048	131072	0
10	4	0	658048	262144	0
10	4	0	658048	164512	0
10	4	0	658048	329024	0
10	4	0	658048	493536	0
10	4	0	658048	658046	0
10	4	0	658048	658047	0
10	16	0	1022760	1	0
10	16	0	1022760	2	0
10	16	0	1022760	4	0
10	16	0	1022760	8	0
10	16	0	1022760	16	0
10	16	0	1022760	32	0
10	16	0	1022760	64	0
10	16	0	1022760	128	0
10	16	0	1022760	256	0
10	16	0	1022760	512	0
10	16	0	1022760	1024	0
10	16	0	1022760	2048	0
10	16	0	1022760	4096	0
10	16	0	1022760	8192	0
10	16	0	1022760	16384	0
10	16	0	1022760	32768	0
10	16	0	1022760	65536	0
10	16	0	1022760	131072	0
10	16	0	1022760	262144	0
10	16	0	1022760	255690	0
10	16	0	1022760	511380	0
10	16	0	1022760	767070	0
10	16	0	1022760	1022758	0
10	16	0	1022760	1022759	0
10	18	1	1022760	1	0
10	18	1	1022760	2	0
10	18	1	1022760	4	0
10	18	1	1022760	8	0
10	18	1	1022760	16	0
10	18	1	1022760	32	0
10	18	1	1022760	64	0
10	18	1	1022760	128	0
10	18	1	1022760	256	0
10	18	1	1022760	512	0
10	18	1	1022760	1024	0
10	18	1	1022760	2048	0
10	18	1	1022760	4096	0
10	18	1	1022760	8192	0
10	18	1	1022760	16384	0
10	18	1	1022760	32768	0
10	18	1	1022760	65536	0
10	18	1	1022760	131072	0
10	18	1	1022760	262144	0
10	18	1	1022760	255690	0
10	18	1	1022760	511380	0
10	18	1	1022760	767070	0
10	18	1	1022760	1022758	0
10	18	1	1022760	1022759	0
11	4	0	658048	1	0
11	4	0	658048	2	0
11	4	0	658048	4	0
11	4	0	658048	8	0
11	4	0	658048	16	0
11	4	0	658048	32	0
11	4	0	658048	64	0
11	4	0	658048	128	0
11	4	0	658048	256	0
11	4	0	658048	512	0
11	4	0	658048	1024	0
11	4	0	658048	2048	0
11	4	0	658048	4096	0
11	4	0	658048	8192	0
11	4	0	658048	16384	0
11	4	0	658048	32768	0
11	4	0	658048	65536	0
11	4	0	658048	131072	0
11	4	0	658048	262144	0
11	4	0	658048	164512	0
11	4	0	658048	329024	0
11	4	0	658048	493536	0
11	4	0	658048	658046	0
11	4	0	658048	658047	0
12	4	0	658048	1	0
12	4	0	658048	2	0
12	4	0	658048	4	0
12	4	0	658048	8	0
12	4	0	658048	16	0
12	4	0	658048	32	0
12	4	0	658048	64	0
12	4	0	658048	128	0
12	4	0	658048	256	0
12	4	0	658048	512	0
12	4	0	658048	1024	0
12	4	0	658048	2048	0
12	4	0	658048	4096	0
12	4	0	658048	8192	0
12	4	0	658048	16384	0
12	4	0	658048	32768	0
12	4	0	658048	65536	0
12	4	0	658048	131072	0
12	4	0	658048	262144	0
12	4	0	658048	164512	0
12	4	0	658048	329024	0
12	4	0	658048	493536	0
12	4	0	658048	658046	0
12	4	0	658048	658047	0
13	4	0	658048	1	0
13	4	0	658048	2	0
13	4	0	658048	4	0
13	4	0	658048	8	0
13	4	0	658048	16	0
13	4	0	658048	32	0
13	4	0	658048	64	0
13	4	0	658048	128	0
13	4	0	658048	256	0
13	4	0	658048	512	0
13	4	0	658048	1024	0
13	4	0	658048	2048	0
13	4	0	658048	4096	0
13	4	0	658048	8192	0
13	4	0	658048	16384	0
13	4	0	658048	32768	0
13	4	0	658048	65536	0
13	4	0	658048	131072	0
13	4	0	658048	262144	0
13	4	0	658048	164512	0
13	4	0	658048	329024	0
13	4	0	658048	493536	0
13	4	0	658048	658046	0
13	4	0	658048	658047	0
14	5	0	658048	1	0
14	5	0	658048	2	0
14	5	0	658048	4	0
14	5	0	658048	8	0
14	5	0	658048	16	0
14	5	0	658048	32	0
14	5	0	658048	64	0
14	5	0	658048	128	0
14	5	0	658048	256	0
14	5	0	658048	512	0
14	5	0	658048	1024	0
14	5	0	658048	2048	0
14	5	0	658048	4096	0
14	5	0	658048	8192	0
14	5	0	658048	16384	0
14	5	0	658048	32768	0
14	5	0	658048	65536	0
14	5	0	658048	131072	0
14	5	0	658048	262144	0
14	5	0	658048	164512	0
14	5	0	658048	329024	0
14	5	0	658048	493536	0
14	5	0	658048	658046	0
14	5	0	658048	658047	0
14	6	0	658048	1	0
14	6	0	658048	2	0
14	6	0	658048	4	0
14	6	0	658048	8	0
14	6	0	658048	16	0
14	6	0	658048	32	0
14	6	0	658048	64	0
14	6	0	658048	128	0
14	6	0	658048	256	0
14	6	0	658048	512	0
14	6	0	658048	1024	0
14	6	0	658048	2048	0
14	6	0	658048	4096	0
14	6	0	658048	8192	0
14	6	0	658048	16384	0
14	6	0	658048	32768	0
14	6	0	658048	65536	0
14	6	0	658048	131072	0
14	6	0	658048	262144	0
14	6	0	658048	164512	0
14	6	0	658048	329024	0
14	6	0	658048	493536	0
14	6	0	658048	658046	0
14	6	0	658048	658047	0
14	9	0	658048	1	0
14	9	0	658048	2	0
14	9	0	658048	4	0
14	9	0	658048	8	0
14	9	0	658048	16	0
14	9	0	658048	32	0
14	9	0	658048	64	0
14	9	0	658048	128	0
14	9	0	658048	256	0
14	9	0	658048	512	0
14	9	0	658048	1024	0
14	9	0	658048	2048	0
14	9	0	658048	4096	0
14	9	0	658048	8192	0
14	9	0	658048	16384	0
14	9	0	658048	32768	0
14	9	0	658048	65536	0
14	9	0	658048	131072	0
14	9	0	658048	262144	0
14	9	0	658048	164512	0
14	9	0	658048	329024	0
14	9	0	658048	493536	0
14	9	0	658048	658046	0
14	9	0	658048	658047	0
4	5	0	1229360	1	0
4	5	0	1229360	2	0
4	5	0	1229360	4	0
4	5	0	1229360	8	0
4	5	0	1229360	16	0
4	5	0	1229360	32	0
4	5	0	1229360	64	0
4	5	0	1229360	128	0
4	5	0	1229360	256	0
4	5	0	1229360	512	0
4	5	0	1229360	1024	0
4	5	0	1229360	2048	0
4	5	0	1229360	4096	0
4	5	0	1229360	8192	0
4	5	0	1229360	16384	0
4	5	0	1229360	32768	0
4	5	0	1229360	65536	0
4	5	0	1229360	131072	0
4	5	0	1229360	262144	0
4	5	0	1229360	524288	0
4	5	0	1229360	307340	0
4	5	0	1229360	614680	0
4	5	0	1229360	922020	0
4	5	0	1229360	1229358	0
4	5	0	1229360	1229359	0
4	7	0	1229360	1	0
4	7	0	1229360	2	0
4	7	0	1229360	4	0
4	7	0	1229360	8	0
4	7	0	1229360	16	0
4	7	0	1229360	32	0
4	7	0	1229360	64	0
4	7	0	1229360	128	0
4	7	0	1229360	256	0
4	7	0	1229360	512	0
4	7	0	1229360	1024	0
4	7	0	1229360	2048	0
4	7	0	1229360	4096	0
4	7	0	1229360	8192	0
4	7	0	1229360	16384	0
4	7	0	1229360	32768	0
4	7	0	1229360	65536	0
4	7	0	1229360	131072	0
4	7	0	1229360	262144	0
4	7	0	1229360	524288	0
4	7	0	1229360	307340	0
4	7	0	1229360	614680	0
4	7	0	1229360	922020	0
4	7	0	1229360	1229358	0
4	7	0	1229360	1229359	0
5	8	0	1229360	1	0
5	8	0	1229360	2	0
5	8	0	1229360	4	0
5	8	0	1229360	8	0
5	8	0	1229360	16	0
5	8	0	1229360	32	0
5	8	0	1229360	64	0
5	8	0	1229360	128	0
5	8	0	1229360	256	0
5	8	0	1229360	512	0
5	8	0	1229360	1024	0
5	8	0	1229360	2048	0
5	8	0	1229360	4096	0
5	8	0	1229360	8192	0
5	8	0	1229360	16384	0
5	8	0	1229360	32768	0
5	8	0	1229360	65536	0
5	8	0	1229360	131072	0
5	8	0	1229360	262144	0
5	8	0	1229360	524288	0
5	8	0	1229360	307340	0
5	8	0	1229360	614680	0
5	8	0	1229360	922020	0
5	8	0	1229360	1229358	0
5	8	0	1229360	1229359	0
5	8	1	1229360	1	0
5	8	1	1229360	2	0
5	8	1	1229360	4	0
5	8	1	1229360	8	0
5	8	1	1229360	16	0
5	8	1	1229360	32	0
5	8	1	1229360	64	0
5	8	1	1229360	128	0
5	8	1	1229360	256	0
5	8	1	1229360	512	0
5	8	1	1229360	1024	0
5	8	1	1229360	2048	0
5	8	1	1229360	4096	0
5	8	1	1229360	8192	0
5	8	1	1229360	16384	0
5	8	1	1229360	32768	0
5	8	1	1229360	65536	0
5	8	1	1229360	131072	0
5	8	1	1229360	262144	0
5	8	1	1229360	524288	0
5	8	1	1229360	307340	0
5	8	1	1229360	614680	0
5	8	1	1229360	922020	0
5	8	1	1229360	1229358	0
5	8	1	1229360	1229359	0
5	13	2	1229360	1	0
5	13	2	1229360	2	0
5	13	2	1229360	4	0
5	13	2	1229360	8	0
5	13	2	1229360	16	0
5	13	2	1229360	32	0
5	13	2	1229360	64	0
5	13	2	1229360	128	0
5	13	2	1229360	256	0
5	13	2	1229360	512	0
5	13	2	1229360	1024	0
5	13	2	1229360	2048	0
5	13	2	1229360	4096	0
5	13	2	1229360	8192	0
5	13	2	1229360	16384	0
5	13	2	1229360	32768	0
5	13	2	1229360	65536	0
5	13	2	1229360	131072	0
5	13	2	1229360	262144	0
5	13	2	1229360	524288	0
5	13	2	1229360	307340	0
5	13	2	1229360	614680	0
5	13	2	1229360	922020	0
5	13	2	1229360	1229358	0
5	13	2	1229360	1229359	0
5	19	0	1854882	1	0
5	19	0	1854882	2	0
5	19	0	1854882	4	0
5	19	0	1854882	8	0
5	19	0	1854882	16	0
5	19	0	1854882	32	0
5	19	0	1854882	64	0
5	19	0	1854882	128	0
5	19	0	1854882	256	0
5	19	0	1854882	512	0
5	19	0	1854882	1024	0
5	19	0	1854882	2048	0
5	19	0	1854882	4096	0
5	19	0	1854882	8192	0
5	19	0	1854882	16384	0
5	19	0	1854882	32768	0
5	19	0	1854882	65536	0
5	19	0	1854882	131072	0
5	19	0	1854882	262144	0
5	19	0	1854882	524288	0
5	19	0	1854882	463720	0
5	19	0	1854882	927441	0
5	19	0	1854882	1391161	0
5	19	0	1854882	1854880	0
5	19	0	1854882	1854881	0
5	20	7	1388508	1	0
5	20	7	1388508	2	0
5	20	7	1388508	4	0
5	20	7	1388508	8	0
5	20	7	1388508	16	0
5	20	7	1388508	32	0
5	20	7	1388508	64	0
5	20	7	1388508	128	0
5	20	7	1388508	256	0
5	20	7	1388508	512	0
5	20	7	1388508	1024	0
5	20	7	1388508	2048	0
5	20	7	1388508	4096	0
5	20	7	1388508	8192	0
5	20	7	1388508	16384	0
5	20	7	1388508	32768	0
5	20	7	1388508	65536	0
5	20	7	1388508	131072	0
5	20	7	1388508	262144	0
5	20	7	1388508	524288	0
5	20	7	1388508	347127	0
5	20	7	1388508	694254	0
5	20	7	1388508	1041381	0
5	20	7	1388508	1388506	0
5	20	7	1388508	1388507	0
6	10	0	1229360	1	0
6	10	0	1229360	2	0
6	10	0	1229360	4	0
6	10	0	1229360	8	0
6	10	0	1229360	16	0
6	10	0	1229360	32	0
6	10	0	1229360	64	0
6	10	0	1229360	128	0
6	10	0	1229360	256	0
6	10	0	1229360	512	0
6	10	0	1229360	1024	0
6	10	0	1229360	2048	0
6	10	0	1229360	4096	0
6	10	0	1229360	8192	0
6	10	0	1229360	16384	0
6	10	0	1229360	32768	0
6	10	0	1229360	65536	0
6	10	0	1229360	131072	0
6	10	0	1229360	262144	0
6	10	0	1229360	524288	0
6	10	0	1229360	307340	0
6	10	0	1229360	614680	0
6	10	0	1229360	922020	0
6	10	0	1229360	1229358	0
6	10	0	1229360	1229359	0
6	20	0	1388508	1	0
6	20	0	1388508	2	0
6	20	0	1388508	4	0
6	20	0	1388508	8	0
6	20	0	1388508	16	0
6	20	0	1388508	32	0
6	20	0	1388508	64	0
6	20	0	1388508	128	0
6	20	0	1388508	256	0
6	20	0	1388508	512	0
6	20	0	1388508	1024	0
6	20	0	1388508	2048	0
6	20	0	1388508	4096	0
6	20	0	1388508	8192	0
6	20	0	1388508	16384	0
6	20	0	1388508	32768	0
6	20	0	1388508	65536	0
6	20	0	1388508	131072	0
6	20	0	1388508	262144	0
6	20	0	1388508	524288	0
6	20	0	1388508	347127	0
6	20	0	1388508	694254	0
6	20	0	1388508	1041381	0
6	20	0	1388508	1388506	0
6	20	0	1388508	1388507	0
6	20	1	1388508	1	0
6	20	1	1388508	2	0
6	20	1	1388508	4	0
6	20	1	1388508	8	0
6	20	1	1388508	16	0
6	20	1	1388508	32	0
6	20	1	1388508	64	0
6	20	1	1388508	128	0
6	20	1	1388508	256	0
6	20	1	1388508	512	0
6	20	1	1388508	1024	0
6	20	1	1388508	2048	0
6	20	1	1388508	4096	0
6	20	1	1388508	8192	0
6	20	1	1388508	16384	0
6	20	1	1388508	32768	0
6	20	1	1388508	65536	0
6	20	1	1388508	131072	0
6	20	1	1388508	262144	0
6	20	1	1388508	524288	0
6	20	1	1388508	347127	0
6	20	1	1388508	694254	0
6	20	1	1388508	1041381	0
6	20	1	1388508	1388506	0
6	20	1	1388508	1388507	0
6	20	2	1388508	1	0
6	20	2	1388508	2	0
6	20	2	1388508	4	0
6	20	2	1388508	8	0
6	20	2	1388508	16	0
6	20	2	1388508	32	0
6	20	2	1388508	64	0
6	20	2	1388508	128	0
6	20	2	1388508	256	0
6	20	2	1388508	512	0
6	20	2	1388508	1024	0
6	20	2	1388508	2048	0
6	20	2	1388508	4096	0
6	20	2	1388508	8192	0
6	20	2	1388508	16384	0
6	20	2	1388508	32768	0
6	20	2	1388508	65536	0
6	20	2	1388508	131072	0
6	20	2	1388508	262144	0
6	20	2	1388508	524288	0
6	20	2	1388508	347127	0
6	20	2	1388508	694254	0
6	20	2	1388508	1041381	0
6	20	2	1388508	1388506	0
6	20	2	1388508	1388507	0
6	20	3	1388508	1	0
6	20	3	1388508	2	0
6	20	3	1388508	4	0
6	20	3	1388508	8	0
6	20	3	1388508	16	0
6	20	3	1388508	32	0
6	20	3	1388508	64	0
6	20	3	1388508	128	0
6	20	3	1388508	256	0
6	20	3	1388508	512	0
6	20	3	1388508	1024	0
6	20	3	1388508	2048	0
6	20	3	1388508	4096	0
6	20	3	1388508	8192	0
6	20	3	1388508	16384	0
6	20	3	1388508	32768	0
6	20	3	1388508	65536	0
6	20	3	1388508	131072	0
6	20	3	1388508	262144	0
6	20	3	1388508	524288	0
6	20	3	1388508	347127	0
6	20	3	1388508	694254	0
6	20	3	1388508	1041381	0
6	20	3	1388508	1388506	0
6	20	3	1388508	1388507	0
7	5	0	1229360	1	0
7	5	0	1229360	2	0
7	5	0	1229360	4	0
7	5	0	1229360	8	0
7	5	0	1229360	16	0
7	5	0	1229360	32	0
7	5	0	1229360	64	0
7	5	0	1229360	128	0
7	5	0	1229360	256	0
7	5	0	1229360	512	0
7	5	0	1229360	1024	0
7	5	0	1229360	2048	0
7	5	0	1229360	4096	0
7	5	0	1229360	8192	0
7	5	0	1229360	16384	0
7	5	0	1229360	32768	0
7	5	0	1229360	65536	0
7	5	0	1229360	131072	0
7	5	0	1229360	262144	0
7	5	0	1229360	524288	0
7	5	0	1229360	307340	0
7	5	0	1229360	614680	0
7	5	0	1229360	922020	0
7	5	0	1229360	1229358	0
7	5	0	1229360	1229359	0
7	6	0	1229360	1	0
7	6	0	1229360	2	0
7	6	0	1229360	4	0
7	6	0	1229360	8	0
7	6	0	1229360	16	0
7	6	0	1229360	32	0
7	6	0	1229360	64	0
7	6	0	1229360	128	0
7	6	0	1229360	256	0
7	6	0	1229360	512	0
7	6	0	1229360	1024	0
7	6	0	1229360	2048	0
7	6	0	1229360	4096	0
7	6	0	1229360	8192	0
7	6	0	1229360	16384	0
7	6	0	1229360	32768	0
7	6	0	1229360	65536	0
7	6	0	1229360	131072	0
7	6	0	1229360	262144	0
7	6	0	1229360	524288	0
7	6	0	1229360	307340	0
7	6	0	1229360	614680	0
7	6	0	1229360	922020	0
7	6	0	1229360	1229358	0
7	6	0	1229360	1229359	0
7	18	1	1749456	1	0
7	18	1	1749456	2	0
7	18	1	1749456	4	0
7	18	1	1749456	8	0
7	18	1	1749456	16	0
7	18	1	1749456	32	0
7	18	1	1749456	64	0
7	18	1	1749456	128	0
7	18	1	1749456	256	0
7	18	1	1749456	512	0
7	18	1	1749456	1024	0
7	18	1	1749456	2048	0
7	18	1	1749456	4096	0
7	18	1	1749456	8192	0
7	18	1	1749456	16384	0
7	18	1	1749456	32768	0
7	18	1	1749456	65536	0
7	18	1	1749456	131072	0
7	18	1	1749456	262144	0
7	18	1	1749456	524288	0
7	18	1	1749456	437364	0
7	18	1	1749456	874728	0
7	18	1	1749456	1312092	0
7	18	1	1749456	1749454	0
7	18	1	1749456	1749455	0
8	4	0	1229360	1	0
8	4	0	1229360	2	0
8	4	0	1229360	4	0
8	4	0	1229360	8	0
8	4	0	1229360	16	0
8	4	0	1229360	32	0
8	4	0	1229360	64	0
8	4	0	1229360	128	0
8	4	0	1229360	256	0
8	4	0	1229360	512	0
8	4	0	1229360	1024	0
8	4	0	1229360	2048	0
8	4	0	1229360	4096	0
8	4	0	1229360	8192	0
8	4	0	1229360	16384	0
8	4	0	1229360	32768	0
8	4	0	1229360	65536	0
8	4	0	1229360	131072	0
8	4	0	1229360	262144	0
8	4	0	1229360	524288	0
8	4	0	1229360	307340	0
8	4	0	1229360	614680	0
8	4	0	1229360	922020	0
8	4	0	1229360	1229358	0
8	4	0	1229360	1229359	0
8	6	0	1229360	1	0
8	6	0	1229360	2	0
8	6	0	1229360	4	0
8	6	0	1229360	8	0
8	6	0	1229360	16	0
8	6	0	1229360	32	0
8	6	0	1229360	64	0
8	6	0	1229360	128	0
8	6	0	1229360	256	0
8	6	0	1229360	512	0
8	6	0	1229360	1024	0
8	6	0	1229360	2048	0
8	6	0	1229360	4096	0
8	6	0	1229360	8192	0
8	6	0	1229360	16384	0
8	6	0	1229360	32768	0
8	6	0	1229360	65536	0
8	6	0	1229360	131072	0
8	6	0	1229360	262144	0
8	6	0	1229360	524288	0
8	6	0	1229360	307340	0
8	6	0	1229360	614680	0
8	6	0	1229360	922020	0
8	6	0	1229360	1229358	0
8	6	0	1229360	1229359	0
8	19	7	1854882	1	0
8	19	7	1854882	2	0
8	19	7	1854882	4	0
8	19	7	1854882	8	0
8	19	7	1854882	16	0
8	19	7	1854882	32	0
8	19	7	1854882	64	0
8	19	7	1854882	128	0
8	19	7	1854882	256	0
8	19	7	1854882	512	0
8	19	7	1854882	1024	0
8	19	7	1854882	2048	0
8	19	7	1854882	4096	0
8	19	7	1854882	8192	0
8	19	7	1854882	16384	0
8	19	7	1854882	32768	0
8	19	7	1854882	65536	0
8	19	7	1854882	131072	0
8	19	7	1854882	262144	0
8	19	7	1854882	524288	0
8	19	7	1854882	463720	0
8	19	7	1854882	927441	0
8	19	7	1854882	1391161	0
8	19	7	1854882	1854880	0
8	19	7	1854882	1854881	0
9	3	0	1229360	1	0
9	3	0	1229360	2	0
9	3	0	1229360	4	0
9	3	0	1229360	8	0
9	3	0	1229360	16	0
9	3	0	1229360	32	0
9	3	0	1229360	64	0
9	3	0	1229360	128	0
9	3	0	1229360	256	0
9	3	0	1229360	512	0
9	3	0	1229360	1024	0
9	3	0	1229360	2048	0
9	3	0	1229360	4096	0
9	3	0	1229360	8192	0
9	3	0	1229360	16384	0
9	3	0	1229360	32768	0
9	3	0	1229360	65536	0
9	3	0	1229360	131072	0
9	3	0	1229360	262144	0
9	3	0	1229360	524288	0
9	3	0	1229360	307340	0
9	3	0	1229360	614680	0
9	3	0	1229360	922020	0
9	3	0	1229360	1229358	0
9	3	0	1229360	1229359	0
9	12	1	1229360	1	0
9	12	1	1229360	2	0
9	12	1	1229360	4	0
9	12	1	1229360	8	0
9	12	1	1229360	16	0
9	12	1	1229360	32	0
9	12	1	1229360	64	0
9	12	1	1229360	128	0
9	12	1	1229360	256	0
9	12	1	1229360	512	0
9	12	1	1229360	1024	0
9	12	1	1229360	2048	0
9	12	1	1229360	4096	0
9	12	1	1229360	8192	0
9	12	1	1229360	16384	0
9	12	1	1229360	32768	0
9	12	1	1229360	65536	0
9	12	1	1229360	131072	0
9	12	1	1229360	262144	0
9	12	1	1229360	524288	0
9	12	1	1229360	307340	0
9	12	1	1229360	614680	0
9	12	1	1229360	922020	0
9	12	1	1229360	1229358	0
9	12	1	1229360	1229359	0
10	2	0	1229360	1	0
10	2	0	1229360	2	0
10	2	0	1229360	4	0
10	2	0	1229360	8	0
10	2	0	1229360	16	0
10	2	0	1229360	32	0
10	2	0	1229360	64	0
10	2	0	1229360	128	0
10	2	0	1229360	256	0
10	2	0	1229360	512	0
10	2	0	1229360	1024	0
10	2	0	1229360	2048	0
10	2	0	1229360	4096	0
10	2	0	1229360	8192	0
10	2	0	1229360	16384	0
10	2	0	1229360	32768	0
10	2	0	1229360	65536	0
10	2	0	1229360	131072	0
10	2	0	1229360	262144	0
10	2	0	1229360	524288	0
10	2	0	1229360	307340	0
10	2	0	1229360	614680	0
10	2	0	1229360	922020	0
10	2	0	1229360	1229358	0
10	2	0	1229360	1229359	0
10	3	0	1229360	1	0
10	3	0	1229360	2	0
10	3	0	1229360	4	0
10	3	0	1229360	8	0
10	3	0	1229360	16	0
10	3	0	1229360	32	0
10	3	0	1229360	64	0
10	3	0	1229360	128	0
10	3	0	1229360	256	0
10	3	0	1229360	512	0
10	3	0	1229360	1024	0
10	3	0	1229360	2048	0
10	3	0	1229360	4096	0
10	3	0	1229360	8192	0
10	3	0	1229360	16384	0
10	3	0	1229360	32768	0
10	3	0	1229360	65536	0
10	3	0	1229360	131072	0
10	3	0	1229360	262144	0
10	3	0	1229360	524288	0
10	3	0	1229360	307340	0
10	3	0	1229360	614680	0
10	3	0	1229360	922020	0
10	3	0	1229360	1229358	0
10	3	0	1229360	1229359	0
10	19	4	1121472	1	0
10	19	4	1121472	2	0
10	19	4	1121472	4	0
10	19	4	1121472	8	0
10	19	4	1121472	16	0
10	19	4	1121472	32	0
10	19	4	1121472	64	0
10	19	4	1121472	128	0
10	19	4	1121472	256	0
10	19	4	1121472	512	0
10	19	4	1121472	1024	0
10	19	4	1121472	2048	0
10	19	4	1121472	4096	0
10	19	4	1121472	8192	0
10	19	4	1121472	16384	0
10	19	4	1121472	32768	0
10	19	4	1121472	65536	0
10	19	4	1121472	131072	0
10	19	4	1121472	262144	0
10	19	4	1121472	524288	0
10	19	4	1121472	280368	0
10	19	4	1121472	560736	0
10	19	4	1121472	841104	0
10	19	4	1121472	1121470	0
10	19	4	1121472	1121471	0
11	2	0	1229360	1	0
11	2	0	1229360	2	0
11	2	0	1229360	4	0
11	2	0	1229360	8	0
11	2	0	1229360	16	0
11	2	0	1229360	32	0
11	2	0	1229360	64	0
11	2	0	1229360	128	0
11	2	0	1229360	256	0
11	2	0	1229360	512	0
11	2	0	1229360	1024	0
11	2	0	1229360	2048	0
11	2	0	1229360	4096	0
11	2	0	1229360	8192	0
11	2	0	1229360	16384	0
11	2	0	1229360	32768	0
11	2	0	1229360	65536	0
11	2	0	1229360	131072	0
11	2	0	1229360	262144	0
11	2	0	1229360	524288	0
11	2	0	1229360	307340	0
11	2	0	1229360	614680	0
11	2	0	1229360	922020	0
11	2	0	1229360	1229358	0
11	2	0	1229360	1229359	0
11	3	0	1229360	1	0
11	3	0	1229360	2	0
11	3	0	1229360	4	0
11	3	0	1229360	8	0
11	3	0	1229360	16	0
11	3	0	1229360	32	0
11	3	0	1229360	64	0
11	3	0	1229360	128	0
11	3	0	1229360	256	0
11	3	0	1229360	512	0
11	3	0	1229360	1024	0
11	3	0	1229360	2048	0
11	3	0	1229360	4096	0
11	3	0	1229360	8192	0
11	3	0	1229360	16384	0
11	3	0	1229360	32768	0
11	3	0	1229360	65536	0
11	3	0	1229360	131072	0
11	3	0	1229360	262144	0
11	3	0	1229360	524288	0
11	3	0	1229360	307340	0
11	3	0	1229360	614680	0
11	3	0	1229360	922020	0
11	3	0	1229360	1229358	0
11	3	0	1229360	1229359	0
11	13	1	1549824	1	0
11	13	1	1549824	2	0
11	13	1	1549824	4	0
11	13	1	1549824	8	0
11	13	1	1549824	16	0
11	13	1	1549824	32	0
11	13	1	1549824	64	0
11	13	1	1549824	128	0
11	13	1	1549824	256	0
11	13	1	1549824	512	0
11	13	1	1549824	1024	0
11	13	1	1549824	2048	0
11	13	1	1549824	4096	0
11	13	1	1549824	8192	0
11	13	1	1549824	16384	0
11	13	1	1549824	32768	0
11	13	1	1549824	65536	0
11	13	1	1549824	131072	0
11	13	1	1549824	262144	0
11	13	1	1549824	524288	0
11	13	1	1549824	387456	0
11	13	1	1549824	774912	0
11	13	1	1549824	1162368	0
11	13	1	1549824	1549822	0
11	13	1	1549824	1549823	0
12	2	0	1229360	1	0
12	2	0	1229360	2	0
12	2	0	1229360	4	0
12	2	0	1229360	8	0
12	2	0	1229360	16	0
12	2	0	1229360	32	0
12	2	0	1229360	64	0
12	2	0	1229360	128	0
12	2	0	1229360	256	0
12	2	0	1229360	512	0
12	2	0	1229360	1024	0
12	2	0	1229360	2048	0
12	2	0	1229360	4096	0
12	2	0	1229360	8192	0
12	2	0	1229360	16384	0
12	2	0	1229360	32768	0
12	2	0	1229360	65536	0
12	2	0	1229360	131072	0
12	2	0	1229360	262144	0
12	2	0	1229360	524288	0
12	2	0	1229360	307340	0
12	2	0	1229360	614680	0
12	2	0	1229360	922020	0
12	2	0	1229360	1229358	0
12	2	0	1229360	1229359	0
12	17	0	1549824	1	0
12	17	0	1549824	2	0
12	17	0	1549824	4	0
12	17	0	1549824	8	0
12	17	0	1549824	16	0
12	17	0	1549824	32	0
12	17	0	1549824	64	0
12	17	0	1549824	128	0
12	17	0	1549824	256	0
12	17	0	1549824	512	0
12	17	0	1549824	1024	0
12	17	0	1549824	2048	0
12	17	0	1549824	4096	0
12	17	0	1549824	8192	0
12	17	0	1549824	16384	0
12	17	0	1549824	32768	0
12	17	0	1549824	65536	0
12	17	0	1549824	131072	0
12	17	0	1549824	262144	0
12	17	0	1549824	524288	0
12	17	0	1549824	387456	0
12	17	0	1549824	774912	0
12	17	0	1549824	1162368	0
12	17	0	1549824	1549822	0
12	17	0	1549824	1549823	0
12	17	1	1549824	1	0
12	17	1	1549824	2	0
12	17	1	1549824	4	0
12	17	1	1549824	8	0
12	17	1	1549824	16	0
12	17	1	1549824	32	0
12	17	1	1549824	64	0
12	17	1	1549824	128	0
12	17	1	1549824	256	0
12	17	1	1549824	512	0
12	17	1	1549824	1024	0
12	17	1	1549824	2048	0
12	17	1	1549824	4096	0
12	17	1	1549824	8192	0
12	17	1	1549824	16384	0
12	17	1	1549824	32768	0
12	17	1	1549824	65536	0
12	17	1	1549824	131072	0
12	17	1	1549824	262144	0
12	17	1	1549824	524288	0
12	17	1	1549824	387456	0
12	17	1	1549824	774912	0
12	17	1	1549824	1162368	0
12	17	1	1549824	1549822	0
12	17	1	1549824	1549823	0
12	19	4	1121472	1	0
12	19	4	1121472	2	0
12	19	4	1121472	4	0
12	19	4	1121472	8	0
12	19	4	1121472	16	0
12	19	4	1121472	32	0
12	19	4	1121472	64	0
12	19	4	1121472	128	0
12	19	4	1121472	256	0
12	19	4	1121472	512	0
12	19	4	1121472	1024	0
12	19	4	1121472	2048	0
12	19	4	1121472	4096	0
12	19	4	1121472	8192	0
12	19	4	1121472	16384	0
12	19	4	1121472	32768	0
12	19	4	1121472	65536	0
12	19	4	1121472	131072	0
12	19	4	1121472	262144	0
12	19	4	1121472	524288	0
12	19	4	1121472	280368	0
12	19	4	1121472	560736	0
12	19	4	1121472	841104	0
12	19	4	1121472	1121470	0
12	19	4	1121472	1121471	0
4	4	0	2187520	1	0
4	4	0	2187520	2	0
4	4	0	2187520	4	0
4	4	0	2187520	8	0
4	4	0	2187520	16	0
4	4	0	2187520	32	0
4	4	0	2187520	64	0
4	4	0	2187520	128	0
4	4	0	2187520	256	0
4	4	0	2187520	512	0
4	4	0	2187520	1024	0
4	4	0	2187520	2048	0
4	4	0	2187520	4096	0
4	4	0	2187520	8192	0
4	4	0	2187520	16384	0
4	4	0	2187520	32768	0
4	4	0	2187520	65536	0
4	4	0	2187520	131072	0
4	4	0	2187520	262144	0
4	4	0	2187520	524288	0
4	4	0	2187520	1048576	0
4	4	0	2187520	546880	0
4	4	0	2187520	1093760	0
4	4	0	2187520	1640640	0
4	4	0	2187520	2187518	0
4	4	0	2187520	2187519	0
4	6	0	2187520	1	0
4	6	0	2187520	2	0
4	6	0	2187520	4	0
4	6	0	2187520	8	0
4	6	0	2187520	16	0
4	6	0	2187520	32	0
4	6	0	2187520	64	0
4	6	0	2187520	128	0
4	6	0	2187520	256	0
4	6	0	2187520	512	0
4	6	0	2187520	1024	0
4	6	0	2187520	2048	0
4	6	0	2187520	4096	0
4	6	0	2187520	8192	0
4	6	0	2187520	16384	0
4	6	0	2187520	32768	0
4	6	0	2187520	65536	0
4	6	0	2187520	131072	0
4	6	0	2187520	262144	0
4	6	0	2187520	524288	0
4	6	0	2187520	1048576	0
4	6	0	2187520	546880	0
4	6	0	2187520	1093760	0
4	6	0	2187520	1640640	0
4	6	0	2187520	2187518	0
4	6	0	2187520	2187519	0
4	12	0	2187520	1	0
4	12	0	2187520	2	0
4	12	0	2187520	4	0
4	12	0	2187520	8	0
4	12	0	2187520	16	0
4	12	0	2187520	32	0
4	12	0	2187520	64	0
4	12	0	2187520	128	0
4	12	0	2187520	256	0
4	12	0	2187520	512	0
4	12	0	2187520	1024	0
4	12	0	2187520	2048	0
4	12	0	2187520	4096	0
4	12	0	2187520	8192	0
4	12	0	2187520	16384	0
4	12	0	2187520	32768	0
4	12	0	2187520	65536	0
4	12	0	2187520	131072	0
4	12	0	2187520	262144	0
4	12	0	2187520	524288	0
4	12	0	2187520	1048576	0
4	12	0	2187520	546880	0
4	12	0	2187520	1093760	0
4	12	0	2187520	1640640	0
4	12	0	2187520	2187518	0
4	12	0	2187520	2187519	0
5	5	0	3732560	1	0
5	5	0	3732560	2	0
5	5	0	3732560	4	0
5	5	0	3732560	8	0
5	5	0	3732560	16	0
5	5	0	3732560	32	0
5	5	0	3732560	64	0
5	5	0	3732560	128	0
5	5	0	3732560	256	0
5	5	0	3732560	512	0
5	5	0	3732560	1024	0
5	5	0	3732560	2048	0
5	5	0	3732560	4096	0
5	5	0	3732560	8192	0
5	5	0	3732560	16384	0
5	5	0	3732560	32768	0
5	5	0	3732560	65536	0
5	5	0	3732560	131072	0
5	5	0	3732560	262144	0
5	5	0	3732560	524288	0
5	5	0	3732560	1048576	0
5	5	0	3732560	933140	0
5	5	0	3732560	1866280	0
5	5	0	3732560	2799420	0
5	5	0	3732560	3732558	0
5	5	0	3732560	3732559	0
5	6	0	2187520	1	0
5	6	0	2187520	2	0
5	6	0	2187520	4	0
5	6	0	2187520	8	0
5	6	0	2187520	16	0
5	6	0	2187520	32	0
5	6	0	2187520	64	0
5	6	0	2187520	128	0
5	6	0	2187520	256	0
5	6	0	2187520	512	0
5	6	0	2187520	1024	0
5	6	0	2187520	2048	0
5	6	0	2187520	4096	0
5	6	0	2187520	8192	0
5	6	0	2187520	16384	0
5	6	0	2187520	32768	0
5	6	0	2187520	65536	0
5	6	0	2187520	131072	0
5	6	0	2187520	262144	0
5	6	0	2187520	524288	0
5	6	0	2187520	1048576	0
5	6	0	2187520	546880	0
5	6	0	2187520	1093760	0
5	6	0	2187520	1640640	0
5	6	0	2187520	2187518	0
5	6	0	2187520	2187519	0
5	7	0	2187520	1	0
5	7	0	2187520	2	0
5	7	0	2187520	4	0
5	7	0	2187520	8	0
5	7	0	2187520	16	0
5	7	0	2187520	32	0
5	7	0	2187520	64	0
5	7	0	2187520	128	0
5	7	0	2187520	256	0
5	7	0	2187520	512	0
5	7	0	2187520	1024	0
5	7	0	2187520	2048	0
5	7	0	2187520	4096	0
5	7	0	2187520	8192	0
5	7	0	2187520	16384	0
5	7	0	2187520	32768	0
5	7	0	2187520	65536	0
5	7	0	2187520	131072	0
5	7	0	2187520	262144	0
5	7	0	2187520	524288	0
5	7	0	2187520	1048576	0
5	7	0	2187520	546880	0
5	7	0	2187520	1093760	0
5	7	0	2187520	1640640	0
5	7	0	2187520	2187518	0
5	7	0	2187520	2187519	0
5	10	0	2187520	1	0
5	10	0	2187520	2	0
5	10	0	2187520	4	0
5	10	0	2187520	8	0
5	10	0	2187520	16	0
5	10	0	2187520	32	0
5	10	0	2187520	64	0
5	10	0	2187520	128	0
5	10	0	2187520	256	0
5	10	0	2187520	512	0
5	10	0	2187520	1024	0
5	10	0	2187520	2048	0
5	10	0	2187520	4096	0
5	10	0	2187520	8192	0
5	10	0	2187520	16384	0
5	10	0	2187520	32768	0
5	10	0	2187520	65536	0
5	10	0	2187520	131072	0
5	10	0	2187520	262144	0
5	10	0	2187520	524288	0
5	10	0	2187520	1048576	0
5	10	0	2187520	546880	0
5	10	0	2187520	1093760	0
5	10	0	2187520	1640640	0
5	10	0	2187520	2187518	0
5	10	0	2187520	2187519	0
5	12	0	3732560	1	0
5	12	0	3732560	2	0
5	12	0	3732560	4	0
5	12	0	3732560	8	0
5	12	0	3732560	16	0
5	12	0	3732560	32	0
5	12	0	3732560	64	0
5	12	0	3732560	128	0
5	12	0	3732560	256	0
5	12	0	3732560	512	0
5	12	0	3732560	1024	0
5	12	0	3732560	2048	0
5	12	0	3732560	4096	0
5	12	0	3732560	8192	0
5	12	0	3732560	16384	0
5	12	0	3732560	32768	0
5	12	0	3732560	65536	0
5	12	0	3732560	131072	0
5	12	0	3732560	262144	0
5	12	0	3732560	524288	0
5	12	0	3732560	1048576	0
5	12	0	3732560	933140	0
5	12	0	3732560	1866280	0
5	12	0	3732560	2799420	0
5	12	0	3732560	3732558	0
5	12	0	3732560	3732559	0
6	11	0	3732560	1	0
6	11	0	3732560	2	0
6	11	0	3732560	4	0
6	11	0	3732560	8	0
6	11	0	3732560	16	0
6	11	0	3732560	32	0
6	11	0	3732560	64	0
6	11	0	3732560	128	0
6	11	0	3732560	256	0
6	11	0	3732560	512	0
6	11	0	3732560	1024	0
6	11	0	3732560	2048	0
6	11	0	3732560	4096	0
6	11	0	3732560	8192	0
6	11	0	3732560	16384	0
6	11	0	3732560	32768	0
6	11	0	3732560	65536	0
6	11	0	3732560	131072	0
6	11	0	3732560	262144	0
6	11	0	3732560	524288	0
6	11	0	3732560	1048576	0
6	11	0	3732560	933140	0
6	11	0	3732560	1866280	0
6	11	0	3732560	2799420	0
6	11	0	3732560	3732558	0
6	11	0	3732560	3732559	0
6	13	0	2187520	1	0
6	13	0	2187520	2	0
6	13	0	2187520	4	0
6	13	0	2187520	8	0
6	13	0	2187520	16	0
6	13	0	2187520	32	0
6	13	0	2187520	64	0
6	13	0	2187520	128	0
6	13	0	2187520	256	0
6	13	0	2187520	512	0
6	13	0	2187520	1024	0
6	13	0	2187520	2048	0
6	13	0	2187520	4096	0
6	13	0	2187520	8192	0
6	13	0	2187520	16384	0
6	13	0	2187520	32768	0
6	13	0	2187520	65536	0
6	13	0	2187520	131072	0
6	13	0	2187520	262144	0
6	13	0	2187520	524288	0
6	13	0	2187520	1048576	0
6	13	0	2187520	546880	0
6	13	0	2187520	1093760	0
6	13	0	2187520	1640640	0
6	13	0	2187520	2187518	0
6	13	0	2187520	2187519	0
6	14	2	2187520	1	0
6	14	2	2187520	2	0
6	14	2	2187520	4	0
6	14	2	2187520	8	0
6	14	2	2187520	16	0
6	14	2	2187520	32	0
6	14	2	2187520	64	0
6	14	2	2187520	128	0
6	14	2	2187520	256	0
6	14	2	2187520	512	0
6	14	2	2187520	1024	0
6	14	2	2187520	2048	0
6	14	2	2187520	4096	0
6	14	2	2187520	8192	0
6	14	2	2187520	16384	0
6	14	2	2187520	32768	0
6	14	2	2187520	65536	0
6	14	2	2187520	131072	0
6	14	2	2187520	262144	0
6	14	2	2187520	524288	0
6	14	2	2187520	1048576	0
6	14	2	2187520	546880	0
6	14	2	2187520	1093760	0
6	14	2	2187520	1640640	0
6	14	2	2187520	2187518	0
6	14	2	2187520	2187519	0
6	19	7	3116952	1	0
6	19	7	3116952	2	0
6	19	7	3116952	4	0
6	19	7	3116952	8	0
6	19	7	3116952	16	0
6	19	7	3116952	32	0
6	19	7	3116952	64	0
6	19	7	3116952	128	0
6	19	7	3116952	256	0
6	19	7	3116952	512	0
6	19	7	3116952	1024	0
6	19	7	3116952	2048	0
6	19	7	3116952	4096	0
6	19	7	3116952	8192	0
6	19	7	3116952	16384	0
6	19	7	3116952	32768	0
6	19	7	3116952	65536	0
6	19	7	3116952	131072	0
6	19	7	3116952	262144	0
6	19	7	3116952	524288	0
6	19	7	3116952	1048576	0
6	19	7	3116952	779238	0
6	19	7	3116952	1558476	0
6	19	7	3116952	2337714	0
6	19	7	3116952	3116950	0
6	19	7	3116952	3116951	0
7	4	0	2187520	1	0
7	4	0	2187520	2	0
7	4	0	2187520	4	0
7	4	0	2187520	8	0
7	4	0	2187520	16	0
7	4	0	2187520	32	0
7	4	0	2187520	64	0
7	4	0	2187520	128	0
7	4	0	2187520	256	0
7	4	0	2187520	512	0
7	4	0	2187520	1024	0
7	4	0	2187520	2048	0
7	4	0	2187520	4096	0
7	4	0	2187520	8192	0
7	4	0	2187520	16384	0
7	4	0	2187520	32768	0
7	4	0	2187520	65536	0
7	4	0	2187520	131072	0
7	4	0	2187520	262144	0
7	4	0	2187520	524288	0
7	4	0	2187520	1048576	0
7	4	0	2187520	546880	0
7	4	0	2187520	1093760	0
7	4	0	2187520	1640640	0
7	4	0	2187520	2187518	0
7	4	0	2187520	2187519	0
8	5	0	2187520	1	0
8	5	0	2187520	2	0
8	5	0	2187520	4	0
8	5	0	2187520	8	0
8	5	0	2187520	16	0
8	5	0	2187520	32	0
8	5	0	2187520	64	0
8	5	0	2187520	128	0
8	5	0	2187520	256	0
8	5	0	2187520	512	0
8	5	0	2187520	1024	0
8	5	0	2187520	2048	0
8	5	0	2187520	4096	0
8	5	0	2187520	8192	0
8	5	0	2187520	16384	0
8	5	0	2187520	32768	0
8	5	0	2187520	65536	0
8	5	0	2187520	131072	0
8	5	0	2187520	262144	0
8	5	0	2187520	524288	0
8	5	0	2187520	1048576	0
8	5	0	2187520	546880	0
8	5	0	2187520	1093760	0
8	5	0	2187520	1640640	0
8	5	0	2187520	2187518	0
8	5	0	2187520	2187519	0
8	13	2	3732560	1	0
8	13	2	3732560	2	0
8	13	2	3732560	4	0
8	13	2	3732560	8	0
8	13	2	3732560	16	0
8	13	2	3732560	32	0
8	13	2	3732560	64	0
8	13	2	3732560	128	0
8	13	2	3732560	256	0
8	13	2	3732560	512	0
8	13	2	3732560	1024	0
8	13	2	3732560	2048	0
8	13	2	3732560	4096	0
8	13	2	3732560	8192	0
8	13	2	3732560	16384	0
8	13	2	3732560	32768	0
8	13	2	3732560	65536	0
8	13	2	3732560	131072	0
8	13	2	3732560	262144	0
8	13	2	3732560	524288	0
8	13	2	3732560	1048576	0
8	13	2	3732560	933140	0
8	13	2	3732560	1866280	0
8	13	2	3732560	2799420	0
8	13	2	3732560	3732558	0
8	13	2	3732560	3732559	0
8	15	1	2805528	1	0
8	15	1	2805528	2	0
8	15	1	2805528	4	0
8	15	1	2805528	8	0
8	15	1	2805528	16	0
8	15	1	2805528	32	0
8	15	1	2805528	64	0
8	15	1	2805528	128	0
8	15	1	2805528	256	0
8	15	1	2805528	512	0
8	15	1	2805528	1024	0
8	15	1	2805528	2048	0
8	15	1	2805528	4096	0
8	15	1	2805528	8192	0
8	15	1	2805528	16384	0
8	15	1	2805528	32768	0
8	15	1	2805528	65536	0
8	15	1	2805528	131072	0
8	15	1	2805528	262144	0
8	15	1	2805528	524288	0
8	15	1	2805528	1048576	0
8	15	1	2805528	701382	0
8	15	1	2805528	1402764	0
8	15	1	2805528	2104146	0
8	15	1	2805528	2805526	0
8	15	1	2805528	2805527	0
8	17	3	3732560	1	0
8	17	3	3732560	2	0
8	17	3	3732560	4	0
8	17	3	3732560	8	0
8	17	3	3732560	16	0
8	17	3	3732560	32	0
8	17	3	3732560	64	0
8	17	3	3732560	128	0
8	17	3	3732560	256	0
8	17	3	3732560	512	0
8	17	3	3732560	1024	0
8	17	3	3732560	2048	0
8	17	3	3732560	4096	0
8	17	3	3732560	8192	0
8	17	3	3732560	16384	0
8	17	3	3732560	32768	0
8	17	3	3732560	65536	0
8	17	3	3732560	131072	0
8	17	3	3732560	262144	0
8	17	3	3732560	524288	0
8	17	3	3732560	1048576	0
8	17	3	3732560	933140	0
8	17	3	3732560	1866280	0
8	17	3	3732560	2799420	0
8	17	3	3732560	3732558	0
8	17	3	3732560	3732559	0
9	1	0	2187520	1	0
9	1	0	2187520	2	0
9	1	0	2187520	4	0
9	1	0	2187520	8	0
9	1	0	2187520	16	0
9	1	0	2187520	32	0
9	1	0	2187520	64	0
9	1	0	2187520	128	0
9	1	0	2187520	256	0
9	1	0	2187520	512	0
9	1	0	2187520	1024	0
9	1	0	2187520	2048	0
9	1	0	2187520	4096	0
9	1	0	2187520	8192	0
9	1	0	2187520	16384	0
9	1	0	2187520	32768	0
9	1	0	2187520	65536	0
9	1	0	2187520	131072	0
9	1	0	2187520	262144	0
9	1	0	2187520	524288	0
9	1	0	2187520	1048576	0
9	1	0	2187520	546880	0
9	1	0	2187520	1093760	0
9	1	0	2187520	1640640	0
9	1	0	2187520	2187518	0
9	1	0	2187520	2187519	0
9	2	0	2187520	1	0
9	2	0	2187520	2	0
9	2	0	2187520	4	0
9	2	0	2187520	8	0
9	2	0	2187520	16	0
9	2	0	2187520	32	0
9	2	0	2187520	64	0
9	2	0	2187520	128	0
9	2	0	2187520	256	0
9	2	0	2187520	512	0
9	2	0	2187520	1024	0
9	2	0	2187520	2048	0
9	2	0	2187520	4096	0
9	2	0	2187520	8192	0
9	2	0	2187520	16384	0
9	2	0	2187520	32768	0
9	2	0	2187520	65536	0
9	2	0	2187520	131072	0
9	2	0	2187520	262144	0
9	2	0	2187520	524288	0
9	2	0	2187520	1048576	0
9	2	0	2187520	546880	0
9	2	0	2187520	1093760	0
9	2	0	2187520	1640640	0
9	2	0	2187520	2187518	0
9	2	0	2187520	2187519	0
9	9	0	2187520	1	0
9	9	0	2187520	2	0
9	9	0	2187520	4	0
9	9	0	2187520	8	0
9	9	0	2187520	16	0
9	9	0	2187520	32	0
9	9	0	2187520	64	0
9	9	0	2187520	128	0
9	9	0	2187520	256	0
9	9	0	2187520	512	0
9	9	0	2187520	1024	0
9	9	0	2187520	2048	0
9	9	0	2187520	4096	0
9	9	0	2187520	8192	0
9	9	0	2187520	16384	0
9	9	0	2187520	32768	0
9	9	0	2187520	65536	0
9	9	0	2187520	131072	0
9	9	0	2187520	262144	0
9	9	0	2187520	524288	0
9	9	0	2187520	1048576	0
9	9	0	2187520	546880	0
9	9	0	2187520	1093760	0
9	9	0	2187520	1640640	0
9	9	0	2187520	2187518	0
9	9	0	2187520	2187519	0
9	12	0	3732560	1	0
9	12	0	3732560	2	0
9	12	0	3732560	4	0
9	12	0	3732560	8	0
9	12	0	3732560	16	0
9	12	0	3732560	32	0
9	12	0	3732560	64	0
9	12	0	3732560	128	0
9	12	0	3732560	256	0
9	12	0	3732560	512	0
9	12	0	3732560	1024	0
9	12	0	3732560	2048	0
9	12	0	3732560	4096	0
9	12	0	3732560	8192	0
9	12	0	3732560	16384	0
9	12	0	3732560	32768	0
9	12	0	3732560	65536	0
9	12	0	3732560	131072	0
9	12	0	3732560	262144	0
9	12	0	3732560	524288	0
9	12	0	3732560	1048576	0
9	12	0	3732560	933140	0
9	12	0	3732560	1866280	0
9	12	0	3732560	2799420	0
9	12	0	3732560	3732558	0
9	12	0	3732560	3732559	0
10	1	0	2187520	1	0
10	1	0	2187520	2	0
10	1	0	2187520	4	0
10	1	0	2187520	8	0
10	1	0	2187520	16	0
10	1	0	2187520	32	0
10	1	0	2187520	64	0
10	1	0	2187520	128	0
10	1	0	2187520	256	0
10	1	0	2187520	512	0
10	1	0	2187520	1024	0
10	1	0	2187520	2048	0
10	1	0	2187520	4096	0
10	1	0	2187520	8192	0
10	1	0	2187520	16384	0
10	1	0	2187520	32768	0
10	1	0	2187520	65536	0
10	1	0	2187520	131072	0
10	1	0	2187520	262144	0
10	1	0	2187520	524288	0
10	1	0	2187520	1048576	0
10	1	0	2187520	546880	0
10	1	0	2187520	1093760	0
10	1	0	2187520	1640640	0
10	1	0	2187520	2187518	0
10	1	0	2187520	2187519	0
10	15	0	3281280	1	0
10	15	0	3281280	2	0
10	15	0	3281280	4	0
10	15	0	3281280	8	0
10	15	0	3281280	16	0
10	15	0	3281280	32	0
10	15	0	3281280	64	0
10	15	0	3281280	128	0
10	15	0	3281280	256	0
10	15	0	3281280	512	0
10	15	0	3281280	1024	0
10	15	0	3281280	2048	0
10	15	0	3281280	4096	0
10	15	0	3281280	8192	0
10	15	0	3281280	16384	0
10	15	0	3281280	32768	0
10	15	0	3281280	65536	0
10	15	0	3281280	131072	0
10	15	0	3281280	262144	0
10	15	0	3281280	524288	0
10	15	0	3281280	1048576	0
10	15	0	3281280	820320	0
10	15	0	3281280	1640640	0
10	15	0	3281280	2460960	0
10	15	0	3281280	3281278	0
10	15	0	3281280	3281279	0
11	1	0	2187520	1	0
11	1	0	2187520	2	0
11	1	0	2187520	4	0
11	1	0	2187520	8	0
11	1	0	2187520	16	0
11	1	0	2187520	32	0
11	1	0	2187520	64	0
11	1	0	2187520	128	0
11	1	0	2187520	256	0
11	1	0	2187520	512	0
11	1	0	2187520	1024	0
11	1	0	2187520	2048	0
11	1	0	2187520	4096	0
11	1	0	2187520	8192	0
11	1	0	2187520	16384	0
11	1	0	2187520	32768	0
11	1	0	2187520	65536	0
11	1	0	2187520	131072	0
11	1	0	2187520	262144	0
11	1	0	2187520	524288	0
11	1	0	2187520	1048576	0
11	1	0	2187520	546880	0
11	1	0	2187520	1093760	0
11	1	0	2187520	1640640	0
11	1	0	2187520	2187518	0
11	1	0	2187520	2187519	0
11	18	1	3281280	1	0
11	18	1	3281280	2	0
11	18	1	3281280	4	0
11	18	1	3281280	8	0
11	18	1	3281280	16	0
11	18	1	3281280	32	0
11	18	1	3281280	64	0
11	18	1	3281280	128	0
11	18	1	3281280	256	0
11	18	1	3281280	512	0
11	18	1	3281280	1024	0
11	18	1	3281280	2048	0
11	18	1	3281280	4096	0
11	18	1	3281280	8192	0
11	18	1	3281280	16384	0
11	18	1	3281280	32768	0
11	18	1	3281280	65536	0
11	18	1	3281280	131072	0
11	18	1	3281280	262144	0
11	18	1	3281280	524288	0
11	18	1	3281280	1048576	0
11	18	1	3281280	820320	0
11	18	1	3281280	1640640	0
11	18	1	3281280	2460960	0
11	18	1	3281280	3281278	0
11	18	1	3281280	3281279	0
12	1	0	2187520	1	0
12	1	0	2187520	2	0
12	1	0	2187520	4	0
12	1	0	2187520	8	0
12	1	0	2187520	16	0
12	1	0	2187520	32	0
12	1	0	2187520	64	0
12	1	0	2187520	128	0
12	1	0	2187520	256	0
12	1	0	2187520	512	0
12	1	0	2187520	1024	0
12	1	0	2187520	2048	0
12	1	0	2187520	4096	0
12	1	0	2187520	8192	0
12	1	0	2187520	16384	0
12	1	0	2187520	32768	0
12	1	0	2187520	65536	0
12	1	0	2187520	131072	0
12	1	0	2187520	262144	0
12	1	0	2187520	524288	0
12	1	0	2187520	1048576	0
12	1	0	2187520	546880	0
12	1	0	2187520	1093760	0
12	1	0	2187520	1640640	0
12	1	0	2187520	2187518	0
12	1	0	2187520	2187519	0
12	3	0	2187520	1	0
12	3	0	2187520	2	0
12	3	0	2187520	4	0
12	3	0	2187520	8	0
12	3	0	2187520	16	0
12	3	0	2187520	32	0
12	3	0	2187520	64	0
12	3	0	2187520	128	0
12	3	0	2187520	256	0
12	3	0	2187520	512	0
12	3	0	2187520	1024	0
12	3	0	2187520	2048	0
12	3	0	2187520	4096	0
12	3	0	2187520	8192	0
12	3	0	2187520	16384	0
12	3	0	2187520	32768	0
12	3	0	2187520	65536	0
12	3	0	2187520	131072	0
12	3	0	2187520	262144	0
12	3	0	2187520	524288	0
12	3	0	2187520	1048576	0
12	3	0	2187520	546880	0
12	3	0	2187520	1093760	0
12	3	0	2187520	1640640	0
12	3	0	2187520	2187518	0
12	3	0	2187520	2187519	0
12	15	0	3281280	1	0
12	15	0	3281280	2	0
12	15	0	3281280	4	0
12	15	0	3281280	8	0
12	15	0	3281280	16	0
12	15	0	3281280	32	0
12	15	0	3281280	64	0
12	15	0	3281280	128	0
12	15	0	3281280	256	0
12	15	0	3281280	512	0
12	15	0	3281280	1024	0
12	15	0	3281280	2048	0
12	15	0	3281280	4096	0
12	15	0	3281280	8192	0
12	15	0	3281280	16384	0
12	15	0	3281280	32768	0
12	15	0	3281280	65536	0
12	15	0	3281280	131072	0
12	15	0	3281280	262144	0
12	15	0	3281280	524288	0
12	15	0	3281280	1048576	0
12	15	0	3281280	820320	0
12	15	0	3281280	1640640	0
12	15	0	3281280	2460960	0
12	15	0	3281280	3281278	0
12	15	0	3281280	3281279	0
13	1	0	3732560	1	0
13	1	0	3732560	2	0
13	1	0	3732560	4	0
13	1	0	3732560	8	0
13	1	0	3732560	16	0
13	1	0	3732560	32	0
13	1	0	3732560	64	0
13	1	0	3732560	128	0
13	1	0	3732560	256	0
13	1	0	3732560	512	0
13	1	0	3732560	1024	0
13	1	0	3732560	2048	0
13	1	0	3732560	4096	0
13	1	0	3732560	8192	0
13	1	0	3732560	16384	0
13	1	0	3732560	32768	0
13	1	0	3732560	65536	0
13	1	0	3732560	131072	0
13	1	0	3732560	262144	0
13	1	0	3732560	524288	0
13	1	0	3732560	1048576	0
13	1	0	3732560	933140	0
13	1	0	3732560	1866280	0
13	1	0	3732560	2799420	0
13	1	0	3732560	3732558	0
13	1	0	3732560	3732559	0
13	3	0	2187520	1	0
13	3	0	2187520	2	0
13	3	0	2187520	4	0
13	3	0	2187520	8	0
13	3	0	2187520	16	0
13	3	0	2187520	32	0
13	3	0	2187520	64	0
13	3	0	2187520	128	0
13	3	0	2187520	256	0
13	3	0	2187520	512	0
13	3	0	2187520	1024	0
13	3	0	2187520	2048	0
13	3	0	2187520	4096	0
13	3	0	2187520	8192	0
13	3	0	2187520	16384	0
13	3	0	2187520	32768	0
13	3	0	2187520	65536	0
13	3	0	2187520	131072	0
13	3	0	2187520	262144	0
13	3	0	2187520	524288	0
13	3	0	2187520	1048576	0
13	3	0	2187520	546880	0
13	3	0	2187520	1093760	0
13	3	0	2187520	1640640	0
13	3	0	2187520	2187518	0
13	3	0	2187520	2187519	0
4	17	1	6140800	1	0
4	17	1	6140800	2	0
4	17	1	6140800	4	0
4	17	1	6140800	8	0
4	17	1	6140800	16	0
4	17	1	6140800	32	0
4	17	1	6140800	64	0
4	17	1	6140800	128	0
4	17	1	6140800	256	0
4	17	1	6140800	512	0
4	17	1	6140800	1024	0
4	17	1	6140800	2048	0
4	17	1	6140800	4096	0
4	17	1	6140800	8192	0
4	17	1	6140800	16384	0
4	17	1	6140800	32768	0
4	17	1	6140800	65536	0
4	17	1	6140800	131072	0
4	17	1	6140800	262144	0
4	17	1	6140800	524288	0
4	17	1	6140800	1048576	0
4	17	1	6140800	2097152	0
4	17	1	6140800	1535200	0
4	17	1	6140800	3070400	0
4	17	1	6140800	4605600	0
4	17	1	6140800	6140798	0
4	17	1	6140800	6140799	0
7	13	1	7288544	1	0
7	13	1	7288544	2	0
7	13	1	7288544	4	0
7	13	1	7288544	8	0
7	13	1	7288544	16	0
7	13	1	7288544	32	0
7	13	1	7288544	64	0
7	13	1	7288544	128	0
7	13	1	7288544	256	0
7	13	1	7288544	512	0
7	13	1	7288544	1024	0
7	13	1	7288544	2048	0
7	13	1	7288544	4096	0
7	13	1	7288544	8192	0
7	13	1	7288544	16384	0
7	13	1	7288544	32768	0
7	13	1	7288544	65536	0
7	13	1	7288544	131072	0
7	13	1	7288544	262144	0
7	13	1	7288544	524288	0
7	13	1	7288544	1048576	0
7	13	1	7288544	2097152	0
7	13	1	7288544	1822136	0
7	13	1	7288544	3644272	0
7	13	1	7288544	5466408	0
7	13	1	7288544	7288542	0
7	13	1	7288544	7288543	0
8	20	0	4573910	1	0
8	20	0	4573910	2	0
8	20	0	4573910	4	0
8	20	0	4573910	8	0
8	20	0	4573910	16	0
8	20	0	4573910	32	0
8	20	0	4573910	64	0
8	20	0	4573910	128	0
8	20	0	4573910	256	0
8	20	0	4573910	512	0
8	20	0	4573910	1024	0
8	20	0	4573910	2048	0
8	20	0	4573910	4096	0
8	20	0	4573910	8192	0
8	20	0	4573910	16384	0
8	20	0	4573910	32768	0
8	20	0	4573910	65536	0
8	20	0	4573910	131072	0
8	20	0	4573910	262144	0
8	20	0	4573910	524288	0
8	20	0	4573910	1048576	0
8	20	0	4573910	2097152	0
8	20	0	4573910	1143477	0
8	20	0	4573910	2286955	0
8	20	0	4573910	3430432	0
8	20	0	4573910	4573908	0
8	20	0	4573910	4573909	0
9	8	0	6140800	1	0
9	8	0	6140800	2	0
9	8	0	6140800	4	0
9	8	0	6140800	8	0
9	8	0	6140800	16	0
9	8	0	6140800	32	0
9	8	0	6140800	64	0
9	8	0	6140800	128	0
9	8	0	6140800	256	0
9	8	0	6140800	512	0
9	8	0	6140800	1024	0
9	8	0	6140800	2048	0
9	8	0	6140800	4096	0
9	8	0	6140800	8192	0
9	8	0	6140800	16384	0
9	8	0	6140800	32768	0
9	8	0	6140800	65536	0
9	8	0	6140800	131072	0
9	8	0	6140800	262144	0
9	8	0	6140800	524288	0
9	8	0	6140800	1048576	0
9	8	0	6140800	2097152	0
9	8	0	6140800	1535200	0
9	8	0	6140800	3070400	0
9	8	0	6140800	4605600	0
9	8	0	6140800	6140798	0
9	8	0	6140800	6140799	0
9	13	0	6140800	1	0
9	13	0	6140800	2	0
9	13	0	6140800	4	0
9	13	0	6140800	8	0
9	13	0	6140800	16	0
9	13	0	6140800	32	0
9	13	0	6140800	64	0
9	13	0	6140800	128	0
9	13	0	6140800	256	0
9	13	0	6140800	512	0
9	13	0	6140800	1024	0
9	13	0	6140800	2048	0
9	13	0	6140800	4096	0
9	13	0	6140800	8192	0
9	13	0	6140800	16384	0
9	13	0	6140800	32768	0
9	13	0	6140800	65536	0
9	13	0	6140800	131072	0
9	13	0	6140800	262144	0
9	13	0	6140800	524288	0
9	13	0	6140800	1048576	0
9	13	0	6140800	2097152	0
9	13	0	6140800	1535200	0
9	13	0	6140800	3070400	0
9	13	0	6140800	4605600	0
9	13	0	6140800	6140798	0
9	13	0	6140800	6140799	0
10	14	0	7288544	1	0
10	14	0	7288544	2	0
10	14	0	7288544	4	0
10	14	0	7288544	8	0
10	14	0	7288544	16	0
10	14	0	7288544	32	0
10	14	0	7288544	64	0
10	14	0	7288544	128	0
10	14	0	7288544	256	0
10	14	0	7288544	512	0
10	14	0	7288544	1024	0
10	14	0	7288544	2048	0
10	14	0	7288544	4096	0
10	14	0	7288544	8192	0
10	14	0	7288544	16384	0
10	14	0	7288544	32768	0
10	14	0	7288544	65536	0
10	14	0	7288544	131072	0
10	14	0	7288544	262144	0
10	14	0	7288544	524288	0
10	14	0	7288544	1048576	0
10	14	0	7288544	2097152	0
10	14	0	7288544	1822136	0
10	14	0	7288544	3644272	0
10	14	0	7288544	5466408	0
10	14	0	7288544	7288542	0
10	14	0	7288544	7288543	0
10	14	1	7288544	1	0
10	14	1	7288544	2	0
10	14	1	7288544	4	0
10	14	1	7288544	8	0
10	14	1	7288544	16	0
10	14	1	7288544	32	0
10	14	1	7288544	64	0
10	14	1	7288544	128	0
10	14	1	7288544	256	0
10	14	1	7288544	512	0
10	14	1	7288544	1024	0
10	14	1	7288544	2048	0
10	14	1	7288544	4096	0
10	14	1	7288544	8192	0
10	14	1	7288544	16384	0
10	14	1	7288544	32768	0
10	14	1	7288544	65536	0
10	14	1	7288544	131072	0
10	14	1	7288544	262144	0
10	14	1	7288544	524288	0
10	14	1	7288544	1048576	0
10	14	1	7288544	2097152	0
10	14	1	7288544	1822136	0
10	14	1	7288544	3644272	0
10	14	1	7288544	5466408	0
10	14	1	7288544	7288542	0
10	14	1	7288544	7288543	0
10	17	0	7288544	1	0
10	17	0	7288544	2	0
10	17	0	7288544	4	0
10	17	0	7288544	8	0
10	17	0	7288544	16	0
10	17	0	7288544	32	0
10	17	0	7288544	64	0
10	17	0	7288544	128	0
10	17	0	7288544	256	0
10	17	0	7288544	512	0
10	17	0	7288544	1024	0
10	17	0	7288544	2048	0
10	17	0	7288544	4096	0
10	17	0	7288544	8192	0
10	17	0	7288544	16384	0
10	17	0	7288544	32768	0
10	17	0	7288544	65536	0
10	17	0	7288544	131072	0
10	17	0	7288544	262144	0
10	17	0	7288544	524288	0
10	17	0	7288544	1048576	0
10	17	0	7288544	2097152	0
10	17	0	7288544	1822136	0
10	17	0	7288544	3644272	0
10	17	0	7288544	5466408	0
10	17	0	7288544	7288542	0
10	17	0	7288544	7288543	0
10	17	1	7288544	1	0
10	17	1	7288544	2	0
10	17	1	7288544	4	0
10	17	1	7288544	8	0
10	17	1	7288544	16	0
10	17	1	7288544	32	0
10	17	1	7288544	64	0
10	17	1	7288544	128	0
10	17	1	7288544	256	0
10	17	1	7288544	512	0
10	17	1	7288544	1024	0
10	17	1	7288544	2048	0
10	17	1	7288544	4096	0
10	17	1	7288544	8192	0
10	17	1	7288544	16384	0
10	17	1	7288544	32768	0
10	17	1	7288544	65536	0
10	17	1	7288544	131072	0
10	17	1	7288544	262144	0
10	17	1	7288544	524288	0
10	17	1	7288544	1048576	0
10	17	1	7288544	2097152	0
10	17	1	7288544	1822136	0
10	17	1	7288544	3644272	0
10	17	1	7288544	5466408	0
10	17	1	7288544	7288542	0
10	17	1	7288544	7288543	0
11	14	0	7288544	1	0
11	14	0	7288544	2	0
11	14	0	7288544	4	0
11	14	0	7288544	8	0
11	14	0	7288544	16	0
11	14	0	7288544	32	0
11	14	0	7288544	64	0
11	14	0	7288544	128	0
11	14	0	7288544	256	0
11	14	0	7288544	512	0
11	14	0	7288544	1024	0
11	14	0	7288544	2048	0
11	14	0	7288544	4096	0
11	14	0	7288544	8192	0
11	14	0	7288544	16384	0
11	14	0	7288544	32768	0
11	14	0	7288544	65536	0
11	14	0	7288544	131072	0
11	14	0	7288544	262144	0
11	14	0	7288544	524288	0
11	14	0	7288544	1048576	0
11	14	0	7288544	2097152	0
11	14	0	7288544	1822136	0
11	14	0	7288544	3644272	0
11	14	0	7288544	5466408	0
11	14	0	7288544	7288542	0
11	14	0	7288544	7288543	0
11	14	1	7288544	1	0
11	14	1	7288544	2	0
11	14	1	7288544	4	0
11	14	1	7288544	8	0
11	14	1	7288544	16	0
11	14	1	7288544	32	0
11	14	1	7288544	64	0
11	14	1	7288544	128	0
11	14	1	7288544	256	0
11	14	1	7288544	512	0
11	14	1	7288544	1024	0
11	14	1	7288544	2048	0
11	14	1	7288544	4096	0
11	14	1	7288544	8192	0
11	14	1	7288544	16384	0
11	14	1	7288544	32768	0
11	14	1	7288544	65536	0
11	14	1	7288544	131072	0
11	14	1	7288544	262144	0
11	14	1	7288544	524288	0
11	14	1	7288544	1048576	0
11	14	1	7288544	2097152	0
11	14	1	7288544	1822136	0
11	14	1	7288544	3644272	0
11	14	1	7288544	5466408	0
11	14	1	7288544	7288542	0
11	14	1	7288544	7288543	0
12	14	0	7288544	1	0
12	14	0	7288544	2	0
12	14	0	7288544	4	0
12	14	0	7288544	8	0
12	14	0	7288544	16	0
12	14	0	7288544	32	0
12	14	0	7288544	64	0
12	14	0	7288544	128	0
12	14	0	7288544	256	0
12	14	0	7288544	512	0
12	14	0	7288544	1024	0
12	14	0	7288544	2048	0
12	14	0	7288544	4096	0
12	14	0	7288544	8192	0
12	14	0	7288544	16384	0
12	14	0	7288544	32768	0
12	14	0	7288544	65536	0
12	14	0	7288544	131072	0
12	14	0	7288544	262144	0
12	14	0	7288544	524288	0
12	14	0	7288544	1048576	0
12	14	0	7288544	2097152	0
12	14	0	7288544	1822136	0
12	14	0	7288544	3644272	0
12	14	0	7288544	5466408	0
12	14	0	7288544	7288542	0
12	14	0	7288544	7288543	0
12	14	1	7288544	1	0
12	14	1	7288544	2	0
12	14	1	7288544	4	0
12	14	1	7288544	8	0
12	14	1	7288544	16	0
12	14	1	7288544	32	0
12	14	1	7288544	64	0
12	14	1	7288544	128	0
12	14	1	7288544	256	0
12	14	1	7288544	512	0
12	14	1	7288544	1024	0
12	14	1	7288544	2048	0
12	14	1	7288544	4096	0
12	14	1	7288544	8192	0
12	14	1	7288544	16384	0
12	14	1	7288544	32768	0
12	14	1	7288544	65536	0
12	14	1	7288544	131072	0
12	14	1	7288544	262144	0
12	14	1	7288544	524288	0
12	14	1	7288544	1048576	0
12	14	1	7288544	2097152	0
12	14	1	7288544	1822136	0
12	14	1	7288544	3644272	0
12	14	1	7288544	5466408	0
12	14	1	7288544	7288542	0
12	14	1	7288544	7288543	0
13	12	1	7288544	1	0
13	12	1	7288544	2	0
13	12	1	7288544	4	0
13	12	1	7288544	8	0
13	12	1	7288544	16	0
13	12	1	7288544	32	0
13	12	1	7288544	64	0
13	12	1	7288544	128	0
13	12	1	7288544	256	0
13	12	1	7288544	512	0
13	12	1	7288544	1024	0
13	12	1	7288544	2048	0
13	12	1	7288544	4096	0
13	12	1	7288544	8192	0
13	12	1	7288544	16384	0
13	12	1	7288544	32768	0
13	12	1	7288544	65536	0
13	12	1	7288544	131072	0
13	12	1	7288544	262144	0
13	12	1	7288544	524288	0
13	12	1	7288544	1048576	0
13	12	1	7288544	2097152	0
13	12	1	7288544	1822136	0
13	12	1	7288544	3644272	0
13	12	1	7288544	5466408	0
13	12	1	7288544	7288542	0
13	12	1	7288544	7288543	0
14	12	2	7288544	1	0
14	12	2	7288544	2	0
14	12	2	7288544	4	0
14	12	2	7288544	8	0
14	12	2	7288544	16	0
14	12	2	7288544	32	0
14	12	2	7288544	64	0
14	12	2	7288544	128	0
14	12	2	7288544	256	0
14	12	2	7288544	512	0
14	12	2	7288544	1024	0
14	12	2	7288544	2048	0
14	12	2	7288544	4096	0
14	12	2	7288544	8192	0
14	12	2	7288544	16384	0
14	12	2	7288544	32768	0
14	12	2	7288544	65536	0
14	12	2	7288544	131072	0
14	12	2	7288544	262144	0
14	12	2	7288544	524288	0
14	12	2	7288544	1048576	0
14	12	2	7288544	2097152	0
14	12	2	7288544	1822136	0
14	12	2	7288544	3644272	0
14	12	2	7288544	5466408	0
14	12	2	7288544	7288542	0
14	12	2	7288544	7288543	0
16	3	0	6140800	1	0
16	3	0	6140800	2	0
16	3	0	6140800	4	0
16	3	0	6140800	8	0
16	3	0	6140800	16	0
16	3	0	6140800	32	0
16	3	0	6140800	64	0
16	3	0	6140800	128	0
16	3	0	6140800	256	0
16	3	0	6140800	512	0
16	3	0	6140800	1024	0
16	3	0	6140800	2048	0
16	3	0	6140800	4096	0
16	3	0	6140800	8192	0
16	3	0	6140800	16384	0
16	3	0	6140800	32768	0
16	3	0	6140800	65536	0
16	3	0	6140800	131072	0
16	3	0	6140800	262144	0
16	3	0	6140800	524288	0
16	3	0	6140800	1048576	0
16	3	0	6140800	2097152	0
16	3	0	6140800	1535200	0
16	3	0	6140800	3070400	0
16	3	0	6140800	4605600	0
16	3	0	6140800	6140798	0
16	3	0	6140800	6140799	0
18	12	2	7288544	1	0
18	12	2	7288544	2	0
18	12	2	7288544	4	0
18	12	2	7288544	8	0
18	12	2	7288544	16	0
18	12	2	7288544	32	0
18	12	2	7288544	64	0
18	12	2	7288544	128	0
18	12	2	7288544	256	0
18	12	2	7288544	512	0
18	12	2	7288544	1024	0
18	12	2	7288544	2048	0
18	12	2	7288544	4096	0
18	12	2	7288544	8192	0
18	12	2	7288544	16384	0
18	12	2	7288544	32768	0
18	12	2	7288544	65536	0
18	12	2	7288544	131072	0
18	12	2	7288544	262144	0
18	12	2	7288544	524288	0
18	12	2	7288544	1048576	0
18	12	2	7288544	2097152	0
18	12	2	7288544	1822136	0
18	12	2	7288544	3644272	0
18	12	2	7288544	5466408	0
18	12	2	7288544	7288542	0
18	12	2	7288544	7288543	0
23	17	2	7288544	1	0
23	17	2	7288544	2	0
23	17	2	7288544	4	0
23	17	2	7288544	8	0
23	17	2	7288544	16	0
23	17	2	7288544	32	0
23	17	2	7288544	64	0
23	17	2	7288544	128	0
23	17	2	7288544	256	0
23	17	2	7288544	512	0
23	17	2	7288544	1024	0
23	17	2	7288544	2048	0
23	17	2	7288544	4096	0
23	17	2	7288544	8192	0
23	17	2	7288544	16384	0
23	17	2	7288544	32768	0
23	17	2	7288544	65536	0
23	17	2	7288544	131072	0
23	17	2	7288544	262144	0
23	17	2	7288544	524288	0
23	17	2	7288544	1048576	0
23	17	2	7288544	2097152	0
23	17	2	7288544	1822136	0
23	17	2	7288544	3644272	0
23	17	2	7288544	5466408	0
23	17	2	7288544	7288542	0
23	17	2	7288544	7288543	0
23	17	3	7288544	1	0
23	17	3	7288544	2	0
23	17	3	7288544	4	0
23	17	3	7288544	8	0
23	17	3	7288544	16	0
23	17	3	7288544	32	0
23	17	3	7288544	64	0
23	17	3	7288544	128	0
23	17	3	7288544	256	0
23	17	3	7288544	512	0
23	17	3	7288544	1024	0
23	17	3	7288544	2048	0
23	17	3	7288544	4096	0
23	17	3	7288544	8192	0
23	17	3	7288544	16384	0
23	17	3	7288544	32768	0
23	17	3	7288544	65536	0
23	17	3	7288544	131072	0
23	17	3	7288544	262144	0
23	17	3	7288544	524288	0
23	17	3	7288544	1048576	0
23	17	3	7288544	2097152	0
23	17	3	7288544	1822136	0
23	17	3	7288544	3644272	0
23	17	3	7288544	5466408	0
23	17	3	7288544	7288542	0
23	17	3	7288544	7288543	0
25	18	2	4320608	1	0
25	18	2	4320608	2	0
25	18	2	4320608	4	0
25	18	2	4320608	8	0
25	18	2	4320608	16	0
25	18	2	4320608	32	0
25	18	2	4320608	64	0
25	18	2	4320608	128	0
25	18	2	4320608	256	0
25	18	2	4320608	512	0
25	18	2	4320608	1024	0
25	18	2	4320608	2048	0
25	18	2	4320608	4096	0
25	18	2	4320608	8192	0
25	18	2	4320608	16384	0
25	18	2	4320608	32768	0
25	18	2	4320608	65536	0
25	18	2	4320608	131072	0
25	18	2	4320608	262144	0
25	18	2	4320608	524288	0
25	18	2	4320608	1048576	0
25	18	2	4320608	2097152	0
25	18	2	4320608	1080152	0
25	18	2	4320608	2160304	0
25	18	2	4320608	3240456	0
25	18	2	4320608	4320606	0
25	18	2	4320608	4320607	0
26	14	2	7288544	1	0
26	14	2	7288544	2	0
26	14	2	7288544	4	0
26	14	2	7288544	8	0
26	14	2	7288544	16	0
26	14	2	7288544	32	0
26	14	2	7288544	64	0
26	14	2	7288544	128	0
26	14	2	7288544	256	0
26	14	2	7288544	512	0
26	14	2	7288544	1024	0
26	14	2	7288544	2048	0
26	14	2	7288544	4096	0
26	14	2	7288544	8192	0
26	14	2	7288544	16384	0
26	14	2	7288544	32768	0
26	14	2	7288544	65536	0
26	14	2	7288544	131072	0
26	14	2	7288544	262144	0
26	14	2	7288544	524288	0
26	14	2	7288544	1048576	0
26	14	2	7288544	2097152	0
26	14	2	7288544	1822136	0
26	14	2	7288544	3644272	0
26	14	2	7288544	5466408	0
26	14	2	7288544	7288542	0
26	14	2	7288544	7288543	0
27	3	0	6140800	1	0
27	3	0	6140800	2	0
27	3	0	6140800	4	0
27	3	0	6140800	8	0
27	3	0	6140800	16	0
27	3	0	6140800	32	0
27	3	0	6140800	64	0
27	3	0	6140800	128	0
27	3	0	6140800	256	0
27	3	0	6140800	512	0
27	3	0	6140800	1024	0
27	3	0	6140800	2048	0
27	3	0	6140800	4096	0
27	3	0	6140800	8192	0
27	3	0	6140800	16384	0
27	3	0	6140800	32768	0
27	3	0	6140800	65536	0
27	3	0	6140800	131072	0
27	3	0	6140800	262144	0
27	3	0	6140800	524288	0
27	3	0	6140800	1048576	0
27	3	0	6140800	2097152	0
27	3	0	6140800	1535200	0
27	3	0	6140800	3070400	0
27	3	0	6140800	4605600	0
27	3	0	6140800	6140798	0
27	3	0	6140800	6140799	0
28	3	0	6140800	1	0
28	3	0	6140800	2	0
28	3	0	6140800	4	0
28	3	0	6140800	8	0
28	3	0	6140800	16	0
28	3	0	6140800	32	0
28	3	0	6140800	64	0
28	3	0	6140800	128	0
28	3	0	6140800	256	0
28	3	0	6140800	512	0
28	3	0	6140800	1024	0
28	3	0	6140800	2048	0
28	3	0	6140800	4096	0
28	3	0	6140800	8192	0
28	3	0	6140800	16384	0
28	3	0	6140800	32768	0
28	3	0	6140800	65536	0
28	3	0	6140800	131072	0
28	3	0	6140800	262144	0
28	3	0	6140800	524288	0
28	3	0	6140800	1048576	0
28	3	0	6140800	2097152	0
28	3	0	6140800	1535200	0
28	3	0	6140800	3070400	0
28	3	0	6140800	4605600	0
28	3	0	6140800	6140798	0
28	3	0	6140800	6140799	0
28	17	1	7288544	1	0
28	17	1	7288544	2	0
28	17	1	7288544	4	0
28	17	1	7288544	8	0
28	17	1	7288544	16	0
28	17	1	7288544	32	0
28	17	1	7288544	64	0
28	17	1	7288544	128	0
28	17	1	7288544	256	0
28	17	1	7288544	512	0
28	17	1	7288544	1024	0
28	17	1	7288544	2048	0
28	17	1	7288544	4096	0
28	17	1	7288544	8192	0
28	17	1	7288544	16384	0
28	17	1	7288544	32768	0
28	17	1	7288544	65536	0
28	17	1	7288544	131072	0
28	17	1	7288544	262144	0
28	17	1	7288544	524288	0
28	17	1	7288544	1048576	0
28	17	1	7288544	2097152	0
28	17	1	7288544	1822136	0
28	17	1	7288544	3644272	0
28	17	1	7288544	5466408	0
28	17	1	7288544	7288542	0
28	17	1	7288544	7288543	0
29	3	0	6140800	1	0
29	3	0	6140800	2	0
29	3	0	6140800	4	0
29	3	0	6140800	8	0
29	3	0	6140800	16	0
29	3	0	6140800	32	0
29	3	0	6140800	64	0
29	3	0	6140800	128	0
29	3	0	6140800	256	0
29	3	0	6140800	512	0
29	3	0	6140800	1024	0
29	3	0	6140800	2048	0
29	3	0	6140800	4096	0
29	3	0	6140800	8192	0
29	3	0	6140800	16384	0
29	3	0	6140800	32768	0
29	3	0	6140800	65536	0
29	3	0	6140800	131072	0
29	3	0	6140800	262144	0
29	3	0	6140800	524288	0
29	3	0	6140800	1048576	0
29	3	0	6140800	2097152	0
29	3	0	6140800	1535200	0
29	3	0	6140800	3070400	0
29	3	0	6140800	4605600	0
29	3	0	6140800	6140798	0
29	3	0	6140800	6140799	0
29	17	1	7288544	1	0
29	17	1	7288544	2	0
29	17	1	7288544	4	0
29	17	1	7288544	8	0
29	17	1	7288544	16	0
29	17	1	7288544	32	0
29	17	1	7288544	64	0
29	17	1	7288544	128	0
29	17	1	7288544	256	0
29	17	1	7288544	512	0
29	17	1	7288544	1024	0
29	17	1	7288544	2048	0
29	17	1	7288544	4096	0
29	17	1	7288544	8192	0
29	17	1	7288544	16384	0
29	17	1	7288544	32768	0
29	17	1	7288544	65536	0
29	17	1	7288544	131072	0
29	17	1	7288544	262144	0
29	17	1	7288544	524288	0
29	17	1	7288544	1048576	0
29	17	1	7288544	2097152	0
29	17	1	7288544	1822136	0
29	17	1	7288544	3644272	0
29	17	1	7288544	5466408	0
29	17	1	7288544	7288542	0
29	17	1	7288544	7288543	0
29	18	4	4320608	1	0
29	18	4	4320608	2	0
29	18	4	4320608	4	0
29	18	4	4320608	8	0
29	18	4	4320608	16	0
29	18	4	4320608	32	0
29	18	4	4320608	64	0
29	18	4	4320608	128	0
29	18	4	4320608	256	0
29	18	4	4320608	512	0
29	18	4	4320608	1024	0
29	18	4	4320608	2048	0
29	18	4	4320608	4096	0
29	18	4	4320608	8192	0
29	18	4	4320608	16384	0
29	18	4	4320608	32768	0
29	18	4	4320608	65536	0
29	18	4	4320608	131072	0
29	18	4	4320608	262144	0
29	18	4	4320608	524288	0
29	18	4	4320608	1048576	0
29	18	4	4320608	2097152	0
29	18	4	4320608	1080152	0
29	18	4	4320608	2160304	0
29	18	4	4320608	3240456	0
29	18	4	4320608	4320606	0
29	18	4	4320608	4320607	0
31	3	0	6140800	1	0
31	3	0	6140800	2	0
31	3	0	6140800	4	0
31	3	0	6140800	8	0
31	3	0	6140800	16	0
31	3	0	6140800	32	0
31	3	0	6140800	64	0
31	3	0	6140800	128	0
31	3	0	6140800	256	0
31	3	0	6140800	512	0
31	3	0	6140800	1024	0
31	3	0	6140800	2048	0
31	3	0	6140800	4096	0
31	3	0	6140800	8192	0
31	3	0	6140800	16384	0
31	3	0	6140800	32768	0
31	3	0	6140800	65536	0
31	3	0	6140800	131072	0
31	3	0	6140800	262144	0
31	3	0	6140800	524288	0
31	3	0	6140800	1048576	0
31	3	0	6140800	2097152	0
31	3	0	6140800	1535200	0
31	3	0	6140800	3070400	0
31	3	0	6140800	4605600	0
31	3	0	6140800	6140798	0
31	3	0	6140800	6140799	0
32	14	2	6140800	1	0
32	14	2	6140800	2	0
32	14	2	6140800	4	0
32	14	2	6140800	8	0
32	14	2	6140800	16	0
32	14	2	6140800	32	0
32	14	2	6140800	64	0
32	14	2	6140800	128	0
32	14	2	6140800	256	0
32	14	2	6140800	512	0
32	14	2	6140800	1024	0
32	14	2	6140800	2048	0
32	14	2	6140800	4096	0
32	14	2	6140800	8192	0
32	14	2	6140800	16384	0
32	14	2	6140800	32768	0
32	14	2	6140800	65536	0
32	14	2	6140800	131072	0
32	14	2	6140800	262144	0
32	14	2	6140800	524288	0
32	14	2	6140800	1048576	0
32	14	2	6140800	2097152	0
32	14	2	6140800	1535200	0
32	14	2	6140800	3070400	0
32	14	2	6140800	4605600	0
32	14	2	6140800	6140798	0
32	14	2	6140800	6140799	0
32	14	3	7288544	1	0
32	14	3	7288544	2	0
32	14	3	7288544	4	0
32	14	3	7288544	8	0
32	14	3	7288544	16	0
32	14	3	7288544	32	0
32	14	3	7288544	64	0
32	14	3	7288544	128	0
32	14	3	7288544	256	0
32	14	3	7288544	512	0
32	14	3	7288544	1024	0
32	14	3	7288544	2048	0
32	14	3	7288544	4096	0
32	14	3	7288544	8192	0
32	14	3	7288544	16384	0
32	14	3	7288544	32768	0
32	14	3	7288544	65536	0
32	14	3	7288544	131072	0
32	14	3	7288544	262144	0
32	14	3	7288544	524288	0
32	14	3	7288544	1048576	0
32	14	3	7288544	2097152	0
32	14	3	7288544	1822136	0
32	14	3	7288544	3644272	0
32	14	3	7288544	5466408	0
32	14	3	7288544	7288542	0
32	14	3	7288544	7288543	0
4	2	0	15158272	1	0
4	2	0	15158272	2	0
4	2	0	15158272	4	0
4	2	0	15158272	8	0
4	2	0	15158272	16	0
4	2	0	15158272	32	0
4	2	0	15158272	64	0
4	2	0	15158272	128	0
4	2	0	15158272	256	0
4	2	0	15158272	512	0
4	2	0	15158272	1024	0
4	2	0	15158272	2048	0
4	2	0	15158272	4096	0
4	2	0	15158272	8192	0
4	2	0	15158272	16384	0
4	2	0	15158272	32768	0
4	2	0	15158272	65536	0
4	2	0	15158272	131072	0
4	2	0	15158272	262144	0
4	2	0	15158272	524288	0
4	2	0	15158272	1048576	0
4	2	0	15158272	2097152	0
4	2	0	15158272	4194304	0
4	2	0	15158272	3789568	0
4	2	0	15158272	7579136	0
4	2	0	15158272	11368704	0
4	2	0	15158272	15158270	0
4	2	0	15158272	15158271	0
4	3	0	15158272	1	0
4	3	0	15158272	2	0
4	3	0	15158272	4	0
4	3	0	15158272	8	0
4	3	0	15158272	16	0
4	3	0	15158272	32	0
4	3	0	15158272	64	0
4	3	0	15158272	128	0
4	3	0	15158272	256	0
4	3	0	15158272	512	0
4	3	0	15158272	1024	0
4	3	0	15158272	2048	0
4	3	0	15158272	4096	0
4	3	0	15158272	8192	0
4	3	0	15158272	16384	0
4	3	0	15158272	32768	0
4	3	0	15158272	65536	0
4	3	0	15158272	131072	0
4	3	0	15158272	262144	0
4	3	0	15158272	524288	0
4	3	0	15158272	1048576	0
4	3	0	15158272	2097152	0
4	3	0	15158272	4194304	0
4	3	0	15158272	3789568	0
4	3	0	15158272	7579136	0
4	3	0	15158272	11368704	0
4	3	0	15158272	15158270	0
4	3	0	15158272	15158271	0
4	13	0	15158272	1	0
4	13	0	15158272	2	0
4	13	0	15158272	4	0
4	13	0	15158272	8	0
4	13	0	15158272	16	0
4	13	0	15158272	32	0
4	13	0	15158272	64	0
4	13	0	15158272	128	0
4	13	0	15158272	256	0
4	13	0	15158272	512	0
4	13	0	15158272	1024	0
4	13	0	15158272	2048	0
4	13	0	15158272	4096	0
4	13	0	15158272	8192	0
4	13	0	15158272	16384	0
4	13	0	15158272	32768	0
4	13	0	15158272	65536	0
4	13	0	15158272	131072	0
4	13	0	15158272	262144	0
4	13	0	15158272	524288	0
4	13	0	15158272	1048576	0
4	13	0	15158272	2097152	0
4	13	0	15158272	4194304	0
4	13	0	15158272	3789568	0
4	13	0	15158272	7579136	0
4	13	0	15158272	11368704	0
4	13	0	15158272	15158270	0
4	13	0	15158272	15158271	0
4	17	0	15158272	1	0
4	17	0	15158272	2	0
4	17	0	15158272	4	0
4	17	0	15158272	8	0
4	17	0	15158272	16	0
4	17	0	15158272	32	0
4	17	0	15158272	64	0
4	17	0	15158272	128	0
4	17	0	15158272	256	0
4	17	0	15158272	512	0
4	17	0	15158272	1024	0
4	17	0	15158272	2048	0
4	17	0	15158272	4096	0
4	17	0	15158272	8192	0
4	17	0	15158272	16384	0
4	17	0	15158272	32768	0
4	17	0	15158272	65536	0
4	17	0	15158272	131072	0
4	17	0	15158272	262144	0
4	17	0	15158272	524288	0
4	17	0	15158272	1048576	0
4	17	0	15158272	2097152	0
4	17	0	15158272	4194304	0
4	17	0	15158272	3789568	0
4	17	0	15158272	7579136	0
4	17	0	15158272	11368704	0
4	17	0	15158272	15158270	0
4	17	0	15158272	15158271	0
5	0	0	15158272	1	0
5	0	0	15158272	2	0
5	0	0	15158272	4	0
5	0	0	15158272	8	0
5	0	0	15158272	16	0
5	0	0	15158272	32	0
5	0	0	15158272	64	0
5	0	0	15158272	128	0
5	0	0	15158272	256	0
5	0	0	15158272	512	0
5	0	0	15158272	1024	0
5	0	0	15158272	2048	0
5	0	0	15158272	4096	0
5	0	0	15158272	8192	0
5	0	0	15158272	16384	0
5	0	0	15158272	32768	0
5	0	0	15158272	65536	0
5	0	0	15158272	131072	0
5	0	0	15158272	262144	0
5	0	0	15158272	524288	0
5	0	0	15158272	1048576	0
5	0	0	15158272	2097152	0
5	0	0	15158272	4194304	0
5	0	0	15158272	3789568	0
5	0	0	15158272	7579136	0
5	0	0	15158272	11368704	0
5	0	0	15158272	15158270	0
5	0	0	15158272	15158271	0
5	1	0	15158272	1	0
5	1	0	15158272	2	0
5	1	0	15158272	4	0
5	1	0	15158272	8	0
5	1	0	15158272	16	0
5	1	0	15158272	32	0
5	1	0	15158272	64	0
5	1	0	15158272	128	0
5	1	0	15158272	256	0
5	1	0	15158272	512	0
5	1	0	15158272	1024	0
5	1	0	15158272	2048	0
5	1	0	15158272	4096	0
5	1	0	15158272	8192	0
5	1	0	15158272	16384	0
5	1	0	15158272	32768	0
5	1	0	15158272	65536	0
5	1	0	15158272	131072	0
5	1	0	15158272	262144	0
5	1	0	15158272	524288	0
5	1	0	15158272	1048576	0
5	1	0	15158272	2097152	0
5	1	0	15158272	4194304	0
5	1	0	15158272	3789568	0
5	1	0	15158272	7579136	0
5	1	0	15158272	11368704	0
5	1	0	15158272	15158270	0
5	1	0	15158272	15158271	0
5	4	0	9785072	1	0
5	4	0	9785072	2	0
5	4	0	9785072	4	0
5	4	0	9785072	8	0
5	4	0	9785072	16	0
5	4	0	9785072	32	0
5	4	0	9785072	64	0
5	4	0	9785072	128	0
5	4	0	9785072	256	0
5	4	0	9785072	512	0
5	4	0	9785072	1024	0
5	4	0	9785072	2048	0
5	4	0	9785072	4096	0
5	4	0	9785072	8192	0
5	4	0	9785072	16384	0
5	4	0	9785072	32768	0
5	4	0	9785072	65536	0
5	4	0	9785072	131072	0
5	4	0	9785072	262144	0
5	4	0	9785072	524288	0
5	4	0	9785072	1048576	0
5	4	0	9785072	2097152	0
5	4	0	9785072	4194304	0
5	4	0	9785072	2446268	0
5	4	0	9785072	4892536	0
5	4	0	9785072	7338804	0
5	4	0	9785072	9785070	0
5	4	0	9785072	9785071	0
5	16	1	9545560	1	0
5	16	1	9545560	2	0
5	16	1	9545560	4	0
5	16	1	9545560	8	0
5	16	1	9545560	16	0
5	16	1	9545560	32	0
5	16	1	9545560	64	0
5	16	1	9545560	128	0
5	16	1	9545560	256	0
5	16	1	9545560	512	0
5	16	1	9545560	1024	0
5	16	1	9545560	2048	0
5	16	1	9545560	4096	0
5	16	1	9545560	8192	0
5	16	1	9545560	16384	0
5	16	1	9545560	32768	0
5	16	1	9545560	65536	0
5	16	1	9545560	131072	0
5	16	1	9545560	262144	0
5	16	1	9545560	524288	0
5	16	1	9545560	1048576	0
5	16	1	9545560	2097152	0
5	16	1	9545560	4194304	0
5	16	1	9545560	2386390	0
5	16	1	9545560	4772780	0
5	16	1	9545560	7159170	0
5	16	1	9545560	9545558	0
5	16	1	9545560	9545559	0
5	16	3	9545560	1	0
5	16	3	9545560	2	0
5	16	3	9545560	4	0
5	16	3	9545560	8	0
5	16	3	9545560	16	0
5	16	3	9545560	32	0
5	16	3	9545560	64	0
5	16	3	9545560	128	0
5	16	3	9545560	256	0
5	16	3	9545560	512	0
5	16	3	9545560	1024	0
5	16	3	9545560	2048	0
5	16	3	9545560	4096	0
5	16	3	9545560	8192	0
5	16	3	9545560	16384	0
5	16	3	9545560	32768	0
5	16	3	9545560	65536	0
5	16	3	9545560	131072	0
5	16	3	9545560	262144	0
5	16	3	9545560	524288	0
5	16	3	9545560	1048576	0
5	16	3	9545560	2097152	0
5	16	3	9545560	4194304	0
5	16	3	9545560	2386390	0
5	16	3	9545560	4772780	0
5	16	3	9545560	7159170	0
5	16	3	9545560	9545558	0
5	16	3	9545560	9545559	0
5	17	4	15158272	1	0
5	17	4	15158272	2	0
5	17	4	15158272	4	0
5	17	4	15158272	8	0
5	17	4	15158272	16	0
5	17	4	15158272	32	0
5	17	4	15158272	64	0
5	17	4	15158272	128	0
5	17	4	15158272	256	0
5	17	4	15158272	512	0
5	17	4	15158272	1024	0
5	17	4	15158272	2048	0
5	17	4	15158272	4096	0
5	17	4	15158272	8192	0
5	17	4	15158272	16384	0
5	17	4	15158272	32768	0
5	17	4	15158272	65536	0
5	17	4	15158272	131072	0
5	17	4	15158272	262144	0
5	17	4	15158272	524288	0
5	17	4	15158272	1048576	0
5	17	4	15158272	2097152	0
5	17	4	15158272	4194304	0
5	17	4	15158272	3789568	0
5	17	4	15158272	7579136	0
5	17	4	15158272	11368704	0
5	17	4	15158272	15158270	0
5	17	4	15158272	15158271	0
5	18	5	13104184	1	0
5	18	5	13104184	2	0
5	18	5	13104184	4	0
5	18	5	13104184	8	0
5	18	5	13104184	16	0
5	18	5	13104184	32	0
5	18	5	13104184	64	0
5	18	5	13104184	128	0
5	18	5	13104184	256	0
5	18	5	13104184	512	0
5	18	5	13104184	1024	0
5	18	5	13104184	2048	0
5	18	5	13104184	4096	0
5	18	5	13104184	8192	0
5	18	5	13104184	16384	0
5	18	5	13104184	32768	0
5	18	5	13104184	65536	0
5	18	5	13104184	131072	0
5	18	5	13104184	262144	0
5	18	5	13104184	524288	0
5	18	5	13104184	1048576	0
5	18	5	13104184	2097152	0
5	18	5	13104184	4194304	0
5	18	5	13104184	3276046	0
5	18	5	13104184	6552092	0
5	18	5	13104184	9828138	0
5	18	5	13104184	13104182	0
5	18	5	13104184	13104183	0
5	19	4	16395516	1	0
5	19	4	16395516	2	0
5	19	4	16395516	4	0
5	19	4	16395516	8	0
5	19	4	16395516	16	0
5	19	4	16395516	32	0
5	19	4	16395516	64	0
5	19	4	16395516	128	0
5	19	4	16395516	256	0
5	19	4	16395516	512	0
5	19	4	16395516	1024	0
5	19	4	16395516	2048	0
5	19	4	16395516	4096	0
5	19	4	16395516	8192	0
5	19	4	16395516	16384	0
5	19	4	16395516	32768	0
5	19	4	16395516	65536	0
5	19	4	16395516	131072	0
5	19	4	16395516	262144	0
5	19	4	16395516	524288	0
5	19	4	16395516	1048576	0
5	19	4	16395516	2097152	0
5	19	4	16395516	4194304	0
5	19	4	16395516	4098879	0
5	19	4	16395516	8197758	0
5	19	4	16395516	12296637	0
5	19	4	16395516	16395514	0
5	19	4	16395516	16395515	0
5	20	4	10286936	1	0
5	20	4	10286936	2	0
5	20	4	10286936	4	0
5	20	4	10286936	8	0
5	20	4	10286936	16	0
5	20	4	10286936	32	0
5	20	4	10286936	64	0
5	20	4	10286936	128	0
5	20	4	10286936	256	0
5	20	4	10286936	512	0
5	20	4	10286936	1024	0
5	20	4	10286936	2048	0
5	20	4	10286936	4096	0
5	20	4	10286936	8192	0
5	20	4	10286936	16384	0
5	20	4	10286936	32768	0
5	20	4	10286936	65536	0
5	20	4	10286936	131072	0
5	20	4	10286936	262144	0
5	20	4	10286936	524288	0
5	20	4	10286936	1048576	0
5	20	4	10286936	2097152	0
5	20	4	10286936	4194304	0
5	20	4	10286936	2571734	0
5	20	4	10286936	5143468	0
5	20	4	10286936	7715202	0
5	20	4	10286936	10286934	0
5	20	4	10286936	10286935	0
5	20	5	10286936	1	0
5	20	5	10286936	2	0
5	20	5	10286936	4	0
5	20	5	10286936	8	0
5	20	5	10286936	16	0
5	20	5	10286936	32	0
5	20	5	10286936	64	0
5	20	5	10286936	128	0
5	20	5	10286936	256	0
5	20	5	10286936	512	0
5	20	5	10286936	1024	0
5	20	5	10286936	2048	0
5	20	5	10286936	4096	0
5	20	5	10286936	8192	0
5	20	5	10286936	16384	0
5	20	5	10286936	32768	0
5	20	5	10286936	65536	0
5	20	5	10286936	131072	0
5	20	5	10286936	262144	0
5	20	5	10286936	524288	0
5	20	5	10286936	1048576	0
5	20	5	10286936	2097152	0
5	20	5	10286936	4194304	0
5	20	5	10286936	2571734	0
5	20	5	10286936	5143468	0
5	20	5	10286936	7715202	0
5	20	5	10286936	10286934	0
5	20	5	10286936	10286935	0
5	20	6	10286936	1	0
5	20	6	10286936	2	0
5	20	6	10286936	4	0
5	20	6	10286936	8	0
5	20	6	10286936	16	0
5	20	6	10286936	32	0
5	20	6	10286936	64	0
5	20	6	10286936	128	0
5	20	6	10286936	256	0
5	20	6	10286936	512	0
5	20	6	10286936	1024	0
5	20	6	10286936	2048	0
5	20	6	10286936	4096	0
5	20	6	10286936	8192	0
5	20	6	10286936	16384	0
5	20	6	10286936	32768	0
5	20	6	10286936	65536	0
5	20	6	10286936	131072	0
5	20	6	10286936	262144	0
5	20	6	10286936	524288	0
5	20	6	10286936	1048576	0
5	20	6	10286936	2097152	0
5	20	6	10286936	4194304	0
5	20	6	10286936	2571734	0
5	20	6	10286936	5143468	0
5	20	6	10286936	7715202	0
5	20	6	10286936	10286934	0
5	20	6	10286936	10286935	0
6	5	0	15158272	1	0
6	5	0	15158272	2	0
6	5	0	15158272	4	0
6	5	0	15158272	8	0
6	5	0	15158272	16	0
6	5	0	15158272	32	0
6	5	0	15158272	64	0
6	5	0	15158272	128	0
6	5	0	15158272	256	0
6	5	0	15158272	512	0
6	5	0	15158272	1024	0
6	5	0	15158272	2048	0
6	5	0	15158272	4096	0
6	5	0	15158272	8192	0
6	5	0	15158272	16384	0
6	5	0	15158272	32768	0
6	5	0	15158272	65536	0
6	5	0	15158272	131072	0
6	5	0	15158272	262144	0
6	5	0	15158272	524288	0
6	5	0	15158272	1048576	0
6	5	0	15158272	2097152	0
6	5	0	15158272	4194304	0
6	5	0	15158272	3789568	0
6	5	0	15158272	7579136	0
6	5	0	15158272	11368704	0
6	5	0	15158272	15158270	0
6	5	0	15158272	15158271	0
6	6	0	9785072	1	0
6	6	0	9785072	2	0
6	6	0	9785072	4	0
6	6	0	9785072	8	0
6	6	0	9785072	16	0
6	6	0	9785072	32	0
6	6	0	9785072	64	0
6	6	0	9785072	128	0
6	6	0	9785072	256	0
6	6	0	9785072	512	0
6	6	0	9785072	1024	0
6	6	0	9785072	2048	0
6	6	0	9785072	4096	0
6	6	0	9785072	8192	0
6	6	0	9785072	16384	0
6	6	0	9785072	32768	0
6	6	0	9785072	65536	0
6	6	0	9785072	131072	0
6	6	0	9785072	262144	0
6	6	0	9785072	524288	0
6	6	0	9785072	1048576	0
6	6	0	9785072	2097152	0
6	6	0	9785072	4194304	0
6	6	0	9785072	2446268	0
6	6	0	9785072	4892536	0
6	6	0	9785072	7338804	0
6	6	0	9785072	9785070	0
6	6	0	9785072	9785071	0
6	7	0	9785072	1	0
6	7	0	9785072	2	0
6	7	0	9785072	4	0
6	7	0	9785072	8	0
6	7	0	9785072	16	0
6	7	0	9785072	32	0
6	7	0	9785072	64	0
6	7	0	9785072	128	0
6	7	0	9785072	256	0
6	7	0	9785072	512	0
6	7	0	9785072	1024	0
6	7	0	9785072	2048	0
6	7	0	9785072	4096	0
6	7	0	9785072	8192	0
6	7	0	9785072	16384	0
6	7	0	9785072	32768	0
6	7	0	9785072	65536	0
6	7	0	9785072	131072	0
6	7	0	9785072	262144	0
6	7	0	9785072	524288	0
6	7	0	9785072	1048576	0
6	7	0	9785072	2097152	0
6	7	0	9785072	4194304	0
6	7	0	9785072	2446268	0
6	7	0	9785072	4892536	0
6	7	0	9785072	7338804	0
6	7	0	9785072	9785070	0
6	7	0	9785072	9785071	0
6	8	0	15158272	1	0
6	8	0	15158272	2	0
6	8	0	15158272	4	0
6	8	0	15158272	8	0
6	8	0	15158272	16	0
6	8	0	15158272	32	0
6	8	0	15158272	64	0
6	8	0	15158272	128	0
6	8	0	15158272	256	0
6	8	0	15158272	512	0
6	8	0	15158272	1024	0
6	8	0	15158272	2048	0
6	8	0	15158272	4096	0
6	8	0	15158272	8192	0
6	8	0	15158272	16384	0
6	8	0	15158272	32768	0
6	8	0	15158272	65536	0
6	8	0	15158272	131072	0
6	8	0	15158272	262144	0
6	8	0	15158272	524288	0
6	8	0	15158272	1048576	0
6	8	0	15158272	2097152	0
6	8	0	15158272	4194304	0
6	8	0	15158272	3789568	0
6	8	0	15158272	7579136	0
6	8	0	15158272	11368704	0
6	8	0	15158272	15158270	0
6	8	0	15158272	15158271	0
6	9	0	15158272	1	0
6	9	0	15158272	2	0
6	9	0	15158272	4	0
6	9	0	15158272	8	0
6	9	0	15158272	16	0
6	9	0	15158272	32	0
6	9	0	15158272	64	0
6	9	0	15158272	128	0
6	9	0	15158272	256	0
6	9	0	15158272	512	0
6	9	0	15158272	1024	0
6	9	0	15158272	2048	0
6	9	0	15158272	4096	0
6	9	0	15158272	8192	0
6	9	0	15158272	16384	0
6	9	0	15158272	32768	0
6	9	0	15158272	65536	0
6	9	0	15158272	131072	0
6	9	0	15158272	262144	0
6	9	0	15158272	524288	0
6	9	0	15158272	1048576	0
6	9	0	15158272	2097152	0
6	9	0	15158272	4194304	0
6	9	0	15158272	3789568	0
6	9	0	15158272	7579136	0
6	9	0	15158272	11368704	0
6	9	0	15158272	15158270	0
6	9	0	15158272	15158271	0
6	16	1	9545560	1	0
6	16	1	9545560	2	0
6	16	1	9545560	4	0
6	16	1	9545560	8	0
6	16	1	9545560	16	0
6	16	1	9545560	32	0
6	16	1	9545560	64	0
6	16	1	9545560	128	0
6	16	1	9545560	256	0
6	16	1	9545560	512	0
6	16	1	9545560	1024	0
6	16	1	9545560	2048	0
6	16	1	9545560	4096	0
6	16	1	9545560	8192	0
6	16	1	9545560	16384	0
6	16	1	9545560	32768	0
6	16	1	9545560	65536	0
6	16	1	9545560	131072	0
6	16	1	9545560	262144	0
6	16	1	9545560	524288	0
6	16	1	9545560	1048576	0
6	16	1	9545560	2097152	0
6	16	1	9545560	4194304	0
6	16	1	9545560	2386390	0
6	16	1	9545560	4772780	0
6	16	1	9545560	7159170	0
6	16	1	9545560	9545558	0
6	16	1	9545560	9545559	0
6	19	1	16395516	1	0
6	19	1	16395516	2	0
6	19	1	16395516	4	0
6	19	1	16395516	8	0
6	19	1	16395516	16	0
6	19	1	16395516	32	0
6	19	1	16395516	64	0
6	19	1	16395516	128	0
6	19	1	16395516	256	0
6	19	1	16395516	512	0
6	19	1	16395516	1024	0
6	19	1	16395516	2048	0
6	19	1	16395516	4096	0
6	19	1	16395516	8192	0
6	19	1	16395516	16384	0
6	19	1	16395516	32768	0
6	19	1	16395516	65536	0
6	19	1	16395516	131072	0
6	19	1	16395516	262144	0
6	19	1	16395516	524288	0
6	19	1	16395516	1048576	0
6	19	1	16395516	2097152	0
6	19	1	16395516	4194304	0
6	19	1	16395516	4098879	0
6	19	1	16395516	8197758	0
6	19	1	16395516	12296637	0
6	19	1	16395516	16395514	0
6	19	1	16395516	16395515	0
6	19	3	16395516	1	0
6	19	3	16395516	2	0
6	19	3	16395516	4	0
6	19	3	16395516	8	0
6	19	3	16395516	16	0
6	19	3	16395516	32	0
6	19	3	16395516	64	0
6	19	3	16395516	128	0
6	19	3	16395516	256	0
6	19	3	16395516	512	0
6	19	3	16395516	1024	0
6	19	3	16395516	2048	0
6	19	3	16395516	4096	0
6	19	3	16395516	8192	0
6	19	3	16395516	16384	0
6	19	3	16395516	32768	0
6	19	3	16395516	65536	0
6	19	3	16395516	131072	0
6	19	3	16395516	262144	0
6	19	3	16395516	524288	0
6	19	3	16395516	1048576	0
6	19	3	16395516	2097152	0
6	19	3	16395516	4194304	0
6	19	3	16395516	4098879	0
6	19	3	16395516	8197758	0
6	19	3	16395516	12296637	0
6	19	3	16395516	16395514	0
6	19	3	16395516	16395515	0
6	20	4	10286936	1	0
6	20	4	10286936	2	0
6	20	4	10286936	4	0
6	20	4	10286936	8	0
6	20	4	10286936	16	0
6	20	4	10286936	32	0
6	20	4	10286936	64	0
6	20	4	10286936	128	0
6	20	4	10286936	256	0
6	20	4	10286936	512	0
6	20	4	10286936	1024	0
6	20	4	10286936	2048	0
6	20	4	10286936	4096	0
6	20	4	10286936	8192	0
6	20	4	10286936	16384	0
6	20	4	10286936	32768	0
6	20	4	10286936	65536	0
6	20	4	10286936	131072	0
6	20	4	10286936	262144	0
6	20	4	10286936	524288	0
6	20	4	10286936	1048576	0
6	20	4	10286936	2097152	0
6	20	4	10286936	4194304	0
6	20	4	10286936	2571734	0
6	20	4	10286936	5143468	0
6	20	4	10286936	7715202	0
6	20	4	10286936	10286934	0
6	20	4	10286936	10286935	0
6	20	5	10286936	1	0
6	20	5	10286936	2	0
6	20	5	10286936	4	0
6	20	5	10286936	8	0
6	20	5	10286936	16	0
6	20	5	10286936	32	0
6	20	5	10286936	64	0
6	20	5	10286936	128	0
6	20	5	10286936	256	0
6	20	5	10286936	512	0
6	20	5	10286936	1024	0
6	20	5	10286936	2048	0
6	20	5	10286936	4096	0
6	20	5	10286936	8192	0
6	20	5	10286936	16384	0
6	20	5	10286936	32768	0
6	20	5	10286936	65536	0
6	20	5	10286936	131072	0
6	20	5	10286936	262144	0
6	20	5	10286936	524288	0
6	20	5	10286936	1048576	0
6	20	5	10286936	2097152	0
6	20	5	10286936	4194304	0
6	20	5	10286936	2571734	0
6	20	5	10286936	5143468	0
6	20	5	10286936	7715202	0
6	20	5	10286936	10286934	0
6	20	5	10286936	10286935	0
7	2	0	15158272	1	0
7	2	0	15158272	2	0
7	2	0	15158272	4	0
7	2	0	15158272	8	0
7	2	0	15158272	16	0
7	2	0	15158272	32	0
7	2	0	15158272	64	0
7	2	0	15158272	128	0
7	2	0	15158272	256	0
7	2	0	15158272	512	0
7	2	0	15158272	1024	0
7	2	0	15158272	2048	0
7	2	0	15158272	4096	0
7	2	0	15158272	8192	0
7	2	0	15158272	16384	0
7	2	0	15158272	32768	0
7	2	0	15158272	65536	0
7	2	0	15158272	131072	0
7	2	0	15158272	262144	0
7	2	0	15158272	524288	0
7	2	0	15158272	1048576	0
7	2	0	15158272	2097152	0
7	2	0	15158272	4194304	0
7	2	0	15158272	3789568	0
7	2	0	15158272	7579136	0
7	2	0	15158272	11368704	0
7	2	0	15158272	15158270	0
7	2	0	15158272	15158271	0
7	3	0	15158272	1	0
7	3	0	15158272	2	0
7	3	0	15158272	4	0
7	3	0	15158272	8	0
7	3	0	15158272	16	0
7	3	0	15158272	32	0
7	3	0	15158272	64	0
7	3	0	15158272	128	0
7	3	0	15158272	256	0
7	3	0	15158272	512	0
7	3	0	15158272	1024	0
7	3	0	15158272	2048	0
7	3	0	15158272	4096	0
7	3	0	15158272	8192	0
7	3	0	15158272	16384	0
7	3	0	15158272	32768	0
7	3	0	15158272	65536	0
7	3	0	15158272	131072	0
7	3	0	15158272	262144	0
7	3	0	15158272	524288	0
7	3	0	15158272	1048576	0
7	3	0	15158272	2097152	0
7	3	0	15158272	4194304	0
7	3	0	15158272	3789568	0
7	3	0	15158272	7579136	0
7	3	0	15158272	11368704	0
7	3	0	15158272	15158270	0
7	3	0	15158272	15158271	0
7	19	0	16186536	1	0
7	19	0	16186536	2	0
7	19	0	16186536	4	0
7	19	0	16186536	8	0
7	19	0	16186536	16	0
7	19	0	16186536	32	0
7	19	0	16186536	64	0
7	19	0	16186536	128	0
7	19	0	16186536	256	0
7	19	0	16186536	512	0
7	19	0	16186536	1024	0
7	19	0	16186536	2048	0
7	19	0	16186536	4096	0
7	19	0	16186536	8192	0
7	19	0	16186536	16384	0
7	19	0	16186536	32768	0
7	19	0	16186536	65536	0
7	19	0	16186536	131072	0
7	19	0	16186536	262144	0
7	19	0	16186536	524288	0
7	19	0	16186536	1048576	0
7	19	0	16186536	2097152	0
7	19	0	16186536	4194304	0
7	19	0	16186536	4046634	0
7	19	0	16186536	8093268	0
7	19	0	16186536	12139902	0
7	19	0	16186536	16186534	0
7	19	0	16186536	16186535	0
7	19	1	16186536	1	0
7	19	1	16186536	2	0
7	19	1	16186536	4	0
7	19	1	16186536	8	0
7	19	1	16186536	16	0
7	19	1	16186536	32	0
7	19	1	16186536	64	0
7	19	1	16186536	128	0
7	19	1	16186536	256	0
7	19	1	16186536	512	0
7	19	1	16186536	1024	0
7	19	1	16186536	2048	0
7	19	1	16186536	4096	0
7	19	1	16186536	8192	0
7	19	1	16186536	16384	0
7	19	1	16186536	32768	0
7	19	1	16186536	65536	0
7	19	1	16186536	131072	0
7	19	1	16186536	262144	0
7	19	1	16186536	524288	0
7	19	1	16186536	1048576	0
7	19	1	16186536	2097152	0
7	19	1	16186536	4194304	0
7	19	1	16186536	4046634	0
7	19	1	16186536	8093268	0
7	19	1	16186536	12139902	0
7	19	1	16186536	16186534	0
7	19	1	16186536	16186535	0
7	19	2	16186536	1	0
7	19	2	16186536	2	0
7	19	2	16186536	4	0
7	19	2	16186536	8	0
7	19	2	16186536	16	0
7	19	2	16186536	32	0
7	19	2	16186536	64	0
7	19	2	16186536	128	0
7	19	2	16186536	256	0
7	19	2	16186536	512	0
7	19	2	16186536	1024	0
7	19	2	16186536	2048	0
7	19	2	16186536	4096	0
7	19	2	16186536	8192	0
7	19	2	16186536	16384	0
7	19	2	16186536	32768	0
7	19	2	16186536	65536	0
7	19	2	16186536	131072	0
7	19	2	16186536	262144	0
7	19	2	16186536	524288	0
7	19	2	16186536	1048576	0
7	19	2	16186536	2097152	0
7	19	2	16186536	4194304	0
7	19	2	16186536	4046634	0
7	19	2	16186536	8093268	0
7	19	2	16186536	12139902	0
7	19	2	16186536	16186534	0
7	19	2	16186536	16186535	0
4	16	3	17282432	1	0
4	16	3	17282432	2	0
4	16	3	17282432	4	0
4	16	3	17282432	8	0
4	16	3	17282432	16	0
4	16	3	17282432	32	0
4	16	3	17282432	64	0
4	16	3	17282432	128	0
4	16	3	17282432	256	0
4	16	3	17282432	512	0
4	16	3	17282432	1024	0
4	16	3	17282432	2048	0
4	16	3	17282432	4096	0
4	16	3	17282432	8192	0
4	16	3	17282432	16384	0
4	16	3	17282432	32768	0
4	16	3	17282432	65536	0
4	16	3	17282432	131072	0
4	16	3	17282432	262144	0
4	16	3	17282432	524288	0
4	16	3	17282432	1048576	0
4	16	3	17282432	2097152	0
4	16	3	17282432	4194304	0
4	16	3	17282432	8388608	0
4	16	3	17282432	4320608	0
4	16	3	17282432	8641216	0
4	16	3	17282432	12961824	0
4	16	3	17282432	17282430	0
4	16	3	17282432	17282431	0
4	17	3	30316544	1	0
4	17	3	30316544	2	0
4	17	3	30316544	4	0
4	17	3	30316544	8	0
4	17	3	30316544	16	0
4	17	3	30316544	32	0
4	17	3	30316544	64	0
4	17	3	30316544	128	0
4	17	3	30316544	256	0
4	17	3	30316544	512	0
4	17	3	30316544	1024	0
4	17	3	30316544	2048	0
4	17	3	30316544	4096	0
4	17	3	30316544	8192	0
4	17	3	30316544	16384	0
4	17	3	30316544	32768	0
4	17	3	30316544	65536	0
4	17	3	30316544	131072	0
4	17	3	30316544	262144	0
4	17	3	30316544	524288	0
4	17	3	30316544	1048576	0
4	17	3	30316544	2097152	0
4	17	3	30316544	4194304	0
4	17	3	30316544	8388608	0
4	17	3	30316544	7579136	0
4	17	3	30316544	15158272	0
4	17	3	30316544	22737408	0
4	17	3	30316544	30316542	0
4	17	3	30316544	30316543	0
5	18	3	25534368	1	0
5	18	3	25534368	2	0
5	18	3	25534368	4	0
5	18	3	25534368	8	0
5	18	3	25534368	16	0
5	18	3	25534368	32	0
5	18	3	25534368	64	0
5	18	3	25534368	128	0
5	18	3	25534368	256	0
5	18	3	25534368	512	0
5	18	3	25534368	1024	0
5	18	3	25534368	2048	0
5	18	3	25534368	4096	0
5	18	3	25534368	8192	0
5	18	3	25534368	16384	0
5	18	3	25534368	32768	0
5	18	3	25534368	65536	0
5	18	3	25534368	131072	0
5	18	3	25534368	262144	0
5	18	3	25534368	524288	0
5	18	3	25534368	1048576	0
5	18	3	25534368	2097152	0
5	18	3	25534368	4194304	0
5	18	3	25534368	8388608	0
5	18	3	25534368	6383592	0
5	18	3	25534368	12767184	0
5	18	3	25534368	19150776	0
5	18	3	25534368	25534366	0
5	18	3	25534368	25534367	0
6	16	2	25534368	1	0
6	16	2	25534368	2	0
6	16	2	25534368	4	0
6	16	2	25534368	8	0
6	16	2	25534368	16	0
6	16	2	25534368	32	0
6	16	2	25534368	64	0
6	16	2	25534368	128	0
6	16	2	25534368	256	0
6	16	2	25534368	512	0
6	16	2	25534368	1024	0
6	16	2	25534368	2048	0
6	16	2	25534368	4096	0
6	16	2	25534368	8192	0
6	16	2	25534368	16384	0
6	16	2	25534368	32768	0
6	16	2	25534368	65536	0
6	16	2	25534368	131072	0
6	16	2	25534368	262144	0
6	16	2	25534368	524288	0
6	16	2	25534368	1048576	0
6	16	2	25534368	2097152	0
6	16	2	25534368	4194304	0
6	16	2	25534368	8388608	0
6	16	2	25534368	6383592	0
6	16	2	25534368	12767184	0
6	16	2	25534368	19150776	0
6	16	2	25534368	25534366	0
6	16	2	25534368	25534367	0
7	12	1	30316544	1	0
7	12	1	30316544	2	0
7	12	1	30316544	4	0
7	12	1	30316544	8	0
7	12	1	30316544	16	0
7	12	1	30316544	32	0
7	12	1	30316544	64	0
7	12	1	30316544	128	0
7	12	1	30316544	256	0
7	12	1	30316544	512	0
7	12	1	30316544	1024	0
7	12	1	30316544	2048	0
7	12	1	30316544	4096	0
7	12	1	30316544	8192	0
7	12	1	30316544	16384	0
7	12	1	30316544	32768	0
7	12	1	30316544	65536	0
7	12	1	30316544	131072	0
7	12	1	30316544	262144	0
7	12	1	30316544	524288	0
7	12	1	30316544	1048576	0
7	12	1	30316544	2097152	0
7	12	1	30316544	4194304	0
7	12	1	30316544	8388608	0
7	12	1	30316544	7579136	0
7	12	1	30316544	15158272	0
7	12	1	30316544	22737408	0
7	12	1	30316544	30316542	0
7	12	1	30316544	30316543	0
7	15	3	17282432	1	0
7	15	3	17282432	2	0
7	15	3	17282432	4	0
7	15	3	17282432	8	0
7	15	3	17282432	16	0
7	15	3	17282432	32	0
7	15	3	17282432	64	0
7	15	3	17282432	128	0
7	15	3	17282432	256	0
7	15	3	17282432	512	0
7	15	3	17282432	1024	0
7	15	3	17282432	2048	0
7	15	3	17282432	4096	0
7	15	3	17282432	8192	0
7	15	3	17282432	16384	0
7	15	3	17282432	32768	0
7	15	3	17282432	65536	0
7	15	3	17282432	131072	0
7	15	3	17282432	262144	0
7	15	3	17282432	524288	0
7	15	3	17282432	1048576	0
7	15	3	17282432	2097152	0
7	15	3	17282432	4194304	0
7	15	3	17282432	8388608	0
7	15	3	17282432	4320608	0
7	15	3	17282432	8641216	0
7	15	3	17282432	12961824	0
7	15	3	17282432	17282430	0
7	15	3	17282432	17282431	0
7	17	2	30316544	1	0
7	17	2	30316544	2	0
7	17	2	30316544	4	0
7	17	2	30316544	8	0
7	17	2	30316544	16	0
7	17	2	30316544	32	0
7	17	2	30316544	64	0
7	17	2	30316544	128	0
7	17	2	30316544	256	0
7	17	2	30316544	512	0
7	17	2	30316544	1024	0
7	17	2	30316544	2048	0
7	17	2	30316544	4096	0
7	17	2	30316544	8192	0
7	17	2	30316544	16384	0
7	17	2	30316544	32768	0
7	17	2	30316544	65536	0
7	17	2	30316544	131072	0
7	17	2	30316544	262144	0
7	17	2	30316544	524288	0
7	17	2	30316544	1048576	0
7	17	2	30316544	2097152	0
7	17	2	30316544	4194304	0
7	17	2	30316544	8388608	0
7	17	2	30316544	7579136	0
7	17	2	30316544	15158272	0
7	17	2	30316544	22737408	0
7	17	2	30316544	30316542	0
7	17	2	30316544	30316543	0
7	18	0	18070656	1	0
7	18	0	18070656	2	0
7	18	0	18070656	4	0
7	18	0	18070656	8	0
7	18	0	18070656	16	0
7	18	0	18070656	32	0
7	18	0	18070656	64	0
7	18	0	18070656	128	0
7	18	0	18070656	256	0
7	18	0	18070656	512	0
7	18	0	18070656	1024	0
7	18	0	18070656	2048	0
7	18	0	18070656	4096	0
7	18	0	18070656	8192	0
7	18	0	18070656	16384	0
7	18	0	18070656	32768	0
7	18	0	18070656	65536	0
7	18	0	18070656	131072	0
7	18	0	18070656	262144	0
7	18	0	18070656	524288	0
7	18	0	18070656	1048576	0
7	18	0	18070656	2097152	0
7	18	0	18070656	4194304	0
7	18	0	18070656	8388608	0
7	18	0	18070656	4517664	0
7	18	0	18070656	9035328	0
7	18	0	18070656	13552992	0
7	18	0	18070656	18070654	0
7	18	0	18070656	18070655	0
7	18	2	18070656	1	0
7	18	2	18070656	2	0
7	18	2	18070656	4	0
7	18	2	18070656	8	0
7	18	2	18070656	16	0
7	18	2	18070656	32	0
7	18	2	18070656	64	0
7	18	2	18070656	128	0
7	18	2	18070656	256	0
7	18	2	18070656	512	0
7	18	2	18070656	1024	0
7	18	2	18070656	2048	0
7	18	2	18070656	4096	0
7	18	2	18070656	8192	0
7	18	2	18070656	16384	0
7	18	2	18070656	32768	0
7	18	2	18070656	65536	0
7	18	2	18070656	131072	0
7	18	2	18070656	262144	0
7	18	2	18070656	524288	0
7	18	2	18070656	1048576	0
7	18	2	18070656	2097152	0
7	18	2	18070656	4194304	0
7	18	2	18070656	8388608	0
7	18	2	18070656	4517664	0
7	18	2	18070656	9035328	0
7	18	2	18070656	13552992	0
7	18	2	18070656	18070654	0
7	18	2	18070656	18070655	0
8	15	0	32497680	1	0
8	15	0	32497680	2	0
8	15	0	32497680	4	0
8	15	0	32497680	8	0
8	15	0	32497680	16	0
8	15	0	32497680	32	0
8	15	0	32497680	64	0
8	15	0	32497680	128	0
8	15	0	32497680	256	0
8	15	0	32497680	512	0
8	15	0	32497680	1024	0
8	15	0	32497680	2048	0
8	15	0	32497680	4096	0
8	15	0	32497680	8192	0
8	15	0	32497680	16384	0
8	15	0	32497680	32768	0
8	15	0	32497680	65536	0
8	15	0	32497680	131072	0
8	15	0	32497680	262144	0
8	15	0	32497680	524288	0
8	15	0	32497680	1048576	0
8	15	0	32497680	2097152	0
8	15	0	32497680	4194304	0
8	15	0	32497680	8388608	0
8	15	0	32497680	8124420	0
8	15	0	32497680	16248840	0
8	15	0	32497680	24373260	0
8	15	0	32497680	32497678	0
8	15	0	32497680	32497679	0
8	16	0	32497680	1	0
8	16	0	32497680	2	0
8	16	0	32497680	4	0
8	16	0	32497680	8	0
8	16	0	32497680	16	0
8	16	0	32497680	32	0
8	16	0	32497680	64	0
8	16	0	32497680	128	0
8	16	0	32497680	256	0
8	16	0	32497680	512	0
8	16	0	32497680	1024	0
8	16	0	32497680	2048	0
8	16	0	32497680	4096	0
8	16	0	32497680	8192	0
8	16	0	32497680	16384	0
8	16	0	32497680	32768	0
8	16	0	32497680	65536	0
8	16	0	32497680	131072	0
8	16	0	32497680	262144	0
8	16	0	32497680	524288	0
8	16	0	32497680	1048576	0
8	16	0	32497680	2097152	0
8	16	0	32497680	4194304	0
8	16	0	32497680	8388608	0
8	16	0	32497680	8124420	0
8	16	0	32497680	16248840	0
8	16	0	32497680	24373260	0
8	16	0	32497680	32497678	0
8	16	0	32497680	32497679	0
9	16	1	25534368	1	0
9	16	1	25534368	2	0
9	16	1	25534368	4	0
9	16	1	25534368	8	0
9	16	1	25534368	16	0
9	16	1	25534368	32	0
9	16	1	25534368	64	0
9	16	1	25534368	128	0
9	16	1	25534368	256	0
9	16	1	25534368	512	0
9	16	1	25534368	1024	0
9	16	1	25534368	2048	0
9	16	1	25534368	4096	0
9	16	1	25534368	8192	0
9	16	1	25534368	16384	0
9	16	1	25534368	32768	0
9	16	1	25534368	65536	0
9	16	1	25534368	131072	0
9	16	1	25534368	262144	0
9	16	1	25534368	524288	0
9	16	1	25534368	1048576	0
9	16	1	25534368	2097152	0
9	16	1	25534368	4194304	0
9	16	1	25534368	8388608	0
9	16	1	25534368	6383592	0
9	16	1	25534368	12767184	0
9	16	1	25534368	19150776	0
9	16	1	25534368	25534366	0
9	16	1	25534368	25534367	0
10	13	0	30316544	1	0
10	13	0	30316544	2	0
10	13	0	30316544	4	0
10	13	0	30316544	8	0
10	13	0	30316544	16	0
10	13	0	30316544	32	0
10	13	0	30316544	64	0
10	13	0	30316544	128	0
10	13	0	30316544	256	0
10	13	0	30316544	512	0
10	13	0	30316544	1024	0
10	13	0	30316544	2048	0
10	13	0	30316544	4096	0
10	13	0	30316544	8192	0
10	13	0	30316544	16384	0
10	13	0	30316544	32768	0
10	13	0	30316544	65536	0
10	13	0	30316544	131072	0
10	13	0	30316544	262144	0
10	13	0	30316544	524288	0
10	13	0	30316544	1048576	0
10	13	0	30316544	2097152	0
10	13	0	30316544	4194304	0
10	13	0	30316544	8388608	0
10	13	0	30316544	7579136	0
10	13	0	30316544	15158272	0
10	13	0	30316544	22737408	0
10	13	0	30316544	30316542	0
10	13	0	30316544	30316543	0
10	13	1	30316544	1	0
10	13	1	30316544	2	0
10	13	1	30316544	4	0
10	13	1	30316544	8	0
10	13	1	30316544	16	0
10	13	1	30316544	32	0
10	13	1	30316544	64	0
10	13	1	30316544	128	0
10	13	1	30316544	256	0
10	13	1	30316544	512	0
10	13	1	30316544	1024	0
10	13	1	30316544	2048	0
10	13	1	30316544	4096	0
10	13	1	30316544	8192	0
10	13	1	30316544	16384	0
10	13	1	30316544	32768	0
10	13	1	30316544	65536	0
10	13	1	30316544	131072	0
10	13	1	30316544	262144	0
10	13	1	30316544	524288	0
10	13	1	30316544	1048576	0
10	13	1	30316544	2097152	0
10	13	1	30316544	4194304	0
10	13	1	30316544	8388608	0
10	13	1	30316544	7579136	0
10	13	1	30316544	15158272	0
10	13	1	30316544	22737408	0
10	13	1	30316544	30316542	0
10	13	1	30316544	30316543	0
10	16	2	17282432	1	0
10	16	2	17282432	2	0
10	16	2	17282432	4	0
10	16	2	17282432	8	0
10	16	2	17282432	16	0
10	16	2	17282432	32	0
10	16	2	17282432	64	0
10	16	2	17282432	128	0
10	16	2	17282432	256	0
10	16	2	17282432	512	0
10	16	2	17282432	1024	0
10	16	2	17282432	2048	0
10	16	2	17282432	4096	0
10	16	2	17282432	8192	0
10	16	2	17282432	16384	0
10	16	2	17282432	32768	0
10	16	2	17282432	65536	0
10	16	2	17282432	131072	0
10	16	2	17282432	262144	0
10	16	2	17282432	524288	0
10	16	2	17282432	1048576	0
10	16	2	17282432	2097152	0
10	16	2	17282432	4194304	0
10	16	2	17282432	8388608	0
10	16	2	17282432	4320608	0
10	16	2	17282432	8641216	0
10	16	2	17282432	12961824	0
10	16	2	17282432	17282430	0
10	16	2	17282432	17282431	0
10	18	0	25534368	1	0
10	18	0	25534368	2	0
10	18	0	25534368	4	0
10	18	0	25534368	8	0
10	18	0	25534368	16	0
10	18	0	25534368	32	0
10	18	0	25534368	64	0
10	18	0	25534368	128	0
10	18	0	25534368	256	0
10	18	0	25534368	512	0
10	18	0	25534368	1024	0
10	18	0	25534368	2048	0
10	18	0	25534368	4096	0
10	18	0	25534368	8192	0
10	18	0	25534368	16384	0
10	18	0	25534368	32768	0
10	18	0	25534368	65536	0
10	18	0	25534368	131072	0
10	18	0	25534368	262144	0
10	18	0	25534368	524288	0
10	18	0	25534368	1048576	0
10	18	0	25534368	2097152	0
10	18	0	25534368	4194304	0
10	18	0	25534368	8388608	0
10	18	0	25534368	6383592	0
10	18	0	25534368	12767184	0
10	18	0	25534368	19150776	0
10	18	0	25534368	25534366	0
10	18	0	25534368	25534367	0
11	16	2	17282432	1	0
11	16	2	17282432	2	0
11	16	2	17282432	4	0
11	16	2	17282432	8	0
11	16	2	17282432	16	0
11	16	2	17282432	32	0
11	16	2	17282432	64	0
11	16	2	17282432	128	0
11	16	2	17282432	256	0
11	16	2	17282432	512	0
11	16	2	17282432	1024	0
11	16	2	17282432	2048	0
11	16	2	17282432	4096	0
11	16	2	17282432	8192	0
11	16	2	17282432	16384	0
11	16	2	17282432	32768	0
11	16	2	17282432	65536	0
11	16	2	17282432	131072	0
11	16	2	17282432	262144	0
11	16	2	17282432	524288	0
11	16	2	17282432	1048576	0
11	16	2	17282432	2097152	0
11	16	2	17282432	4194304	0
11	16	2	17282432	8388608	0
11	16	2	17282432	4320608	0
11	16	2	17282432	8641216	0
11	16	2	17282432	12961824	0
11	16	2	17282432	17282430	0
11	16	2	17282432	17282431	0
11	17	2	30316544	1	0
11	17	2	30316544	2	0
11	17	2	30316544	4	0
11	17	2	30316544	8	0
11	17	2	30316544	16	0
11	17	2	30316544	32	0
11	17	2	30316544	64	0
11	17	2	30316544	128	0
11	17	2	30316544	256	0
11	17	2	30316544	512	0
11	17	2	30316544	1024	0
11	17	2	30316544	2048	0
11	17	2	30316544	4096	0
11	17	2	30316544	8192	0
11	17	2	30316544	16384	0
11	17	2	30316544	32768	0
11	17	2	30316544	65536	0
11	17	2	30316544	131072	0
11	17	2	30316544	262144	0
11	17	2	30316544	524288	0
11	17	2	30316544	1048576	0
11	17	2	30316544	2097152	0
11	17	2	30316544	4194304	0
11	17	2	30316544	8388608	0
11	17	2	30316544	7579136	0
11	17	2	30316544	15158272	0
11	17	2	30316544	22737408	0
11	17	2	30316544	30316542	0
11	17	2	30316544	30316543	0
11	18	2	25534368	1	0
11	18	2	25534368	2	0
11	18	2	25534368	4	0
11	18	2	25534368	8	0
11	18	2	25534368	16	0
11	18	2	25534368	32	0
11	18	2	25534368	64	0
11	18	2	25534368	128	0
11	18	2	25534368	256	0
11	18	2	25534368	512	0
11	18	2	25534368	1024	0
11	18	2	25534368	2048	0
11	18	2	25534368	4096	0
11	18	2	25534368	8192	0
11	18	2	25534368	16384	0
11	18	2	25534368	32768	0
11	18	2	25534368	65536	0
11	18	2	25534368	131072	0
11	18	2	25534368	262144	0
11	18	2	25534368	524288	0
11	18	2	25534368	1048576	0
11	18	2	25534368	2097152	0
11	18	2	25534368	4194304	0
11	18	2	25534368	8388608	0
11	18	2	25534368	6383592	0
11	18	2	25534368	12767184	0
11	18	2	25534368	19150776	0
11	18	2	25534368	25534366	0
11	18	2	25534368	25534367	0
11	18	3	25534368	1	0
11	18	3	25534368	2	0
11	18	3	25534368	4	0
11	18	3	25534368	8	0
11	18	3	25534368	16	0
11	18	3	25534368	32	0
11	18	3	25534368	64	0
11	18	3	25534368	128	0
11	18	3	25534368	256	0
11	18	3	25534368	512	0
11	18	3	25534368	1024	0
11	18	3	25534368	2048	0
11	18	3	25534368	4096	0
11	18	3	25534368	8192	0
11	18	3	25534368	16384	0
11	18	3	25534368	32768	0
11	18	3	25534368	65536	0
11	18	3	25534368	131072	0
11	18	3	25534368	262144	0
11	18	3	25534368	524288	0
11	18	3	25534368	1048576	0
11	18	3	25534368	2097152	0
11	18	3	25534368	4194304	0
11	18	3	25534368	8388608	0
11	18	3	25534368	6383592	0
11	18	3	25534368	12767184	0
11	18	3	25534368	19150776	0
11	18	3	25534368	25534366	0
11	18	3	25534368	25534367	0
12	13	0	30316544	1	0
12	13	0	30316544	2	0
12	13	0	30316544	4	0
12	13	0	30316544	8	0
12	13	0	30316544	16	0
12	13	0	30316544	32	0
12	13	0	30316544	64	0
12	13	0	30316544	128	0
12	13	0	30316544	256	0
12	13	0	30316544	512	0
12	13	0	30316544	1024	0
12	13	0	30316544	2048	0
12	13	0	30316544	4096	0
12	13	0	30316544	8192	0
12	13	0	30316544	16384	0
12	13	0	30316544	32768	0
12	13	0	30316544	65536	0
12	13	0	30316544	131072	0
12	13	0	30316544	262144	0
12	13	0	30316544	524288	0
12	13	0	30316544	1048576	0
12	13	0	30316544	2097152	0
12	13	0	30316544	4194304	0
12	13	0	30316544	8388608	0
12	13	0	30316544	7579136	0
12	13	0	30316544	15158272	0
12	13	0	30316544	22737408	0
12	13	0	30316544	30316542	0
12	13	0	30316544	30316543	0
12	13	1	30316544	1	0
12	13	1	30316544	2	0
12	13	1	30316544	4	0
12	13	1	30316544	8	0
12	13	1	30316544	16	0
12	13	1	30316544	32	0
12	13	1	30316544	64	0
12	13	1	30316544	128	0
12	13	1	30316544	256	0
12	13	1	30316544	512	0
12	13	1	30316544	1024	0
12	13	1	30316544	2048	0
12	13	1	30316544	4096	0
12	13	1	30316544	8192	0
12	13	1	30316544	16384	0
12	13	1	30316544	32768	0
12	13	1	30316544	65536	0
12	13	1	30316544	131072	0
12	13	1	30316544	262144	0
12	13	1	30316544	524288	0
12	13	1	30316544	1048576	0
12	13	1	30316544	2097152	0
12	13	1	30316544	4194304	0
12	13	1	30316544	8388608	0
12	13	1	30316544	7579136	0
12	13	1	30316544	15158272	0
12	13	1	30316544	22737408	0
12	13	1	30316544	30316542	0
12	13	1	30316544	30316543	0
12	17	2	30316544	1	0
12	17	2	30316544	2	0
12	17	2	30316544	4	0
12	17	2	30316544	8	0
12	17	2	30316544	16	0
12	17	2	30316544	32	0
12	17	2	30316544	64	0
12	17	2	30316544	128	0
12	17	2	30316544	256	0
12	17	2	30316544	512	0
12	17	2	30316544	1024	0
12	17	2	30316544	2048	0
12	17	2	30316544	4096	0
12	17	2	30316544	8192	0
12	17	2	30316544	16384	0
12	17	2	30316544	32768	0
12	17	2	30316544	65536	0
12	17	2	30316544	131072	0
12	17	2	30316544	262144	0
12	17	2	30316544	524288	0
12	17	2	30316544	1048576	0
12	17	2	30316544	2097152	0
12	17	2	30316544	4194304	0
12	17	2	30316544	8388608	0
12	17	2	30316544	7579136	0
12	17	2	30316544	15158272	0
12	17	2	30316544	22737408	0
12	17	2	30316544	30316542	0
12	17	2	30316544	30316543	0
12	18	0	25534368	1	0
12	18	0	25534368	2	0
12	18	0	25534368	4	0
12	18	0	25534368	8	0
12	18	0	25534368	16	0
12	18	0	25534368	32	0
12	18	0	25534368	64	0
12	18	0	25534368	128	0
12	18	0	25534368	256	0
12	18	0	25534368	512	0
12	18	0	25534368	1024	0
12	18	0	25534368	2048	0
12	18	0	25534368	4096	0
12	18	0	25534368	8192	0
12	18	0	25534368	16384	0
12	18	0	25534368	32768	0
12	18	0	25534368	65536	0
12	18	0	25534368	131072	0
12	18	0	25534368	262144	0
12	18	0	25534368	524288	0
12	18	0	25534368	1048576	0
12	18	0	25534368	2097152	0
12	18	0	25534368	4194304	0
12	18	0	25534368	8388608	0
12	18	0	25534368	6383592	0
12	18	0	25534368	12767184	0
12	18	0	25534368	19150776	0
12	18	0	25534368	25534366	0
12	18	0	25534368	25534367	0
12	18	2	25534368	1	0
12	18	2	25534368	2	0
12	18	2	25534368	4	0
12	18	2	25534368	8	0
12	18	2	25534368	16	0
12	18	2	25534368	32	0
12	18	2	25534368	64	0
12	18	2	25534368	128	0
12	18	2	25534368	256	0
12	18	2	25534368	512	0
12	18	2	25534368	1024	0
12	18	2	25534368	2048	0
12	18	2	25534368	4096	0
12	18	2	25534368	8192	0
12	18	2	25534368	16384	0
12	18	2	25534368	32768	0
12	18	2	25534368	65536	0
12	18	2	25534368	131072	0
12	18	2	25534368	262144	0
12	18	2	25534368	524288	0
12	18	2	25534368	1048576	0
12	18	2	25534368	2097152	0
12	18	2	25534368	4194304	0
12	18	2	25534368	8388608	0
12	18	2	25534368	6383592	0
12	18	2	25534368	12767184	0
12	18	2	25534368	19150776	0
12	18	2	25534368	25534366	0
12	18	2	25534368	25534367	0
13	13	0	30316544	1	0
13	13	0	30316544	2	0
13	13	0	30316544	4	0
13	13	0	30316544	8	0
13	13	0	30316544	16	0
13	13	0	30316544	32	0
13	13	0	30316544	64	0
13	13	0	30316544	128	0
13	13	0	30316544	256	0
13	13	0	30316544	512	0
13	13	0	30316544	1024	0
13	13	0	30316544	2048	0
13	13	0	30316544	4096	0
13	13	0	30316544	8192	0
13	13	0	30316544	16384	0
13	13	0	30316544	32768	0
13	13	0	30316544	65536	0
13	13	0	30316544	131072	0
13	13	0	30316544	262144	0
13	13	0	30316544	524288	0
13	13	0	30316544	1048576	0
13	13	0	30316544	2097152	0
13	13	0	30316544	4194304	0
13	13	0	30316544	8388608	0
13	13	0	30316544	7579136	0
13	13	0	30316544	15158272	0
13	13	0	30316544	22737408	0
13	13	0	30316544	30316542	0
13	13	0	30316544	30316543	0
13	13	1	30316544	1	0
13	13	1	30316544	2	0
13	13	1	30316544	4	0
13	13	1	30316544	8	0
13	13	1	30316544	16	0
13	13	1	30316544	32	0
13	13	1	30316544	64	0
13	13	1	30316544	128	0
13	13	1	30316544	256	0
13	13	1	30316544	512	0
13	13	1	30316544	1024	0
13	13	1	30316544	2048	0
13	13	1	30316544	4096	0
13	13	1	30316544	8192	0
13	13	1	30316544	16384	0
13	13	1	30316544	32768	0
13	13	1	30316544	65536	0
13	13	1	30316544	131072	0
13	13	1	30316544	262144	0
13	13	1	30316544	524288	0
13	13	1	30316544	1048576	0
13	13	1	30316544	2097152	0
13	13	1	30316544	4194304	0
13	13	1	30316544	8388608	0
13	13	1	30316544	7579136	0
13	13	1	30316544	15158272	0
13	13	1	30316544	22737408	0
13	13	1	30316544	30316542	0
13	13	1	30316544	30316543	0
14	13	1	30316544	1	0
14	13	1	30316544	2	0
14	13	1	30316544	4	0
14	13	1	30316544	8	0
14	13	1	30316544	16	0
14	13	1	30316544	32	0
14	13	1	30316544	64	0
14	13	1	30316544	128	0
14	13	1	30316544	256	0
14	13	1	30316544	512	0
14	13	1	30316544	1024	0
14	13	1	30316544	2048	0
14	13	1	30316544	4096	0
14	13	1	30316544	8192	0
14	13	1	30316544	16384	0
14	13	1	30316544	32768	0
14	13	1	30316544	65536	0
14	13	1	30316544	131072	0
14	13	1	30316544	262144	0
14	13	1	30316544	524288	0
14	13	1	30316544	1048576	0
14	13	1	30316544	2097152	0
14	13	1	30316544	4194304	0
14	13	1	30316544	8388608	0
14	13	1	30316544	7579136	0
14	13	1	30316544	15158272	0
14	13	1	30316544	22737408	0
14	13	1	30316544	30316542	0
14	13	1	30316544	30316543	0
14	15	0	25534368	1	0
14	15	0	25534368	2	0
14	15	0	25534368	4	0
14	15	0	25534368	8	0
14	15	0	25534368	16	0
14	15	0	25534368	32	0
14	15	0	25534368	64	0
14	15	0	25534368	128	0
14	15	0	25534368	256	0
14	15	0	25534368	512	0
14	15	0	25534368	1024	0
14	15	0	25534368	2048	0
14	15	0	25534368	4096	0
14	15	0	25534368	8192	0
14	15	0	25534368	16384	0
14	15	0	25534368	32768	0
14	15	0	25534368	65536	0
14	15	0	25534368	131072	0
14	15	0	25534368	262144	0
14	15	0	25534368	524288	0
14	15	0	25534368	1048576	0
14	15	0	25534368	2097152	0
14	15	0	25534368	4194304	0
14	15	0	25534368	8388608	0
14	15	0	25534368	6383592	0
14	15	0	25534368	12767184	0
14	15	0	25534368	19150776	0
14	15	0	25534368	25534366	0
14	15	0	25534368	25534367	0
14	17	2	30316544	1	0
14	17	2	30316544	2	0
14	17	2	30316544	4	0
14	17	2	30316544	8	0
14	17	2	30316544	16	0
14	17	2	30316544	32	0
14	17	2	30316544	64	0
14	17	2	30316544	128	0
14	17	2	30316544	256	0
14	17	2	30316544	512	0
14	17	2	30316544	1024	0
14	17	2	30316544	2048	0
14	17	2	30316544	4096	0
14	17	2	30316544	8192	0
14	17	2	30316544	16384	0
14	17	2	30316544	32768	0
14	17	2	30316544	65536	0
14	17	2	30316544	131072	0
14	17	2	30316544	262144	0
14	17	2	30316544	524288	0
14	17	2	30316544	1048576	0
14	17	2	30316544	2097152	0
14	17	2	30316544	4194304	0
14	17	2	30316544	8388608	0
14	17	2	30316544	7579136	0
14	17	2	30316544	15158272	0
14	17	2	30316544	22737408	0
14	17	2	30316544	30316542	0
14	17	2	30316544	30316543	0
4	0	0	33830016	1	0
4	0	0	33830016	2	0
4	0	0	33830016	4	0
4	0	0	33830016	8	0
4	0	0	33830016	16	0
4	0	0	33830016	32	0
4	0	0	33830016	64	0
4	0	0	33830016	128	0
4	0	0	33830016	256	0
4	0	0	33830016	512	0
4	0	0	33830016	1024	0
4	0	0	33830016	2048	0
4	0	0	33830016	4096	0
4	0	0	33830016	8192	0
4	0	0	33830016	16384	0
4	0	0	33830016	32768	0
4	0	0	33830016	65536	0
4	0	0	33830016	131072	0
4	0	0	33830016	262144	0
4	0	0	33830016	524288	0
4	0	0	33830016	1048576	0
4	0	0	33830016	2097152	0
4	0	0	33830016	4194304	0
4	0	0	33830016	8388608	0
4	0	0	33830016	8457504	0
4	0	0	33830016	16915008	0
4	0	0	33830016	25372512	0
4	0	0	33830016	33830014	0
4	0	0	33830016	33830015	0
4	1	0	33830016	1	0
4	1	0	33830016	2	0
4	1	0	33830016	4	0
4	1	0	33830016	8	0
4	1	0	33830016	16	0
4	1	0	33830016	32	0
4	1	0	33830016	64	0
4	1	0	33830016	128	0
4	1	0	33830016	256	0
4	1	0	33830016	512	0
4	1	0	33830016	1024	0
4	1	0	33830016	2048	0
4	1	0	33830016	4096	0
4	1	0	33830016	8192	0
4	1	0	33830016	16384	0
4	1	0	33830016	32768	0
4	1	0	33830016	65536	0
4	1	0	33830016	131072	0
4	1	0	33830016	262144	0
4	1	0	33830016	524288	0
4	1	0	33830016	1048576	0
4	1	0	33830016	2097152	0
4	1	0	33830016	4194304	0
4	1	0	33830016	8388608	0
4	1	0	33830016	8457504	0
4	1	0	33830016	16915008	0
4	1	0	33830016	25372512	0
4	1	0	33830016	33830014	0
4	1	0	33830016	33830015	0
4	19	3	63821826	1	0
4	19	3	63821826	2	0
4	19	3	63821826	4	0
4	19	3	63821826	8	0
4	19	3	63821826	16	0
4	19	3	63821826	32	0
4	19	3	63821826	64	0
4	19	3	63821826	128	0
4	19	3	63821826	256	0
4	19	3	63821826	512	0
4	19	3	63821826	1024	0
4	19	3	63821826	2048	0
4	19	3	63821826	4096	0
4	19	3	63821826	8192	0
4	19	3	63821826	16384	0
4	19	3	63821826	32768	0
4	19	3	63821826	65536	0
4	19	3	63821826	131072	0
4	19	3	63821826	262144	0
4	19	3	63821826	524288	0
4	19	3	63821826	1048576	0
4	19	3	63821826	2097152	0
4	19	3	63821826	4194304	0
4	19	3	63821826	8388608	0
4	19	3	63821826	15955456	0
4	19	3	63821826	31910913	0
4	19	3	63821826	47866369	0
4	19	3	63821826	63821824	0
4	19	3	63821826	63821825	0
5	16	0	63521352	1	0
5	16	0	63521352	2	0
5	16	0	63521352	4	0
5	16	0	63521352	8	0
5	16	0	63521352	16	0
5	16	0	63521352	32	0
5	16	0	63521352	64	0
5	16	0	63521352	128	0
5	16	0	63521352	256	0
5	16	0	63521352	512	0
5	16	0	63521352	1024	0
5	16	0	63521352	2048	0
5	16	0	63521352	4096	0
5	16	0	63521352	8192	0
5	16	0	63521352	16384	0
5	16	0	63521352	32768	0
5	16	0	63521352	65536	0
5	16	0	63521352	131072	0
5	16	0	63521352	262144	0
5	16	0	63521352	524288	0
5	16	0	63521352	1048576	0
5	16	0	63521352	2097152	0
5	16	0	63521352	4194304	0
5	16	0	63521352	8388608	0
5	16	0	63521352	15880338	0
5	16	0	63521352	31760676	0
5	16	0	63521352	47641014	0
5	16	0	63521352	63521350	0
5	16	0	63521352	63521351	0
5	16	2	63521352	1	0
5	16	2	63521352	2	0
5	16	2	63521352	4	0
5	16	2	63521352	8	0
5	16	2	63521352	16	0
5	16	2	63521352	32	0
5	16	2	63521352	64	0
5	16	2	63521352	128	0
5	16	2	63521352	256	0
5	16	2	63521352	512	0
5	16	2	63521352	1024	0
5	16	2	63521352	2048	0
5	16	2	63521352	4096	0
5	16	2	63521352	8192	0
5	16	2	63521352	16384	0
5	16	2	63521352	32768	0
5	16	2	63521352	65536	0
5	16	2	63521352	131072	0
5	16	2	63521352	262144	0
5	16	2	63521352	524288	0
5	16	2	63521352	1048576	0
5	16	2	63521352	2097152	0
5	16	2	63521352	4194304	0
5	16	2	63521352	8388608	0
5	16	2	63521352	15880338	0
5	16	2	63521352	31760676	0
5	16	2	63521352	47641014	0
5	16	2	63521352	63521350	0
5	16	2	63521352	63521351	0
6	4	0	33830016	1	0
6	4	0	33830016	2	0
6	4	0	33830016	4	0
6	4	0	33830016	8	0
6	4	0	33830016	16	0
6	4	0	33830016	32	0
6	4	0	33830016	64	0
6	4	0	33830016	128	0
6	4	0	33830016	256	0
6	4	0	33830016	512	0
6	4	0	33830016	1024	0
6	4	0	33830016	2048	0
6	4	0	33830016	4096	0
6	4	0	33830016	8192	0
6	4	0	33830016	16384	0
6	4	0	33830016	32768	0
6	4	0	33830016	65536	0
6	4	0	33830016	131072	0
6	4	0	33830016	262144	0
6	4	0	33830016	524288	0
6	4	0	33830016	1048576	0
6	4	0	33830016	2097152	0
6	4	0	33830016	4194304	0
6	4	0	33830016	8388608	0
6	4	0	33830016	8457504	0
6	4	0	33830016	16915008	0
6	4	0	33830016	25372512	0
6	4	0	33830016	33830014	0
6	4	0	33830016	33830015	0
6	12	0	33830016	1	0
6	12	0	33830016	2	0
6	12	0	33830016	4	0
6	12	0	33830016	8	0
6	12	0	33830016	16	0
6	12	0	33830016	32	0
6	12	0	33830016	64	0
6	12	0	33830016	128	0
6	12	0	33830016	256	0
6	12	0	33830016	512	0
6	12	0	33830016	1024	0
6	12	0	33830016	2048	0
6	12	0	33830016	4096	0
6	12	0	33830016	8192	0
6	12	0	33830016	16384	0
6	12	0	33830016	32768	0
6	12	0	33830016	65536	0
6	12	0	33830016	131072	0
6	12	0	33830016	262144	0
6	12	0	33830016	524288	0
6	12	0	33830016	1048576	0
6	12	0	33830016	2097152	0
6	12	0	33830016	4194304	0
6	12	0	33830016	8388608	0
6	12	0	33830016	8457504	0
6	12	0	33830016	16915008	0
6	12	0	33830016	25372512	0
6	12	0	33830016	33830014	0
6	12	0	33830016	33830015	0
6	14	1	33830016	1	0
6	14	1	33830016	2	0
6	14	1	33830016	4	0
6	14	1	33830016	8	0
6	14	1	33830016	16	0
6	14	1	33830016	32	0
6	14	1	33830016	64	0
6	14	1	33830016	128	0
6	14	1	33830016	256	0
6	14	1	33830016	512	0
6	14	1	33830016	1024	0
6	14	1	33830016	2048	0
6	14	1	33830016	4096	0
6	14	1	33830016	8192	0
6	14	1	33830016	16384	0
6	14	1	33830016	32768	0
6	14	1	33830016	65536	0
6	14	1	33830016	131072	0
6	14	1	33830016	262144	0
6	14	1	33830016	524288	0
6	14	1	33830016	1048576	0
6	14	1	33830016	2097152	0
6	14	1	33830016	4194304	0
6	14	1	33830016	8388608	0
6	14	1	33830016	8457504	0
6	14	1	33830016	16915008	0
6	14	1	33830016	25372512	0
6	14	1	33830016	33830014	0
6	14	1	33830016	33830015	0
6	16	0	63521352	1	0
6	16	0	63521352	2	0
6	16	0	63521352	4	0
6	16	0	63521352	8	0
6	16	0	63521352	16	0
6	16	0	63521352	32	0
6	16	0	63521352	64	0
6	16	0	63521352	128	0
6	16	0	63521352	256	0
6	16	0	63521352	512	0
6	16	0	63521352	1024	0
6	16	0	63521352	2048	0
6	16	0	63521352	4096	0
6	16	0	63521352	8192	0
6	16	0	63521352	16384	0
6	16	0	63521352	32768	0
6	16	0	63521352	65536	0
6	16	0	63521352	131072	0
6	16	0	63521352	262144	0
6	16	0	63521352	524288	0
6	16	0	63521352	1048576	0
6	16	0	63521352	2097152	0
6	16	0	63521352	4194304	0
6	16	0	63521352	8388608	0
6	16	0	63521352	15880338	0
6	16	0	63521352	31760676	0
6	16	0	63521352	47641014	0
6	16	0	63521352	63521350	0
6	16	0	63521352	63521351	0
6	20	6	44091256	1	0
6	20	6	44091256	2	0
6	20	6	44091256	4	0
6	20	6	44091256	8	0
6	20	6	44091256	16	0
6	20	6	44091256	32	0
6	20	6	44091256	64	0
6	20	6	44091256	128	0
6	20	6	44091256	256	0
6	20	6	44091256	512	0
6	20	6	44091256	1024	0
6	20	6	44091256	2048	0
6	20	6	44091256	4096	0
6	20	6	44091256	8192	0
6	20	6	44091256	16384	0
6	20	6	44091256	32768	0
6	20	6	44091256	65536	0
6	20	6	44091256	131072	0
6	20	6	44091256	262144	0
6	20	6	44091256	524288	0
6	20	6	44091256	1048576	0
6	20	6	44091256	2097152	0
6	20	6	44091256	4194304	0
6	20	6	44091256	8388608	0
6	20	6	44091256	11022814	0
6	20	6	44091256	22045628	0
6	20	6	44091256	33068442	0
6	20	6	44091256	44091254	0
6	20	6	44091256	44091255	0
7	1	0	33830016	1	0
7	1	0	33830016	2	0
7	1	0	33830016	4	0
7	1	0	33830016	8	0
7	1	0	33830016	16	0
7	1	0	33830016	32	0
7	1	0	33830016	64	0
7	1	0	33830016	128	0
7	1	0	33830016	256	0
7	1	0	33830016	512	0
7	1	0	33830016	1024	0
7	1	0	33830016	2048	0
7	1	0	33830016	4096	0
7	1	0	33830016	8192	0
7	1	0	33830016	16384	0
7	1	0	33830016	32768	0
7	1	0	33830016	65536	0
7	1	0	33830016	131072	0
7	1	0	33830016	262144	0
7	1	0	33830016	524288	0
7	1	0	33830016	1048576	0
7	1	0	33830016	2097152	0
7	1	0	33830016	4194304	0
7	1	0	33830016	8388608	0
7	1	0	33830016	8457504	0
7	1	0	33830016	16915008	0
7	1	0	33830016	25372512	0
7	1	0	33830016	33830014	0
7	1	0	33830016	33830015	0
7	14	0	33830016	1	0
7	14	0	33830016	2	0
7	14	0	33830016	4	0
7	14	0	33830016	8	0
7	14	0	33830016	16	0
7	14	0	33830016	32	0
7	14	0	33830016	64	0
7	14	0	33830016	128	0
7	14	0	33830016	256	0
7	14	0	33830016	512	0
7	14	0	33830016	1024	0
7	14	0	33830016	2048	0
7	14	0	33830016	4096	0
7	14	0	33830016	8192	0
7	14	0	33830016	16384	0
7	14	0	33830016	32768	0
7	14	0	33830016	65536	0
7	14	0	33830016	131072	0
7	14	0	33830016	262144	0
7	14	0	33830016	524288	0
7	14	0	33830016	1048576	0
7	14	0	33830016	2097152	0
7	14	0	33830016	4194304	0
7	14	0	33830016	8388608	0
7	14	0	33830016	8457504	0
7	14	0	33830016	16915008	0
7	14	0	33830016	25372512	0
7	14	0	33830016	33830014	0
7	14	0	33830016	33830015	0
8	18	2	54954912	1	0
8	18	2	54954912	2	0
8	18	2	54954912	4	0
8	18	2	54954912	8	0
8	18	2	54954912	16	0
8	18	2	54954912	32	0
8	18	2	54954912	64	0
8	18	2	54954912	128	0
8	18	2	54954912	256	0
8	18	2	54954912	512	0
8	18	2	54954912	1024	0
8	18	2	54954912	2048	0
8	18	2	54954912	4096	0
8	18	2	54954912	8192	0
8	18	2	54954912	16384	0
8	18	2	54954912	32768	0
8	18	2	54954912	65536	0
8	18	2	54954912	131072	0
8	18	2	54954912	262144	0
8	18	2	54954912	524288	0
8	18	2	54954912	1048576	0
8	18	2	54954912	2097152	0
8	18	2	54954912	4194304	0
8	18	2	54954912	8388608	0
8	18	2	54954912	13738728	0
8	18	2	54954912	27477456	0
8	18	2	54954912	41216184	0
8	18	2	54954912	54954910	0
8	18	2	54954912	54954911	0
8	20	5	65652532	1	0
8	20	5	65652532	2	0
8	20	5	65652532	4	0
8	20	5	65652532	8	0
8	20	5	65652532	16	0
8	20	5	65652532	32	0
8	20	5	65652532	64	0
8	20	5	65652532	128	0
8	20	5	65652532	256	0
8	20	5	65652532	512	0
8	20	5	65652532	1024	0
8	20	5	65652532	2048	0
8	20	5	65652532	4096	0
8	20	5	65652532	8192	0
8	20	5	65652532	16384	0
8	20	5	65652532	32768	0
8	20	5	65652532	65536	0
8	20	5	65652532	131072	0
8	20	5	65652532	262144	0
8	20	5	65652532	524288	0
8	20	5	65652532	1048576	0
8	20	5	65652532	2097152	0
8	20	5	65652532	4194304	0
8	20	5	65652532	8388608	0
8	20	5	65652532	16413133	0
8	20	5	65652532	32826266	0
8	20	5	65652532	49239399	0
8	20	5	65652532	65652530	0
8	20	5	65652532	65652531	0
11	18	0	63521352	1	0
11	18	0	63521352	2	0
11	18	0	63521352	4	0
11	18	0	63521352	8	0
11	18	0	63521352	16	0
11	18	0	63521352	32	0
11	18	0	63521352	64	0
11	18	0	63521352	128	0
11	18	0	63521352	256	0
11	18	0	63521352	512	0
11	18	0	63521352	1024	0
11	18	0	63521352	2048	0
11	18	0	63521352	4096	0
11	18	0	63521352	8192	0
11	18	0	63521352	16384	0
11	18	0	63521352	32768	0
11	18	0	63521352	65536	0
11	18	0	63521352	131072	0
11	18	0	63521352	262144	0
11	18	0	63521352	524288	0
11	18	0	63521352	1048576	0
11	18	0	63521352	2097152	0
11	18	0	63521352	4194304	0
11	18	0	63521352	8388608	0
11	18	0	63521352	15880338	0
11	18	0	63521352	31760676	0
11	18	0	63521352	47641014	0
11	18	0	63521352	63521350	0
11	18	0	63521352	63521351	0
13	18	0	63521352	1	0
13	18	0	63521352	2	0
13	18	0	63521352	4	0
13	18	0	63521352	8	0
13	18	0	63521352	16	0
13	18	0	63521352	32	0
13	18	0	63521352	64	0
13	18	0	63521352	128	0
13	18	0	63521352	256	0
13	18	0	63521352	512	0
13	18	0	63521352	1024	0
13	18	0	63521352	2048	0
13	18	0	63521352	4096	0
13	18	0	63521352	8192	0
13	18	0	63521352	16384	0
13	18	0	63521352	32768	0
13	18	0	63521352	65536	0
13	18	0	63521352	131072	0
13	18	0	63521352	262144	0
13	18	0	63521352	524288	0
13	18	0	63521352	1048576	0
13	18	0	63521352	2097152	0
13	18	0	63521352	4194304	0
13	18	0	63521352	8388608	0
13	18	0	63521352	15880338	0
13	18	0	63521352	31760676	0
13	18	0	63521352	47641014	0
13	18	0	63521352	63521350	0
13	18	0	63521352	63521351	0
13	18	1	63521352	1	0
13	18	1	63521352	2	0
13	18	1	63521352	4	0
13	18	1	63521352	8	0
13	18	1	63521352	16	0
13	18	1	63521352	32	0
13	18	1	63521352	64	0
13	18	1	63521352	128	0
13	18	1	63521352	256	0
13	18	1	63521352	512	0
13	18	1	63521352	1024	0
13	18	1	63521352	2048	0
13	18	1	63521352	4096	0
13	18	1	63521352	8192	0
13	18	1	63521352	16384	0
13	18	1	63521352	32768	0
13	18	1	63521352	65536	0
13	18	1	63521352	131072	0
13	18	1	63521352	262144	0
13	18	1	63521352	524288	0
13	18	1	63521352	1048576	0
13	18	1	63521352	2097152	0
13	18	1	63521352	4194304	0
13	18	1	63521352	8388608	0
13	18	1	63521352	15880338	0
13	18	1	63521352	31760676	0
13	18	1	63521352	47641014	0
13	18	1	63521352	63521350	0
13	18	1	63521352	63521351	0
15	0	0	33830016	1	0
15	0	0	33830016	2	0
15	0	0	33830016	4	0
15	0	0	33830016	8	0
15	0	0	33830016	16	0
15	0	0	33830016	32	0
15	0	0	33830016	64	0
15	0	0	33830016	128	0
15	0	0	33830016	256	0
15	0	0	33830016	512	0
15	0	0	33830016	1024	0
15	0	0	33830016	2048	0
15	0	0	33830016	4096	0
15	0	0	33830016	8192	0
15	0	0	33830016	16384	0
15	0	0	33830016	32768	0
15	0	0	33830016	65536	0
15	0	0	33830016	131072	0
15	0	0	33830016	262144	0
15	0	0	33830016	524288	0
15	0	0	33830016	1048576	0
15	0	0	33830016	2097152	0
15	0	0	33830016	4194304	0
15	0	0	33830016	8388608	0
15	0	0	33830016	8457504	0
15	0	0	33830016	16915008	0
15	0	0	33830016	25372512	0
15	0	0	33830016	33830014	0
15	0	0	33830016	33830015	0
15	1	0	33830016	1	0
15	1	0	33830016	2	0
15	1	0	33830016	4	0
15	1	0	33830016	8	0
15	1	0	33830016	16	0
15	1	0	33830016	32	0
15	1	0	33830016	64	0
15	1	0	33830016	128	0
15	1	0	33830016	256	0
15	1	0	33830016	512	0
15	1	0	33830016	1024	0
15	1	0	33830016	2048	0
15	1	0	33830016	4096	0
15	1	0	33830016	8192	0
15	1	0	33830016	16384	0
15	1	0	33830016	32768	0
15	1	0	33830016	65536	0
15	1	0	33830016	131072	0
15	1	0	33830016	262144	0
15	1	0	33830016	524288	0
15	1	0	33830016	1048576	0
15	1	0	33830016	2097152	0
15	1	0	33830016	4194304	0
15	1	0	33830016	8388608	0
15	1	0	33830016	8457504	0
15	1	0	33830016	16915008	0
15	1	0	33830016	25372512	0
15	1	0	33830016	33830014	0
15	1	0	33830016	33830015	0
16	1	0	33830016	1	0
16	1	0	33830016	2	0
16	1	0	33830016	4	0
16	1	0	33830016	8	0
16	1	0	33830016	16	0
16	1	0	33830016	32	0
16	1	0	33830016	64	0
16	1	0	33830016	128	0
16	1	0	33830016	256	0
16	1	0	33830016	512	0
16	1	0	33830016	1024	0
16	1	0	33830016	2048	0
16	1	0	33830016	4096	0
16	1	0	33830016	8192	0
16	1	0	33830016	16384	0
16	1	0	33830016	32768	0
16	1	0	33830016	65536	0
16	1	0	33830016	131072	0
16	1	0	33830016	262144	0
16	1	0	33830016	524288	0
16	1	0	33830016	1048576	0
16	1	0	33830016	2097152	0
16	1	0	33830016	4194304	0
16	1	0	33830016	8388608	0
16	1	0	33830016	8457504	0
16	1	0	33830016	16915008	0
16	1	0	33830016	25372512	0
16	1	0	33830016	33830014	0
16	1	0	33830016	33830015	0
17	0	0	33830016	1	0
17	0	0	33830016	2	0
17	0	0	33830016	4	0
17	0	0	33830016	8	0
17	0	0	33830016	16	0
17	0	0	33830016	32	0
17	0	0	33830016	64	0
17	0	0	33830016	128	0
17	0	0	33830016	256	0
17	0	0	33830016	512	0
17	0	0	33830016	1024	0
17	0	0	33830016	2048	0
17	0	0	33830016	4096	0
17	0	0	33830016	8192	0
17	0	0	33830016	16384	0
17	0	0	33830016	32768	0
17	0	0	33830016	65536	0
17	0	0	33830016	131072	0
17	0	0	33830016	262144	0
17	0	0	33830016	524288	0
17	0	0	33830016	1048576	0
17	0	0	33830016	2097152	0
17	0	0	33830016	4194304	0
17	0	0	33830016	8388608	0
17	0	0	33830016	8457504	0
17	0	0	33830016	16915008	0
17	0	0	33830016	25372512	0
17	0	0	33830016	33830014	0
17	0	0	33830016	33830015	0
17	1	0	33830016	1	0
17	1	0	33830016	2	0
17	1	0	33830016	4	0
17	1	0	33830016	8	0
17	1	0	33830016	16	0
17	1	0	33830016	32	0
17	1	0	33830016	64	0
17	1	0	33830016	128	0
17	1	0	33830016	256	0
17	1	0	33830016	512	0
17	1	0	33830016	1024	0
17	1	0	33830016	2048	0
17	1	0	33830016	4096	0
17	1	0	33830016	8192	0
17	1	0	33830016	16384	0
17	1	0	33830016	32768	0
17	1	0	33830016	65536	0
17	1	0	33830016	131072	0
17	1	0	33830016	262144	0
17	1	0	33830016	524288	0
17	1	0	33830016	1048576	0
17	1	0	33830016	2097152	0
17	1	0	33830016	4194304	0
17	1	0	33830016	8388608	0
17	1	0	33830016	8457504	0
17	1	0	33830016	16915008	0
17	1	0	33830016	25372512	0
17	1	0	33830016	33830014	0
17	1	0	33830016	33830015	0
17	18	2	63521352	1	0
17	18	2	63521352	2	0
17	18	2	63521352	4	0
17	18	2	63521352	8	0
17	18	2	63521352	16	0
17	18	2	63521352	32	0
17	18	2	63521352	64	0
17	18	2	63521352	128	0
17	18	2	63521352	256	0
17	18	2	63521352	512	0
17	18	2	63521352	1024	0
17	18	2	63521352	2048	0
17	18	2	63521352	4096	0
17	18	2	63521352	8192	0
17	18	2	63521352	16384	0
17	18	2	63521352	32768	0
17	18	2	63521352	65536	0
17	18	2	63521352	131072	0
17	18	2	63521352	262144	0
17	18	2	63521352	524288	0
17	18	2	63521352	1048576	0
17	18	2	63521352	2097152	0
17	18	2	63521352	4194304	0
17	18	2	63521352	8388608	0
17	18	2	63521352	15880338	0
17	18	2	63521352	31760676	0
17	18	2	63521352	47641014	0
17	18	2	63521352	63521350	0
17	18	2	63521352	63521351	0
17	18	3	63521352	1	0
17	18	3	63521352	2	0
17	18	3	63521352	4	0
17	18	3	63521352	8	0
17	18	3	63521352	16	0
17	18	3	63521352	32	0
17	18	3	63521352	64	0
17	18	3	63521352	128	0
17	18	3	63521352	256	0
17	18	3	63521352	512	0
17	18	3	63521352	1024	0
17	18	3	63521352	2048	0
17	18	3	63521352	4096	0
17	18	3	63521352	8192	0
17	18	3	63521352	16384	0
17	18	3	63521352	32768	0
17	18	3	63521352	65536	0
17	18	3	63521352	131072	0
17	18	3	63521352	262144	0
17	18	3	63521352	524288	0
17	18	3	63521352	1048576	0
17	18	3	63521352	2097152	0
17	18	3	63521352	4194304	0
17	18	3	63521352	8388608	0
17	18	3	63521352	15880338	0
17	18	3	63521352	31760676	0
17	18	3	63521352	47641014	0
17	18	3	63521352	63521350	0
17	18	3	63521352	63521351	0
18	0	0	33830016	1	0
18	0	0	33830016	2	0
18	0	0	33830016	4	0
18	0	0	33830016	8	0
18	0	0	33830016	16	0
18	0	0	33830016	32	0
18	0	0	33830016	64	0
18	0	0	33830016	128	0
18	0	0	33830016	256	0
18	0	0	33830016	512	0
18	0	0	33830016	1024	0
18	0	0	33830016	2048	0
18	0	0	33830016	4096	0
18	0	0	33830016	8192	0
18	0	0	33830016	16384	0
18	0	0	33830016	32768	0
18	0	0	33830016	65536	0
18	0	0	33830016	131072	0
18	0	0	33830016	262144	0
18	0	0	33830016	524288	0
18	0	0	33830016	1048576	0
18	0	0	33830016	2097152	0
18	0	0	33830016	4194304	0
18	0	0	33830016	8388608	0
18	0	0	33830016	8457504	0
18	0	0	33830016	16915008	0
18	0	0	33830016	25372512	0
18	0	0	33830016	33830014	0
18	0	0	33830016	33830015	0
18	1	0	33830016	1	0
18	1	0	33830016	2	0
18	1	0	33830016	4	0
18	1	0	33830016	8	0
18	1	0	33830016	16	0
18	1	0	33830016	32	0
18	1	0	33830016	64	0
18	1	0	33830016	128	0
18	1	0	33830016	256	0
18	1	0	33830016	512	0
18	1	0	33830016	1024	0
18	1	0	33830016	2048	0
18	1	0	33830016	4096	0
18	1	0	33830016	8192	0
18	1	0	33830016	16384	0
18	1	0	33830016	32768	0
18	1	0	33830016	65536	0
18	1	0	33830016	131072	0
18	1	0	33830016	262144	0
18	1	0	33830016	524288	0
18	1	0	33830016	1048576	0
18	1	0	33830016	2097152	0
18	1	0	33830016	4194304	0
18	1	0	33830016	8388608	0
18	1	0	33830016	8457504	0
18	1	0	33830016	16915008	0
18	1	0	33830016	25372512	0
18	1	0	33830016	33830014	0
18	1	0	33830016	33830015	0
19	1	0	33830016	1	0
19	1	0	33830016	2	0
19	1	0	33830016	4	0
19	1	0	33830016	8	0
19	1	0	33830016	16	0
19	1	0	33830016	32	0
19	1	0	33830016	64	0
19	1	0	33830016	128	0
19	1	0	33830016	256	0
19	1	0	33830016	512	0
19	1	0	33830016	1024	0
19	1	0	33830016	2048	0
19	1	0	33830016	4096	0
19	1	0	33830016	8192	0
19	1	0	33830016	16384	0
19	1	0	33830016	32768	0
19	1	0	33830016	65536	0
19	1	0	33830016	131072	0
19	1	0	33830016	262144	0
19	1	0	33830016	524288	0
19	1	0	33830016	1048576	0
19	1	0	33830016	2097152	0
19	1	0	33830016	4194304	0
19	1	0	33830016	8388608	0
19	1	0	33830016	8457504	0
19	1	0	33830016	16915008	0
19	1	0	33830016	25372512	0
19	1	0	33830016	33830014	0
19	1	0	33830016	33830015	0
19	15	0	63521352	1	0
19	15	0	63521352	2	0
19	15	0	63521352	4	0
19	15	0	63521352	8	0
19	15	0	63521352	16	0
19	15	0	63521352	32	0
19	15	0	63521352	64	0
19	15	0	63521352	128	0
19	15	0	63521352	256	0
19	15	0	63521352	512	0
19	15	0	63521352	1024	0
19	15	0	63521352	2048	0
19	15	0	63521352	4096	0
19	15	0	63521352	8192	0
19	15	0	63521352	16384	0
19	15	0	63521352	32768	0
19	15	0	63521352	65536	0
19	15	0	63521352	131072	0
19	15	0	63521352	262144	0
19	15	0	63521352	524288	0
19	15	0	63521352	1048576	0
19	15	0	63521352	2097152	0
19	15	0	63521352	4194304	0
19	15	0	63521352	8388608	0
19	15	0	63521352	15880338	0
19	15	0	63521352	31760676	0
19	15	0	63521352	47641014	0
19	15	0	63521352	63521350	0
19	15	0	63521352	63521351	0
20	0	0	33830016	1	0
20	0	0	33830016	2	0
20	0	0	33830016	4	0
20	0	0	33830016	8	0
20	0	0	33830016	16	0
20	0	0	33830016	32	0
20	0	0	33830016	64	0
20	0	0	33830016	128	0
20	0	0	33830016	256	0
20	0	0	33830016	512	0
20	0	0	33830016	1024	0
20	0	0	33830016	2048	0
20	0	0	33830016	4096	0
20	0	0	33830016	8192	0
20	0	0	33830016	16384	0
20	0	0	33830016	32768	0
20	0	0	33830016	65536	0
20	0	0	33830016	131072	0
20	0	0	33830016	262144	0
20	0	0	33830016	524288	0
20	0	0	33830016	1048576	0
20	0	0	33830016	2097152	0
20	0	0	33830016	4194304	0
20	0	0	33830016	8388608	0
20	0	0	33830016	8457504	0
20	0	0	33830016	16915008	0
20	0	0	33830016	25372512	0
20	0	0	33830016	33830014	0
20	0	0	33830016	33830015	0
20	18	4	63521352	1	0
20	18	4	63521352	2	0
20	18	4	63521352	4	0
20	18	4	63521352	8	0
20	18	4	63521352	16	0
20	18	4	63521352	32	0
20	18	4	63521352	64	0
20	18	4	63521352	128	0
20	18	4	63521352	256	0
20	18	4	63521352	512	0
20	18	4	63521352	1024	0
20	18	4	63521352	2048	0
20	18	4	63521352	4096	0
20	18	4	63521352	8192	0
20	18	4	63521352	16384	0
20	18	4	63521352	32768	0
20	18	4	63521352	65536	0
20	18	4	63521352	131072	0
20	18	4	63521352	262144	0
20	18	4	63521352	524288	0
20	18	4	63521352	1048576	0
20	18	4	63521352	2097152	0
20	18	4	63521352	4194304	0
20	18	4	63521352	8388608	0
20	18	4	63521352	15880338	0
20	18	4	63521352	31760676	0
20	18	4	63521352	47641014	0
20	18	4	63521352	63521350	0
20	18	4	63521352	63521351	0
4	13	2	113461024	1	0
4	13	2	113461024	2	0
4	13	2	113461024	4	0
4	13	2	113461024	8	0
4	13	2	113461024	16	0
4	13	2	113461024	32	0
4	13	2	113461024	64	0
4	13	2	113461024	128	0
4	13	2	113461024	256	0
4	13	2	113461024	512	0
4	13	2	113461024	1024	0
4	13	2	113461024	2048	0
4	13	2	113461024	4096	0
4	13	2	113461024	8192	0
4	13	2	113461024	16384	0
4	13	2	113461024	32768	0
4	13	2	113461024	65536	0
4	13	2	113461024	131072	0
4	13	2	113461024	262144	0
4	13	2	113461024	524288	0
4	13	2	113461024	1048576	0
4	13	2	113461024	2097152	0
4	13	2	113461024	4194304	0
4	13	2	113461024	8388608	0
4	13	2	113461024	28365256	0
4	13	2	113461024	56730512	0
4	13	2	113461024	85095768	0
4	13	2	113461024	113461022	0
4	13	2	113461024	113461023	0
6	2	0	69629696	1	0
6	2	0	69629696	2	0
6	2	0	69629696	4	0
6	2	0	69629696	8	0
6	2	0	69629696	16	0
6	2	0	69629696	32	0
6	2	0	69629696	64	0
6	2	0	69629696	128	0
6	2	0	69629696	256	0
6	2	0	69629696	512	0
6	2	0	69629696	1024	0
6	2	0	69629696	2048	0
6	2	0	69629696	4096	0
6	2	0	69629696	8192	0
6	2	0	69629696	16384	0
6	2	0	69629696	32768	0
6	2	0	69629696	65536	0
6	2	0	69629696	131072	0
6	2	0	69629696	262144	0
6	2	0	69629696	524288	0
6	2	0	69629696	1048576	0
6	2	0	69629696	2097152	0
6	2	0	69629696	4194304	0
6	2	0	69629696	8388608	0
6	2	0	69629696	17407424	0
6	2	0	69629696	34814848	0
6	2	0	69629696	52222272	0
6	2	0	69629696	69629694	0
6	2	0	69629696	69629695	0
6	3	0	69629696	1	0
6	3	0	69629696	2	0
6	3	0	69629696	4	0
6	3	0	69629696	8	0
6	3	0	69629696	16	0
6	3	0	69629696	32	0
6	3	0	69629696	64	0
6	3	0	69629696	128	0
6	3	0	69629696	256	0
6	3	0	69629696	512	0
6	3	0	69629696	1024	0
6	3	0	69629696	2048	0
6	3	0	69629696	4096	0
6	3	0	69629696	8192	0
6	3	0	69629696	16384	0
6	3	0	69629696	32768	0
6	3	0	69629696	65536	0
6	3	0	69629696	131072	0
6	3	0	69629696	262144	0
6	3	0	69629696	524288	0
6	3	0	69629696	1048576	0
6	3	0	69629696	2097152	0
6	3	0	69629696	4194304	0
6	3	0	69629696	8388608	0
6	3	0	69629696	17407424	0
6	3	0	69629696	34814848	0
6	3	0	69629696	52222272	0
6	3	0	69629696	69629694	0
6	3	0	69629696	69629695	0
6	19	4	76117536	1	0
6	19	4	76117536	2	0
6	19	4	76117536	4	0
6	19	4	76117536	8	0
6	19	4	76117536	16	0
6	19	4	76117536	32	0
6	19	4	76117536	64	0
6	19	4	76117536	128	0
6	19	4	76117536	256	0
6	19	4	76117536	512	0
6	19	4	76117536	1024	0
6	19	4	76117536	2048	0
6	19	4	76117536	4096	0
6	19	4	76117536	8192	0
6	19	4	76117536	16384	0
6	19	4	76117536	32768	0
6	19	4	76117536	65536	0
6	19	4	76117536	131072	0
6	19	4	76117536	262144	0
6	19	4	76117536	524288	0
6	19	4	76117536	1048576	0
6	19	4	76117536	2097152	0
6	19	4	76117536	4194304	0
6	19	4	76117536	8388608	0
6	19	4	76117536	19029384	0
6	19	4	76117536	38058768	0
6	19	4	76117536	57088152	0
6	19	4	76117536	76117534	0
6	19	4	76117536	76117535	0
6	19	5	76117536	1	0
6	19	5	76117536	2	0
6	19	5	76117536	4	0
6	19	5	76117536	8	0
6	19	5	76117536	16	0
6	19	5	76117536	32	0
6	19	5	76117536	64	0
6	19	5	76117536	128	0
6	19	5	76117536	256	0
6	19	5	76117536	512	0
6	19	5	76117536	1024	0
6	19	5	76117536	2048	0
6	19	5	76117536	4096	0
6	19	5	76117536	8192	0
6	19	5	76117536	16384	0
6	19	5	76117536	32768	0
6	19	5	76117536	65536	0
6	19	5	76117536	131072	0
6	19	5	76117536	262144	0
6	19	5	76117536	524288	0
6	19	5	76117536	1048576	0
6	19	5	76117536	2097152	0
6	19	5	76117536	4194304	0
6	19	5	76117536	8388608	0
6	19	5	76117536	19029384	0
6	19	5	76117536	38058768	0
6	19	5	76117536	57088152	0
6	19	5	76117536	76117534	0
6	19	5	76117536	76117535	0
7	0	0	69629696	1	0
7	0	0	69629696	2	0
7	0	0	69629696	4	0
7	0	0	69629696	8	0
7	0	0	69629696	16	0
7	0	0	69629696	32	0
7	0	0	69629696	64	0
7	0	0	69629696	128	0
7	0	0	69629696	256	0
7	0	0	69629696	512	0
7	0	0	69629696	1024	0
7	0	0	69629696	2048	0
7	0	0	69629696	4096	0
7	0	0	69629696	8192	0
7	0	0	69629696	16384	0
7	0	0	69629696	32768	0
7	0	0	69629696	65536	0
7	0	0	69629696	131072	0
7	0	0	69629696	262144	0
7	0	0	69629696	524288	0
7	0	0	69629696	1048576	0
7	0	0	69629696	2097152	0
7	0	0	69629696	4194304	0
7	0	0	69629696	8388608	0
7	0	0	69629696	17407424	0
7	0	0	69629696	34814848	0
7	0	0	69629696	52222272	0
7	0	0	69629696	69629694	0
7	0	0	69629696	69629695	0
8	8	0	134110592	1	0
8	8	0	134110592	2	0
8	8	0	134110592	4	0
8	8	0	134110592	8	0
8	8	0	134110592	16	0
8	8	0	134110592	32	0
8	8	0	134110592	64	0
8	8	0	134110592	128	0
8	8	0	134110592	256	0
8	8	0	134110592	512	0
8	8	0	134110592	1024	0
8	8	0	134110592	2048	0
8	8	0	134110592	4096	0
8	8	0	134110592	8192	0
8	8	0	134110592	16384	0
8	8	0	134110592	32768	0
8	8	0	134110592	65536	0
8	8	0	134110592	131072	0
8	8	0	134110592	262144	0
8	8	0	134110592	524288	0
8	8	0	134110592	1048576	0
8	8	0	134110592	2097152	0
8	8	0	134110592	4194304	0
8	8	0	134110592	8388608	0
8	8	0	134110592	33527648	0
8	8	0	134110592	67055296	0
8	8	0	134110592	100582944	0
8	8	0	134110592	134110590	0
8	8	0	134110592	134110591	0
8	17	2	134110592	1	0
8	17	2	134110592	2	0
8	17	2	134110592	4	0
8	17	2	134110592	8	0
8	17	2	134110592	16	0
8	17	2	134110592	32	0
8	17	2	134110592	64	0
8	17	2	134110592	128	0
8	17	2	134110592	256	0
8	17	2	134110592	512	0
8	17	2	134110592	1024	0
8	17	2	134110592	2048	0
8	17	2	134110592	4096	0
8	17	2	134110592	8192	0
8	17	2	134110592	16384	0
8	17	2	134110592	32768	0
8	17	2	134110592	65536	0
8	17	2	134110592	131072	0
8	17	2	134110592	262144	0
8	17	2	134110592	524288	0
8	17	2	134110592	1048576	0
8	17	2	134110592	2097152	0
8	17	2	134110592	4194304	0
8	17	2	134110592	8388608	0
8	17	2	134110592	33527648	0
8	17	2	134110592	67055296	0
8	17	2	134110592	100582944	0
8	17	2	134110592	134110590	0
8	17	2	134110592	134110591	0
9	17	3	96376832	1	0
9	17	3	96376832	2	0
9	17	3	96376832	4	0
9	17	3	96376832	8	0
9	17	3	96376832	16	0
9	17	3	96376832	32	0
9	17	3	96376832	64	0
9	17	3	96376832	128	0
9	17	3	96376832	256	0
9	17	3	96376832	512	0
9	17	3	96376832	1024	0
9	17	3	96376832	2048	0
9	17	3	96376832	4096	0
9	17	3	96376832	8192	0
9	17	3	96376832	16384	0
9	17	3	96376832	32768	0
9	17	3	96376832	65536	0
9	17	3	96376832	131072	0
9	17	3	96376832	262144	0
9	17	3	96376832	524288	0
9	17	3	96376832	1048576	0
9	17	3	96376832	2097152	0
9	17	3	96376832	4194304	0
9	17	3	96376832	8388608	0
9	17	3	96376832	24094208	0
9	17	3	96376832	48188416	0
9	17	3	96376832	72282624	0
9	17	3	96376832	96376830	0
9	17	3	96376832	96376831	0
12	12	0	113461024	1	0
12	12	0	113461024	2	0
12	12	0	113461024	4	0
12	12	0	113461024	8	0
12	12	0	113461024	16	0
12	12	0	113461024	32	0
12	12	0	113461024	64	0
12	12	0	113461024	128	0
12	12	0	113461024	256	0
12	12	0	113461024	512	0
12	12	0	113461024	1024	0
12	12	0	113461024	2048	0
12	12	0	113461024	4096	0
12	12	0	113461024	8192	0
12	12	0	113461024	16384	0
12	12	0	113461024	32768	0
12	12	0	113461024	65536	0
12	12	0	113461024	131072	0
12	12	0	113461024	262144	0
12	12	0	113461024	524288	0
12	12	0	113461024	1048576	0
12	12	0	113461024	2097152	0
12	12	0	113461024	4194304	0
12	12	0	113461024	8388608	0
12	12	0	113461024	28365256	0
12	12	0	113461024	56730512	0
12	12	0	113461024	85095768	0
12	12	0	113461024	113461022	0
12	12	0	113461024	113461023	0
12	12	1	113461024	1	0
12	12	1	113461024	2	0
12	12	1	113461024	4	0
12	12	1	113461024	8	0
12	12	1	113461024	16	0
12	12	1	113461024	32	0
12	12	1	113461024	64	0
12	12	1	113461024	128	0
12	12	1	113461024	256	0
12	12	1	113461024	512	0
12	12	1	113461024	1024	0
12	12	1	113461024	2048	0
12	12	1	113461024	4096	0
12	12	1	113461024	8192	0
12	12	1	113461024	16384	0
12	12	1	113461024	32768	0
12	12	1	113461024	65536	0
12	12	1	113461024	131072	0
12	12	1	113461024	262144	0
12	12	1	113461024	524288	0
12	12	1	113461024	1048576	0
12	12	1	113461024	2097152	0
12	12	1	113461024	4194304	0
12	12	1	113461024	8388608	0
12	12	1	113461024	28365256	0
12	12	1	113461024	56730512	0
12	12	1	113461024	85095768	0
12	12	1	113461024	113461022	0
12	12	1	113461024	113461023	0
12	16	2	120037968	1	0
12	16	2	120037968	2	0
12	16	2	120037968	4	0
12	16	2	120037968	8	0
12	16	2	120037968	16	0
12	16	2	120037968	32	0
12	16	2	120037968	64	0
12	16	2	120037968	128	0
12	16	2	120037968	256	0
12	16	2	120037968	512	0
12	16	2	120037968	1024	0
12	16	2	120037968	2048	0
12	16	2	120037968	4096	0
12	16	2	120037968	8192	0
12	16	2	120037968	16384	0
12	16	2	120037968	32768	0
12	16	2	120037968	65536	0
12	16	2	120037968	131072	0
12	16	2	120037968	262144	0
12	16	2	120037968	524288	0
12	16	2	120037968	1048576	0
12	16	2	120037968	2097152	0
12	16	2	120037968	4194304	0
12	16	2	120037968	8388608	0
12	16	2	120037968	30009492	0
12	16	2	120037968	60018984	0
12	16	2	120037968	90028476	0
12	16	2	120037968	120037966	0
12	16	2	120037968	120037967	0
13	17	0	113461024	1	0
13	17	0	113461024	2	0
13	17	0	113461024	4	0
13	17	0	113461024	8	0
13	17	0	113461024	16	0
13	17	0	113461024	32	0
13	17	0	113461024	64	0
13	17	0	113461024	128	0
13	17	0	113461024	256	0
13	17	0	113461024	512	0
13	17	0	113461024	1024	0
13	17	0	113461024	2048	0
13	17	0	113461024	4096	0
13	17	0	113461024	8192	0
13	17	0	113461024	16384	0
13	17	0	113461024	32768	0
13	17	0	113461024	65536	0
13	17	0	113461024	131072	0
13	17	0	113461024	262144	0
13	17	0	113461024	524288	0
13	17	0	113461024	1048576	0
13	17	0	113461024	2097152	0
13	17	0	113461024	4194304	0
13	17	0	113461024	8388608	0
13	17	0	113461024	28365256	0
13	17	0	113461024	56730512	0
13	17	0	113461024	85095768	0
13	17	0	113461024	113461022	0
13	17	0	113461024	113461023	0
14	14	0	113461024	1	0
14	14	0	113461024	2	0
14	14	0	113461024	4	0
14	14	0	113461024	8	0
14	14	0	113461024	16	0
14	14	0	113461024	32	0
14	14	0	113461024	64	0
14	14	0	113461024	128	0
14	14	0	113461024	256	0
14	14	0	113461024	512	0
14	14	0	113461024	1024	0
14	14	0	113461024	2048	0
14	14	0	113461024	4096	0
14	14	0	113461024	8192	0
14	14	0	113461024	16384	0
14	14	0	113461024	32768	0
14	14	0	113461024	65536	0
14	14	0	113461024	131072	0
14	14	0	113461024	262144	0
14	14	0	113461024	524288	0
14	14	0	113461024	1048576	0
14	14	0	113461024	2097152	0
14	14	0	113461024	4194304	0
14	14	0	113461024	8388608	0
14	14	0	113461024	28365256	0
14	14	0	113461024	56730512	0
14	14	0	113461024	85095768	0
14	14	0	113461024	113461022	0
14	14	0	113461024	113461023	0
14	14	1	113461024	1	0
14	14	1	113461024	2	0
14	14	1	113461024	4	0
14	14	1	113461024	8	0
14	14	1	113461024	16	0
14	14	1	113461024	32	0
14	14	1	113461024	64	0
14	14	1	113461024	128	0
14	14	1	113461024	256	0
14	14	1	113461024	512	0
14	14	1	113461024	1024	0
14	14	1	113461024	2048	0
14	14	1	113461024	4096	0
14	14	1	113461024	8192	0
14	14	1	113461024	16384	0
14	14	1	113461024	32768	0
14	14	1	113461024	65536	0
14	14	1	113461024	131072	0
14	14	1	113461024	262144	0
14	14	1	113461024	524288	0
14	14	1	113461024	1048576	0
14	14	1	113461024	2097152	0
14	14	1	113461024	4194304	0
14	14	1	113461024	8388608	0
14	14	1	113461024	28365256	0
14	14	1	113461024	56730512	0
14	14	1	113461024	85095768	0
14	14	1	113461024	113461022	0
14	14	1	113461024	113461023	0
15	14	1	113461024	1	0
15	14	1	113461024	2	0
15	14	1	113461024	4	0
15	14	1	113461024	8	0
15	14	1	113461024	16	0
15	14	1	113461024	32	0
15	14	1	113461024	64	0
15	14	1	113461024	128	0
15	14	1	113461024	256	0
15	14	1	113461024	512	0
15	14	1	113461024	1024	0
15	14	1	113461024	2048	0
15	14	1	113461024	4096	0
15	14	1	113461024	8192	0
15	14	1	113461024	16384	0
15	14	1	113461024	32768	0
15	14	1	113461024	65536	0
15	14	1	113461024	131072	0
15	14	1	113461024	262144	0
15	14	1	113461024	524288	0
15	14	1	113461024	1048576	0
15	14	1	113461024	2097152	0
15	14	1	113461024	4194304	0
15	14	1	113461024	8388608	0
15	14	1	113461024	28365256	0
15	14	1	113461024	56730512	0
15	14	1	113461024	85095768	0
15	14	1	113461024	113461022	0
15	14	1	113461024	113461023	0
15	18	5	68095200	1	0
15	18	5	68095200	2	0
15	18	5	68095200	4	0
15	18	5	68095200	8	0
15	18	5	68095200	16	0
15	18	5	68095200	32	0
15	18	5	68095200	64	0
15	18	5	68095200	128	0
15	18	5	68095200	256	0
15	18	5	68095200	512	0
15	18	5	68095200	1024	0
15	18	5	68095200	2048	0
15	18	5	68095200	4096	0
15	18	5	68095200	8192	0
15	18	5	68095200	16384	0
15	18	5	68095200	32768	0
15	18	5	68095200	65536	0
15	18	5	68095200	131072	0
15	18	5	68095200	262144	0
15	18	5	68095200	524288	0
15	18	5	68095200	1048576	0
15	18	5	68095200	2097152	0
15	18	5	68095200	4194304	0
15	18	5	68095200	8388608	0
15	18	5	68095200	17023800	0
15	18	5	68095200	34047600	0
15	18	5	68095200	51071400	0
15	18	5	68095200	68095198	0
15	18	5	68095200	68095199	0
15	19	4	76117536	1	0
15	19	4	76117536	2	0
15	19	4	76117536	4	0
15	19	4	76117536	8	0
15	19	4	76117536	16	0
15	19	4	76117536	32	0
15	19	4	76117536	64	0
15	19	4	76117536	128	0
15	19	4	76117536	256	0
15	19	4	76117536	512	0
15	19	4	76117536	1024	0
15	19	4	76117536	2048	0
15	19	4	76117536	4096	0
15	19	4	76117536	8192	0
15	19	4	76117536	16384	0
15	19	4	76117536	32768	0
15	19	4	76117536	65536	0
15	19	4	76117536	131072	0
15	19	4	76117536	262144	0
15	19	4	76117536	524288	0
15	19	4	76117536	1048576	0
15	19	4	76117536	2097152	0
15	19	4	76117536	4194304	0
15	19	4	76117536	8388608	0
15	19	4	76117536	19029384	0
15	19	4	76117536	38058768	0
15	19	4	76117536	57088152	0
15	19	4	76117536	76117534	0
15	19	4	76117536	76117535	0
15	19	5	76117536	1	0
15	19	5	76117536	2	0
15	19	5	76117536	4	0
15	19	5	76117536	8	0
15	19	5	76117536	16	0
15	19	5	76117536	32	0
15	19	5	76117536	64	0
15	19	5	76117536	128	0
15	19	5	76117536	256	0
15	19	5	76117536	512	0
15	19	5	76117536	1024	0
15	19	5	76117536	2048	0
15	19	5	76117536	4096	0
15	19	5	76117536	8192	0
15	19	5	76117536	16384	0
15	19	5	76117536	32768	0
15	19	5	76117536	65536	0
15	19	5	76117536	131072	0
15	19	5	76117536	262144	0
15	19	5	76117536	524288	0
15	19	5	76117536	1048576	0
15	19	5	76117536	2097152	0
15	19	5	76117536	4194304	0
15	19	5	76117536	8388608	0
15	19	5	76117536	19029384	0
15	19	5	76117536	38058768	0
15	19	5	76117536	57088152	0
15	19	5	76117536	76117534	0
15	19	5	76117536	76117535	0
16	0	0	69629696	1	0
16	0	0	69629696	2	0
16	0	0	69629696	4	0
16	0	0	69629696	8	0
16	0	0	69629696	16	0
16	0	0	69629696	32	0
16	0	0	69629696	64	0
16	0	0	69629696	128	0
16	0	0	69629696	256	0
16	0	0	69629696	512	0
16	0	0	69629696	1024	0
16	0	0	69629696	2048	0
16	0	0	69629696	4096	0
16	0	0	69629696	8192	0
16	0	0	69629696	16384	0
16	0	0	69629696	32768	0
16	0	0	69629696	65536	0
16	0	0	69629696	131072	0
16	0	0	69629696	262144	0
16	0	0	69629696	524288	0
16	0	0	69629696	1048576	0
16	0	0	69629696	2097152	0
16	0	0	69629696	4194304	0
16	0	0	69629696	8388608	0
16	0	0	69629696	17407424	0
16	0	0	69629696	34814848	0
16	0	0	69629696	52222272	0
16	0	0	69629696	69629694	0
16	0	0	69629696	69629695	0
17	14	1	113461024	1	0
17	14	1	113461024	2	0
17	14	1	113461024	4	0
17	14	1	113461024	8	0
17	14	1	113461024	16	0
17	14	1	113461024	32	0
17	14	1	113461024	64	0
17	14	1	113461024	128	0
17	14	1	113461024	256	0
17	14	1	113461024	512	0
17	14	1	113461024	1024	0
17	14	1	113461024	2048	0
17	14	1	113461024	4096	0
17	14	1	113461024	8192	0
17	14	1	113461024	16384	0
17	14	1	113461024	32768	0
17	14	1	113461024	65536	0
17	14	1	113461024	131072	0
17	14	1	113461024	262144	0
17	14	1	113461024	524288	0
17	14	1	113461024	1048576	0
17	14	1	113461024	2097152	0
17	14	1	113461024	4194304	0
17	14	1	113461024	8388608	0
17	14	1	113461024	28365256	0
17	14	1	113461024	56730512	0
17	14	1	113461024	85095768	0
17	14	1	113461024	113461022	0
17	14	1	113461024	113461023	0
17	19	6	76117536	1	0
17	19	6	76117536	2	0
17	19	6	76117536	4	0
17	19	6	76117536	8	0
17	19	6	76117536	16	0
17	19	6	76117536	32	0
17	19	6	76117536	64	0
17	19	6	76117536	128	0
17	19	6	76117536	256	0
17	19	6	76117536	512	0
17	19	6	76117536	1024	0
17	19	6	76117536	2048	0
17	19	6	76117536	4096	0
17	19	6	76117536	8192	0
17	19	6	76117536	16384	0
17	19	6	76117536	32768	0
17	19	6	76117536	65536	0
17	19	6	76117536	131072	0
17	19	6	76117536	262144	0
17	19	6	76117536	524288	0
17	19	6	76117536	1048576	0
17	19	6	76117536	2097152	0
17	19	6	76117536	4194304	0
17	19	6	76117536	8388608	0
17	19	6	76117536	19029384	0
17	19	6	76117536	38058768	0
17	19	6	76117536	57088152	0
17	19	6	76117536	76117534	0
17	19	6	76117536	76117535	0
18	14	1	113461024	1	0
18	14	1	113461024	2	0
18	14	1	113461024	4	0
18	14	1	113461024	8	0
18	14	1	113461024	16	0
18	14	1	113461024	32	0
18	14	1	113461024	64	0
18	14	1	113461024	128	0
18	14	1	113461024	256	0
18	14	1	113461024	512	0
18	14	1	113461024	1024	0
18	14	1	113461024	2048	0
18	14	1	113461024	4096	0
18	14	1	113461024	8192	0
18	14	1	113461024	16384	0
18	14	1	113461024	32768	0
18	14	1	113461024	65536	0
18	14	1	113461024	131072	0
18	14	1	113461024	262144	0
18	14	1	113461024	524288	0
18	14	1	113461024	1048576	0
18	14	1	113461024	2097152	0
18	14	1	113461024	4194304	0
18	14	1	113461024	8388608	0
18	14	1	113461024	28365256	0
18	14	1	113461024	56730512	0
18	14	1	113461024	85095768	0
18	14	1	113461024	113461022	0
18	14	1	113461024	113461023	0
18	17	2	113461024	1	0
18	17	2	113461024	2	0
18	17	2	113461024	4	0
18	17	2	113461024	8	0
18	17	2	113461024	16	0
18	17	2	113461024	32	0
18	17	2	113461024	64	0
18	17	2	113461024	128	0
18	17	2	113461024	256	0
18	17	2	113461024	512	0
18	17	2	113461024	1024	0
18	17	2	113461024	2048	0
18	17	2	113461024	4096	0
18	17	2	113461024	8192	0
18	17	2	113461024	16384	0
18	17	2	113461024	32768	0
18	17	2	113461024	65536	0
18	17	2	113461024	131072	0
18	17	2	113461024	262144	0
18	17	2	113461024	524288	0
18	17	2	113461024	1048576	0
18	17	2	113461024	2097152	0
18	17	2	113461024	4194304	0
18	17	2	113461024	8388608	0
18	17	2	113461024	28365256	0
18	17	2	113461024	56730512	0
18	17	2	113461024	85095768	0
18	17	2	113461024	113461022	0
18	17	2	113461024	113461023	0
18	19	2	76117536	1	0
18	19	2	76117536	2	0
18	19	2	76117536	4	0
18	19	2	76117536	8	0
18	19	2	76117536	16	0
18	19	2	76117536	32	0
18	19	2	76117536	64	0
18	19	2	76117536	128	0
18	19	2	76117536	256	0
18	19	2	76117536	512	0
18	19	2	76117536	1024	0
18	19	2	76117536	2048	0
18	19	2	76117536	4096	0
18	19	2	76117536	8192	0
18	19	2	76117536	16384	0
18	19	2	76117536	32768	0
18	19	2	76117536	65536	0
18	19	2	76117536	131072	0
18	19	2	76117536	262144	0
18	19	2	76117536	524288	0
18	19	2	76117536	1048576	0
18	19	2	76117536	2097152	0
18	19	2	76117536	4194304	0
18	19	2	76117536	8388608	0
18	19	2	76117536	19029384	0
18	19	2	76117536	38058768	0
18	19	2	76117536	57088152	0
18	19	2	76117536	76117534	0
18	19	2	76117536	76117535	0
19	0	0	69629696	1	0
19	0	0	69629696	2	0
19	0	0	69629696	4	0
19	0	0	69629696	8	0
19	0	0	69629696	16	0
19	0	0	69629696	32	0
19	0	0	69629696	64	0
19	0	0	69629696	128	0
19	0	0	69629696	256	0
19	0	0	69629696	512	0
19	0	0	69629696	1024	0
19	0	0	69629696	2048	0
19	0	0	69629696	4096	0
19	0	0	69629696	8192	0
19	0	0	69629696	16384	0
19	0	0	69629696	32768	0
19	0	0	69629696	65536	0
19	0	0	69629696	131072	0
19	0	0	69629696	262144	0
19	0	0	69629696	524288	0
19	0	0	69629696	1048576	0
19	0	0	69629696	2097152	0
19	0	0	69629696	4194304	0
19	0	0	69629696	8388608	0
19	0	0	69629696	17407424	0
19	0	0	69629696	34814848	0
19	0	0	69629696	52222272	0
19	0	0	69629696	69629694	0
19	0	0	69629696	69629695	0
19	14	1	113461024	1	0
19	14	1	113461024	2	0
19	14	1	113461024	4	0
19	14	1	113461024	8	0
19	14	1	113461024	16	0
19	14	1	113461024	32	0
19	14	1	113461024	64	0
19	14	1	113461024	128	0
19	14	1	113461024	256	0
19	14	1	113461024	512	0
19	14	1	113461024	1024	0
19	14	1	113461024	2048	0
19	14	1	113461024	4096	0
19	14	1	113461024	8192	0
19	14	1	113461024	16384	0
19	14	1	113461024	32768	0
19	14	1	113461024	65536	0
19	14	1	113461024	131072	0
19	14	1	113461024	262144	0
19	14	1	113461024	524288	0
19	14	1	113461024	1048576	0
19	14	1	113461024	2097152	0
19	14	1	113461024	4194304	0
19	14	1	113461024	8388608	0
19	14	1	113461024	28365256	0
19	14	1	113461024	56730512	0
19	14	1	113461024	85095768	0
19	14	1	113461024	113461022	0
19	14	1	113461024	113461023	0
19	19	2	76117536	1	0
19	19	2	76117536	2	0
19	19	2	76117536	4	0
19	19	2	76117536	8	0
19	19	2	76117536	16	0
19	19	2	76117536	32	0
19	19	2	76117536	64	0
19	19	2	76117536	128	0
19	19	2	76117536	256	0
19	19	2	76117536	512	0
19	19	2	76117536	1024	0
19	19	2	76117536	2048	0
19	19	2	76117536	4096	0
19	19	2	76117536	8192	0
19	19	2	76117536	16384	0
19	19	2	76117536	32768	0
19	19	2	76117536	65536	0
19	19	2	76117536	131072	0
19	19	2	76117536	262144	0
19	19	2	76117536	524288	0
19	19	2	76117536	1048576	0
19	19	2	76117536	2097152	0
19	19	2	76117536	4194304	0
19	19	2	76117536	8388608	0
19	19	2	76117536	19029384	0
19	19	2	76117536	38058768	0
19	19	2	76117536	57088152	0
19	19	2	76117536	76117534	0
19	19	2	76117536	76117535	0
19	19	6	76117536	1	0
19	19	6	76117536	2	0
19	19	6	76117536	4	0
19	19	6	76117536	8	0
19	19	6	76117536	16	0
19	19	6	76117536	32	0
19	19	6	76117536	64	0
19	19	6	76117536	128	0
19	19	6	76117536	256	0
19	19	6	76117536	512	0
19	19	6	76117536	1024	0
19	19	6	76117536	2048	0
19	19	6	76117536	4096	0
19	19	6	76117536	8192	0
19	19	6	76117536	16384	0
19	19	6	76117536	32768	0
19	19	6	76117536	65536	0
19	19	6	76117536	131072	0
19	19	6	76117536	262144	0
19	19	6	76117536	524288	0
19	19	6	76117536	1048576	0
19	19	6	76117536	2097152	0
19	19	6	76117536	4194304	0
19	19	6	76117536	8388608	0
19	19	6	76117536	19029384	0
19	19	6	76117536	38058768	0
19	19	6	76117536	57088152	0
19	19	6	76117536	76117534	0
19	19	6	76117536	76117535	0
20	12	2	113461024	1	0
20	12	2	113461024	2	0
20	12	2	113461024	4	0
20	12	2	113461024	8	0
20	12	2	113461024	16	0
20	12	2	113461024	32	0
20	12	2	113461024	64	0
20	12	2	113461024	128	0
20	12	2	113461024	256	0
20	12	2	113461024	512	0
20	12	2	113461024	1024	0
20	12	2	113461024	2048	0
20	12	2	113461024	4096	0
20	12	2	113461024	8192	0
20	12	2	113461024	16384	0
20	12	2	113461024	32768	0
20	12	2	113461024	65536	0
20	12	2	113461024	131072	0
20	12	2	113461024	262144	0
20	12	2	113461024	524288	0
20	12	2	113461024	1048576	0
20	12	2	113461024	2097152	0
20	12	2	113461024	4194304	0
20	12	2	113461024	8388608	0
20	12	2	113461024	28365256	0
20	12	2	113461024	56730512	0
20	12	2	113461024	85095768	0
20	12	2	113461024	113461022	0
20	12	2	113461024	113461023	0
6	1	0	244396544	1	0
6	1	0	244396544	2	0
6	1	0	244396544	4	0
6	1	0	244396544	8	0
6	1	0	244396544	16	0
6	1	0	244396544	32	0
6	1	0	244396544	64	0
6	1	0	244396544	128	0
6	1	0	244396544	256	0
6	1	0	244396544	512	0
6	1	0	244396544	1024	0
6	1	0	244396544	2048	0
6	1	0	244396544	4096	0
6	1	0	244396544	8192	0
6	1	0	244396544	16384	0
6	1	0	244396544	32768	0
6	1	0	244396544	65536	0
6	1	0	244396544	131072	0
6	1	0	244396544	262144	0
6	1	0	244396544	524288	0
6	1	0	244396544	1048576	0
6	1	0	244396544	2097152	0
6	1	0	244396544	4194304	0
6	1	0	244396544	8388608	0
6	1	0	244396544	61099136	0
6	1	0	244396544	122198272	0
6	1	0	244396544	183297408	0
6	1	0	244396544	244396542	0
6	1	0	244396544	244396543	0
6	14	0	244396544	1	0
6	14	0	244396544	2	0
6	14	0	244396544	4	0
6	14	0	244396544	8	0
6	14	0	244396544	16	0
6	14	0	244396544	32	0
6	14	0	244396544	64	0
6	14	0	244396544	128	0
6	14	0	244396544	256	0
6	14	0	244396544	512	0
6	14	0	244396544	1024	0
6	14	0	244396544	2048	0
6	14	0	244396544	4096	0
6	14	0	244396544	8192	0
6	14	0	244396544	16384	0
6	14	0	244396544	32768	0
6	14	0	244396544	65536	0
6	14	0	244396544	131072	0
6	14	0	244396544	262144	0
6	14	0	244396544	524288	0
6	14	0	244396544	1048576	0
6	14	0	244396544	2097152	0
6	14	0	244396544	4194304	0
6	14	0	244396544	8388608	0
6	14	0	244396544	61099136	0
6	14	0	244396544	122198272	0
6	14	0	244396544	183297408	0
6	14	0	244396544	244396542	0
6	14	0	244396544	244396543	0
6	18	6	136485568	1	0
6	18	6	136485568	2	0
6	18	6	136485568	4	0
6	18	6	136485568	8	0
6	18	6	136485568	16	0
6	18	6	136485568	32	0
6	18	6	136485568	64	0
6	18	6	136485568	128	0
6	18	6	136485568	256	0
6	18	6	136485568	512	0
6	18	6	136485568	1024	0
6	18	6	136485568	2048	0
6	18	6	136485568	4096	0
6	18	6	136485568	8192	0
6	18	6	136485568	16384	0
6	18	6	136485568	32768	0
6	18	6	136485568	65536	0
6	18	6	136485568	131072	0
6	18	6	136485568	262144	0
6	18	6	136485568	524288	0
6	18	6	136485568	1048576	0
6	18	6	136485568	2097152	0
6	18	6	136485568	4194304	0
6	18	6	136485568	8388608	0
6	18	6	136485568	34121392	0
6	18	6	136485568	68242784	0
6	18	6	136485568	102364176	0
6	18	6	136485568	136485566	0
6	18	6	136485568	136485567	0
6	18	8	148321344	1	0
6	18	8	148321344	2	0
6	18	8	148321344	4	0
6	18	8	148321344	8	0
6	18	8	148321344	16	0
6	18	8	148321344	32	0
6	18	8	148321344	64	0
6	18	8	148321344	128	0
6	18	8	148321344	256	0
6	18	8	148321344	512	0
6	18	8	148321344	1024	0
6	18	8	148321344	2048	0
6	18	8	148321344	4096	0
6	18	8	148321344	8192	0
6	18	8	148321344	16384	0
6	18	8	148321344	32768	0
6	18	8	148321344	65536	0
6	18	8	148321344	131072	0
6	18	8	148321344	262144	0
6	18	8	148321344	524288	0
6	18	8	148321344	1048576	0
6	18	8	148321344	2097152	0
6	18	8	148321344	4194304	0
6	18	8	148321344	8388608	0
6	18	8	148321344	37080336	0
6	18	8	148321344	74160672	0
6	18	8	148321344	111241008	0
6	18	8	148321344	148321342	0
6	18	8	148321344	148321343	0
8	2	0	244396544	1	0
8	2	0	244396544	2	0
8	2	0	244396544	4	0
8	2	0	244396544	8	0
8	2	0	244396544	16	0
8	2	0	244396544	32	0
8	2	0	244396544	64	0
8	2	0	244396544	128	0
8	2	0	244396544	256	0
8	2	0	244396544	512	0
8	2	0	244396544	1024	0
8	2	0	244396544	2048	0
8	2	0	244396544	4096	0
8	2	0	244396544	8192	0
8	2	0	244396544	16384	0
8	2	0	244396544	32768	0
8	2	0	244396544	65536	0
8	2	0	244396544	131072	0
8	2	0	244396544	262144	0
8	2	0	244396544	524288	0
8	2	0	244396544	1048576	0
8	2	0	244396544	2097152	0
8	2	0	244396544	4194304	0
8	2	0	244396544	8388608	0
8	2	0	244396544	61099136	0
8	2	0	244396544	122198272	0
8	2	0	244396544	183297408	0
8	2	0	244396544	244396542	0
8	2	0	244396544	244396543	0
8	14	0	244396544	1	0
8	14	0	244396544	2	0
8	14	0	244396544	4	0
8	14	0	244396544	8	0
8	14	0	244396544	16	0
8	14	0	244396544	32	0
8	14	0	244396544	64	0
8	14	0	244396544	128	0
8	14	0	244396544	256	0
8	14	0	244396544	512	0
8	14	0	244396544	1024	0
8	14	0	244396544	2048	0
8	14	0	244396544	4096	0
8	14	0	244396544	8192	0
8	14	0	244396544	16384	0
8	14	0	244396544	32768	0
8	14	0	244396544	65536	0
8	14	0	244396544	131072	0
8	14	0	244396544	262144	0
8	14	0	244396544	524288	0
8	14	0	244396544	1048576	0
8	14	0	244396544	2097152	0
8	14	0	244396544	4194304	0
8	14	0	244396544	8388608	0
8	14	0	244396544	61099136	0
8	14	0	244396544	122198272	0
8	14	0	244396544	183297408	0
8	14	0	244396544	244396542	0
8	14	0	244396544	244396543	0
8	18	0	136485568	1	0
8	18	0	136485568	2	0
8	18	0	136485568	4	0
8	18	0	136485568	8	0
8	18	0	136485568	16	0
8	18	0	136485568	32	0
8	18	0	136485568	64	0
8	18	0	136485568	128	0
8	18	0	136485568	256	0
8	18	0	136485568	512	0
8	18	0	136485568	1024	0
8	18	0	136485568	2048	0
8	18	0	136485568	4096	0
8	18	0	136485568	8192	0
8	18	0	136485568	16384	0
8	18	0	136485568	32768	0
8	18	0	136485568	65536	0
8	18	0	136485568	131072	0
8	18	0	136485568	262144	0
8	18	0	136485568	524288	0
8	18	0	136485568	1048576	0
8	18	0	136485568	2097152	0
8	18	0	136485568	4194304	0
8	18	0	136485568	8388608	0
8	18	0	136485568	34121392	0
8	18	0	136485568	68242784	0
8	18	0	136485568	102364176	0
8	18	0	136485568	136485566	0
8	18	0	136485568	136485567	0
8	18	5	148321344	1	0
8	18	5	148321344	2	0
8	18	5	148321344	4	0
8	18	5	148321344	8	0
8	18	5	148321344	16	0
8	18	5	148321344	32	0
8	18	5	148321344	64	0
8	18	5	148321344	128	0
8	18	5	148321344	256	0
8	18	5	148321344	512	0
8	18	5	148321344	1024	0
8	18	5	148321344	2048	0
8	18	5	148321344	4096	0
8	18	5	148321344	8192	0
8	18	5	148321344	16384	0
8	18	5	148321344	32768	0
8	18	5	148321344	65536	0
8	18	5	148321344	131072	0
8	18	5	148321344	262144	0
8	18	5	148321344	524288	0
8	18	5	148321344	1048576	0
8	18	5	148321344	2097152	0
8	18	5	148321344	4194304	0
8	18	5	148321344	8388608	0
8	18	5	148321344	37080336	0
8	18	5	148321344	74160672	0
8	18	5	148321344	111241008	0
8	18	5	148321344	148321342	0
8	18	5	148321344	148321343	0
8	19	2	158611106	1	0
8	19	2	158611106	2	0
8	19	2	158611106	4	0
8	19	2	158611106	8	0
8	19	2	158611106	16	0
8	19	2	158611106	32	0
8	19	2	158611106	64	0
8	19	2	158611106	128	0
8	19	2	158611106	256	0
8	19	2	158611106	512	0
8	19	2	158611106	1024	0
8	19	2	158611106	2048	0
8	19	2	158611106	4096	0
8	19	2	158611106	8192	0
8	19	2	158611106	16384	0
8	19	2	158611106	32768	0
8	19	2	158611106	65536	0
8	19	2	158611106	131072	0
8	19	2	158611106	262144	0
8	19	2	158611106	524288	0
8	19	2	158611106	1048576	0
8	19	2	158611106	2097152	0
8	19	2	158611106	4194304	0
8	19	2	158611106	8388608	0
8	19	2	158611106	39652776	0
8	19	2	158611106	79305553	0
8	19	2	158611106	118958329	0
8	19	2	158611106	158611104	0
8	19	2	158611106	158611105	0
8	19	4	158611106	1	0
8	19	4	158611106	2	0
8	19	4	158611106	4	0
8	19	4	158611106	8	0
8	19	4	158611106	16	0
8	19	4	158611106	32	0
8	19	4	158611106	64	0
8	19	4	158611106	128	0
8	19	4	158611106	256	0
8	19	4	158611106	512	0
8	19	4	158611106	1024	0
8	19	4	158611106	2048	0
8	19	4	158611106	4096	0
8	19	4	158611106	8192	0
8	19	4	158611106	16384	0
8	19	4	158611106	32768	0
8	19	4	158611106	65536	0
8	19	4	158611106	131072	0
8	19	4	158611106	262144	0
8	19	4	158611106	524288	0
8	19	4	158611106	1048576	0
8	19	4	158611106	2097152	0
8	19	4	158611106	4194304	0
8	19	4	158611106	8388608	0
8	19	4	158611106	39652776	0
8	19	4	158611106	79305553	0
8	19	4	158611106	118958329	0
8	19	4	158611106	158611104	0
8	19	4	158611106	158611105	0
9	15	1	148321344	1	0
9	15	1	148321344	2	0
9	15	1	148321344	4	0
9	15	1	148321344	8	0
9	15	1	148321344	16	0
9	15	1	148321344	32	0
9	15	1	148321344	64	0
9	15	1	148321344	128	0
9	15	1	148321344	256	0
9	15	1	148321344	512	0
9	15	1	148321344	1024	0
9	15	1	148321344	2048	0
9	15	1	148321344	4096	0
9	15	1	148321344	8192	0
9	15	1	148321344	16384	0
9	15	1	148321344	32768	0
9	15	1	148321344	65536	0
9	15	1	148321344	131072	0
9	15	1	148321344	262144	0
9	15	1	148321344	524288	0
9	15	1	148321344	1048576	0
9	15	1	148321344	2097152	0
9	15	1	148321344	4194304	0
9	15	1	148321344	8388608	0
9	15	1	148321344	37080336	0
9	15	1	148321344	74160672	0
9	15	1	148321344	111241008	0
9	15	1	148321344	148321342	0
9	15	1	148321344	148321343	0
11	19	0	194986080	1	0
11	19	0	194986080	2	0
11	19	0	194986080	4	0
11	19	0	194986080	8	0
11	19	0	194986080	16	0
11	19	0	194986080	32	0
11	19	0	194986080	64	0
11	19	0	194986080	128	0
11	19	0	194986080	256	0
11	19	0	194986080	512	0
11	19	0	194986080	1024	0
11	19	0	194986080	2048	0
11	19	0	194986080	4096	0
11	19	0	194986080	8192	0
11	19	0	194986080	16384	0
11	19	0	194986080	32768	0
11	19	0	194986080	65536	0
11	19	0	194986080	131072	0
11	19	0	194986080	262144	0
11	19	0	194986080	524288	0
11	19	0	194986080	1048576	0
11	19	0	194986080	2097152	0
11	19	0	194986080	4194304	0
11	19	0	194986080	8388608	0
11	19	0	194986080	48746520	0
11	19	0	194986080	97493040	0
11	19	0	194986080	146239560	0
11	19	0	194986080	194986078	0
11	19	0	194986080	194986079	0
11	19	1	194986080	1	0
11	19	1	194986080	2	0
11	19	1	194986080	4	0
11	19	1	194986080	8	0
11	19	1	194986080	16	0
11	19	1	194986080	32	0
11	19	1	194986080	64	0
11	19	1	194986080	128	0
11	19	1	194986080	256	0
11	19	1	194986080	512	0
11	19	1	194986080	1024	0
11	19	1	194986080	2048	0
11	19	1	194986080	4096	0
11	19	1	194986080	8192	0
11	19	1	194986080	16384	0
11	19	1	194986080	32768	0
11	19	1	194986080	65536	0
11	19	1	194986080	131072	0
11	19	1	194986080	262144	0
11	19	1	194986080	524288	0
11	19	1	194986080	1048576	0
11	19	1	194986080	2097152	0
11	19	1	194986080	4194304	0
11	19	1	194986080	8388608	0
11	19	1	194986080	48746520	0
11	19	1	194986080	97493040	0
11	19	1	194986080	146239560	0
11	19	1	194986080	194986078	0
11	19	1	194986080	194986079	0
11	19	2	194986080	1	0
11	19	2	194986080	2	0
11	19	2	194986080	4	0
11	19	2	194986080	8	0
11	19	2	194986080	16	0
11	19	2	194986080	32	0
11	19	2	194986080	64	0
11	19	2	194986080	128	0
11	19	2	194986080	256	0
11	19	2	194986080	512	0
11	19	2	194986080	1024	0
11	19	2	194986080	2048	0
11	19	2	194986080	4096	0
11	19	2	194986080	8192	0
11	19	2	194986080	16384	0
11	19	2	194986080	32768	0
11	19	2	194986080	65536	0
11	19	2	194986080	131072	0
11	19	2	194986080	262144	0
11	19	2	194986080	524288	0
11	19	2	194986080	1048576	0
11	19	2	194986080	2097152	0
11	19	2	194986080	4194304	0
11	19	2	194986080	8388608	0
11	19	2	194986080	48746520	0
11	19	2	194986080	97493040	0
11	19	2	194986080	146239560	0
11	19	2	194986080	194986078	0
11	19	2	194986080	194986079	0
13	19	0	194986080	1	0
13	19	0	194986080	2	0
13	19	0	194986080	4	0
13	19	0	194986080	8	0
13	19	0	194986080	16	0
13	19	0	194986080	32	0
13	19	0	194986080	64	0
13	19	0	194986080	128	0
13	19	0	194986080	256	0
13	19	0	194986080	512	0
13	19	0	194986080	1024	0
13	19	0	194986080	2048	0
13	19	0	194986080	4096	0
13	19	0	194986080	8192	0
13	19	0	194986080	16384	0
13	19	0	194986080	32768	0
13	19	0	194986080	65536	0
13	19	0	194986080	131072	0
13	19	0	194986080	262144	0
13	19	0	194986080	524288	0
13	19	0	194986080	1048576	0
13	19	0	194986080	2097152	0
13	19	0	194986080	4194304	0
13	19	0	194986080	8388608	0
13	19	0	194986080	48746520	0
13	19	0	194986080	97493040	0
13	19	0	194986080	146239560	0
13	19	0	194986080	194986078	0
13	19	0	194986080	194986079	0
13	19	1	194986080	1	0
13	19	1	194986080	2	0
13	19	1	194986080	4	0
13	19	1	194986080	8	0
13	19	1	194986080	16	0
13	19	1	194986080	32	0
13	19	1	194986080	64	0
13	19	1	194986080	128	0
13	19	1	194986080	256	0
13	19	1	194986080	512	0
13	19	1	194986080	1024	0
13	19	1	194986080	2048	0
13	19	1	194986080	4096	0
13	19	1	194986080	8192	0
13	19	1	194986080	16384	0
13	19	1	194986080	32768	0
13	19	1	194986080	65536	0
13	19	1	194986080	131072	0
13	19	1	194986080	262144	0
13	19	1	194986080	524288	0
13	19	1	194986080	1048576	0
13	19	1	194986080	2097152	0
13	19	1	194986080	4194304	0
13	19	1	194986080	8388608	0
13	19	1	194986080	48746520	0
13	19	1	194986080	97493040	0
13	19	1	194986080	146239560	0
13	19	1	194986080	194986078	0
13	19	1	194986080	194986079	0
13	19	2	194986080	1	0
13	19	2	194986080	2	0
13	19	2	194986080	4	0
13	19	2	194986080	8	0
13	19	2	194986080	16	0
13	19	2	194986080	32	0
13	19	2	194986080	64	0
13	19	2	194986080	128	0
13	19	2	194986080	256	0
13	19	2	194986080	512	0
13	19	2	194986080	1024	0
13	19	2	194986080	2048	0
13	19	2	194986080	4096	0
13	19	2	194986080	8192	0
13	19	2	194986080	16384	0
13	19	2	194986080	32768	0
13	19	2	194986080	65536	0
13	19	2	194986080	131072	0
13	19	2	194986080	262144	0
13	19	2	194986080	524288	0
13	19	2	194986080	1048576	0
13	19	2	194986080	2097152	0
13	19	2	194986080	4194304	0
13	19	2	194986080	8388608	0
13	19	2	194986080	48746520	0
13	19	2	194986080	97493040	0
13	19	2	194986080	146239560	0
13	19	2	194986080	194986078	0
13	19	2	194986080	194986079	0
13	19	3	194986080	1	0
13	19	3	194986080	2	0
13	19	3	194986080	4	0
13	19	3	194986080	8	0
13	19	3	194986080	16	0
13	19	3	194986080	32	0
13	19	3	194986080	64	0
13	19	3	194986080	128	0
13	19	3	194986080	256	0
13	19	3	194986080	512	0
13	19	3	194986080	1024	0
13	19	3	194986080	2048	0
13	19	3	194986080	4096	0
13	19	3	194986080	8192	0
13	19	3	194986080	16384	0
13	19	3	194986080	32768	0
13	19	3	194986080	65536	0
13	19	3	194986080	131072	0
13	19	3	194986080	262144	0
13	19	3	194986080	524288	0
13	19	3	194986080	1048576	0
13	19	3	194986080	2097152	0
13	19	3	194986080	4194304	0
13	19	3	194986080	8388608	0
13	19	3	194986080	48746520	0
13	19	3	194986080	97493040	0
13	19	3	194986080	146239560	0
13	19	3	194986080	194986078	0
13	19	3	194986080	194986079	0
18	16	0	148321344	1	0
18	16	0	148321344	2	0
18	16	0	148321344	4	0
18	16	0	148321344	8	0
18	16	0	148321344	16	0
18	16	0	148321344	32	0
18	16	0	148321344	64	0
18	16	0	148321344	128	0
18	16	0	148321344	256	0
18	16	0	148321344	512	0
18	16	0	148321344	1024	0
18	16	0	148321344	2048	0
18	16	0	148321344	4096	0
18	16	0	148321344	8192	0
18	16	0	148321344	16384	0
18	16	0	148321344	32768	0
18	16	0	148321344	65536	0
18	16	0	148321344	131072	0
18	16	0	148321344	262144	0
18	16	0	148321344	524288	0
18	16	0	148321344	1048576	0
18	16	0	148321344	2097152	0
18	16	0	148321344	4194304	0
18	16	0	148321344	8388608	0
18	16	0	148321344	37080336	0
18	16	0	148321344	74160672	0
18	16	0	148321344	111241008	0
18	16	0	148321344	148321342	0
18	16	0	148321344	148321343	0
18	19	7	194986080	1	0
18	19	7	194986080	2	0
18	19	7	194986080	4	0
18	19	7	194986080	8	0
18	19	7	194986080	16	0
18	19	7	194986080	32	0
18	19	7	194986080	64	0
18	19	7	194986080	128	0
18	19	7	194986080	256	0
18	19	7	194986080	512	0
18	19	7	194986080	1024	0
18	19	7	194986080	2048	0
18	19	7	194986080	4096	0
18	19	7	194986080	8192	0
18	19	7	194986080	16384	0
18	19	7	194986080	32768	0
18	19	7	194986080	65536	0
18	19	7	194986080	131072	0
18	19	7	194986080	262144	0
18	19	7	194986080	524288	0
18	19	7	194986080	1048576	0
18	19	7	194986080	2097152	0
18	19	7	194986080	4194304	0
18	19	7	194986080	8388608	0
18	19	7	194986080	48746520	0
18	19	7	194986080	97493040	0
18	19	7	194986080	146239560	0
18	19	7	194986080	194986078	0
18	19	7	194986080	194986079	0
22	16	0	148321344	1	0
22	16	0	148321344	2	0
22	16	0	148321344	4	0
22	16	0	148321344	8	0
22	16	0	148321344	16	0
22	16	0	148321344	32	0
22	16	0	148321344	64	0
22	16	0	148321344	128	0
22	16	0	148321344	256	0
22	16	0	148321344	512	0
22	16	0	148321344	1024	0
22	16	0	148321344	2048	0
22	16	0	148321344	4096	0
22	16	0	148321344	8192	0
22	16	0	148321344	16384	0
22	16	0	148321344	32768	0
22	16	0	148321344	65536	0
22	16	0	148321344	131072	0
22	16	0	148321344	262144	0
22	16	0	148321344	524288	0
22	16	0	148321344	1048576	0
22	16	0	148321344	2097152	0
22	16	0	148321344	4194304	0
22	16	0	148321344	8388608	0
22	16	0	148321344	37080336	0
22	16	0	148321344	74160672	0
22	16	0	148321344	111241008	0
22	16	0	148321344	148321342	0
22	16	0	148321344	148321343	0
23	18	2	148321344	1	0
23	18	2	148321344	2	0
23	18	2	148321344	4	0
23	18	2	148321344	8	0
23	18	2	148321344	16	0
23	18	2	148321344	32	0
23	18	2	148321344	64	0
23	18	2	148321344	128	0
23	18	2	148321344	256	0
23	18	2	148321344	512	0
23	18	2	148321344	1024	0
23	18	2	148321344	2048	0
23	18	2	148321344	4096	0
23	18	2	148321344	8192	0
23	18	2	148321344	16384	0
23	18	2	148321344	32768	0
23	18	2	148321344	65536	0
23	18	2	148321344	131072	0
23	18	2	148321344	262144	0
23	18	2	148321344	524288	0
23	18	2	148321344	1048576	0
23	18	2	148321344	2097152	0
23	18	2	148321344	4194304	0
23	18	2	148321344	8388608	0
23	18	2	148321344	37080336	0
23	18	2	148321344	74160672	0
23	18	2	148321344	111241008	0
23	18	2	148321344	148321342	0
23	18	2	148321344	148321343	0
26	18	0	148321344	1	0
26	18	0	148321344	2	0
26	18	0	148321344	4	0
26	18	0	148321344	8	0
26	18	0	148321344	16	0
26	18	0	148321344	32	0
26	18	0	148321344	64	0
26	18	0	148321344	128	0
26	18	0	148321344	256	0
26	18	0	148321344	512	0
26	18	0	148321344	1024	0
26	18	0	148321344	2048	0
26	18	0	148321344	4096	0
26	18	0	148321344	8192	0
26	18	0	148321344	16384	0
26	18	0	148321344	32768	0
26	18	0	148321344	65536	0
26	18	0	148321344	131072	0
26	18	0	148321344	262144	0
26	18	0	148321344	524288	0
26	18	0	148321344	1048576	0
26	18	0	148321344	2097152	0
26	18	0	148321344	4194304	0
26	18	0	148321344	8388608	0
26	18	0	148321344	37080336	0
26	18	0	148321344	74160672	0
26	18	0	148321344	111241008	0
26	18	0	148321344	148321342	0
26	18	0	148321344	148321343	0
26	18	1	148321344	1	0
26	18	1	148321344	2	0
26	18	1	148321344	4	0
26	18	1	148321344	8	0
26	18	1	148321344	16	0
26	18	1	148321344	32	0
26	18	1	148321344	64	0
26	18	1	148321344	128	0
26	18	1	148321344	256	0
26	18	1	148321344	512	0
26	18	1	148321344	1024	0
26	18	1	148321344	2048	0
26	18	1	148321344	4096	0
26	18	1	148321344	8192	0
26	18	1	148321344	16384	0
26	18	1	148321344	32768	0
26	18	1	148321344	65536	0
26	18	1	148321344	131072	0
26	18	1	148321344	262144	0
26	18	1	148321344	524288	0
26	18	1	148321344	1048576	0
26	18	1	148321344	2097152	0
26	18	1	148321344	4194304	0
26	18	1	148321344	8388608	0
26	18	1	148321344	37080336	0
26	18	1	148321344	74160672	0
26	18	1	148321344	111241008	0
26	18	1	148321344	148321342	0
26	18	1	148321344	148321343	0
26	18	4	136485568	1	0
26	18	4	136485568	2	0
26	18	4	136485568	4	0
26	18	4	136485568	8	0
26	18	4	136485568	16	0
26	18	4	136485568	32	0
26	18	4	136485568	64	0
26	18	4	136485568	128	0
26	18	4	136485568	256	0
26	18	4	136485568	512	0
26	18	4	136485568	1024	0
26	18	4	136485568	2048	0
26	18	4	136485568	4096	0
26	18	4	136485568	8192	0
26	18	4	136485568	16384	0
26	18	4	136485568	32768	0
26	18	4	136485568	65536	0
26	18	4	136485568	131072	0
26	18	4	136485568	262144	0
26	18	4	136485568	524288	0
26	18	4	136485568	1048576	0
26	18	4	136485568	2097152	0
26	18	4	136485568	4194304	0
26	18	4	136485568	8388608	0
26	18	4	136485568	34121392	0
26	18	4	136485568	68242784	0
26	18	4	136485568	102364176	0
26	18	4	136485568	136485566	0
26	18	4	136485568	136485567	0
27	18	3	203525712	1	0
27	18	3	203525712	2	0
27	18	3	203525712	4	0
27	18	3	203525712	8	0
27	18	3	203525712	16	0
27	18	3	203525712	32	0
27	18	3	203525712	64	0
27	18	3	203525712	128	0
27	18	3	203525712	256	0
27	18	3	203525712	512	0
27	18	3	203525712	1024	0
27	18	3	203525712	2048	0
27	18	3	203525712	4096	0
27	18	3	203525712	8192	0
27	18	3	203525712	16384	0
27	18	3	203525712	32768	0
27	18	3	203525712	65536	0
27	18	3	203525712	131072	0
27	18	3	203525712	262144	0
27	18	3	203525712	524288	0
27	18	3	203525712	1048576	0
27	18	3	203525712	2097152	0
27	18	3	203525712	4194304	0
27	18	3	203525712	8388608	0
27	18	3	203525712	50881428	0
27	18	3	203525712	101762856	0
27	18	3	203525712	152644284	0
27	18	3	203525712	203525710	0
27	18	3	203525712	203525711	0
30	15	0	148321344	1	0
30	15	0	148321344	2	0
30	15	0	148321344	4	0
30	15	0	148321344	8	0
30	15	0	148321344	16	0
30	15	0	148321344	32	0
30	15	0	148321344	64	0
30	15	0	148321344	128	0
30	15	0	148321344	256	0
30	15	0	148321344	512	0
30	15	0	148321344	1024	0
30	15	0	148321344	2048	0
30	15	0	148321344	4096	0
30	15	0	148321344	8192	0
30	15	0	148321344	16384	0
30	15	0	148321344	32768	0
30	15	0	148321344	65536	0
30	15	0	148321344	131072	0
30	15	0	148321344	262144	0
30	15	0	148321344	524288	0
30	15	0	148321344	1048576	0
30	15	0	148321344	2097152	0
30	15	0	148321344	4194304	0
30	15	0	148321344	8388608	0
30	15	0	148321344	37080336	0
30	15	0	148321344	74160672	0
30	15	0	148321344	111241008	0
30	15	0	148321344	148321342	0
30	15	0	148321344	148321343	0
32	17	0	244396544	1	0
32	17	0	244396544	2	0
32	17	0	244396544	4	0
32	17	0	244396544	8	0
32	17	0	244396544	16	0
32	17	0	244396544	32	0
32	17	0	244396544	64	0
32	17	0	244396544	128	0
32	17	0	244396544	256	0
32	17	0	244396544	512	0
32	17	0	244396544	1024	0
32	17	0	244396544	2048	0
32	17	0	244396544	4096	0
32	17	0	244396544	8192	0
32	17	0	244396544	16384	0
32	17	0	244396544	32768	0
32	17	0	244396544	65536	0
32	17	0	244396544	131072	0
32	17	0	244396544	262144	0
32	17	0	244396544	524288	0
32	17	0	244396544	1048576	0
32	17	0	244396544	2097152	0
32	17	0	244396544	4194304	0
32	17	0	244396544	8388608	0
32	17	0	244396544	61099136	0
32	17	0	244396544	122198272	0
32	17	0	244396544	183297408	0
32	17	0	244396544	244396542	0
32	17	0	244396544	244396543	0
35	15	0	148321344	1	0
35	15	0	148321344	2	0
35	15	0	148321344	4	0
35	15	0	148321344	8	0
35	15	0	148321344	16	0
35	15	0	148321344	32	0
35	15	0	148321344	64	0
35	15	0	148321344	128	0
35	15	0	148321344	256	0
35	15	0	148321344	512	0
35	15	0	148321344	1024	0
35	15	0	148321344	2048	0
35	15	0	148321344	4096	0
35	15	0	148321344	8192	0
35	15	0	148321344	16384	0
35	15	0	148321344	32768	0
35	15	0	148321344	65536	0
35	15	0	148321344	131072	0
35	15	0	148321344	262144	0
35	15	0	148321344	524288	0
35	15	0	148321344	1048576	0
35	15	0	148321344	2097152	0
35	15	0	148321344	4194304	0
35	15	0	148321344	8388608	0
35	15	0	148321344	37080336	0
35	15	0	148321344	74160672	0
35	15	0	148321344	111241008	0
35	15	0	148321344	148321342	0
35	15	0	148321344	148321343	0
38	18	0	148321344	1	0
38	18	0	148321344	2	0
38	18	0	148321344	4	0
38	18	0	148321344	8	0
38	18	0	148321344	16	0
38	18	0	148321344	32	0
38	18	0	148321344	64	0
38	18	0	148321344	128	0
38	18	0	148321344	256	0
38	18	0	148321344	512	0
38	18	0	148321344	1024	0
38	18	0	148321344	2048	0
38	18	0	148321344	4096	0
38	18	0	148321344	8192	0
38	18	0	148321344	16384	0
38	18	0	148321344	32768	0
38	18	0	148321344	65536	0
38	18	0	148321344	131072	0
38	18	0	148321344	262144	0
38	18	0	148321344	524288	0
38	18	0	148321344	1048576	0
38	18	0	148321344	2097152	0
38	18	0	148321344	4194304	0
38	18	0	148321344	8388608	0
38	18	0	148321344	37080336	0
38	18	0	148321344	74160672	0
38	18	0	148321344	111241008	0
38	18	0	148321344	148321342	0
38	18	0	148321344	148321343	0
4	14	0	387328512	1	0
4	14	0	387328512	2	0
4	14	0	387328512	4	0
4	14	0	387328512	8	0
4	14	0	387328512	16	0
4	14	0	387328512	32	0
4	14	0	387328512	64	0
4	14	0	387328512	128	0
4	14	0	387328512	256	0
4	14	0	387328512	512	0
4	14	0	387328512	1024	0
4	14	0	387328512	2048	0
4	14	0	387328512	4096	0
4	14	0	387328512	8192	0
4	14	0	387328512	16384	0
4	14	0	387328512	32768	0
4	14	0	387328512	65536	0
4	14	0	387328512	131072	0
4	14	0	387328512	262144	0
4	14	0	387328512	524288	0
4	14	0	387328512	1048576	0
4	14	0	387328512	2097152	0
4	14	0	387328512	4194304	0
4	14	0	387328512	8388608	0
4	14	0	387328512	96832128	0
4	14	0	387328512	193664256	0
4	14	0	387328512	290496384	0
4	14	0	387328512	387328510	0
4	14	0	387328512	387328511	0
4	14	1	387328512	1	0
4	14	1	387328512	2	0
4	14	1	387328512	4	0
4	14	1	387328512	8	0
4	14	1	387328512	16	0
4	14	1	387328512	32	0
4	14	1	387328512	64	0
4	14	1	387328512	128	0
4	14	1	387328512	256	0
4	14	1	387328512	512	0
4	14	1	387328512	1024	0
4	14	1	387328512	2048	0
4	14	1	387328512	4096	0
4	14	1	387328512	8192	0
4	14	1	387328512	16384	0
4	14	1	387328512	32768	0
4	14	1	387328512	65536	0
4	14	1	387328512	131072	0
4	14	1	387328512	262144	0
4	14	1	387328512	524288	0
4	14	1	387328512	1048576	0
4	14	1	387328512	2097152	0
4	14	1	387328512	4194304	0
4	14	1	387328512	8388608	0
4	14	1	387328512	96832128	0
4	14	1	387328512	193664256	0
4	14	1	387328512	290496384	0
4	14	1	387328512	387328510	0
4	14	1	387328512	387328511	0
4	19	1	360027522	1	0
4	19	1	360027522	2	0
4	19	1	360027522	4	0
4	19	1	360027522	8	0
4	19	1	360027522	16	0
4	19	1	360027522	32	0
4	19	1	360027522	64	0
4	19	1	360027522	128	0
4	19	1	360027522	256	0
4	19	1	360027522	512	0
4	19	1	360027522	1024	0
4	19	1	360027522	2048	0
4	19	1	360027522	4096	0
4	19	1	360027522	8192	0
4	19	1	360027522	16384	0
4	19	1	360027522	32768	0
4	19	1	360027522	65536	0
4	19	1	360027522	131072	0
4	19	1	360027522	262144	0
4	19	1	360027522	524288	0
4	19	1	360027522	1048576	0
4	19	1	360027522	2097152	0
4	19	1	360027522	4194304	0
4	19	1	360027522	8388608	0
4	19	1	360027522	90006880	0
4	19	1	360027522	180013761	0
4	19	1	360027522	270020641	0
4	19	1	360027522	360027520	0
4	19	1	360027522	360027521	0
5	3	0	425000576	1	0
5	3	0	425000576	2	0
5	3	0	425000576	4	0
5	3	0	425000576	8	0
5	3	0	425000576	16	0
5	3	0	425000576	32	0
5	3	0	425000576	64	0
5	3	0	425000576	128	0
5	3	0	425000576	256	0
5	3	0	425000576	512	0
5	3	0	425000576	1024	0
5	3	0	425000576	2048	0
5	3	0	425000576	4096	0
5	3	0	425000576	8192	0
5	3	0	425000576	16384	0
5	3	0	425000576	32768	0
5	3	0	425000576	65536	0
5	3	0	425000576	131072	0
5	3	0	425000576	262144	0
5	3	0	425000576	524288	0
5	3	0	425000576	1048576	0
5	3	0	425000576	2097152	0
5	3	0	425000576	4194304	0
5	3	0	425000576	8388608	0
5	3	0	425000576	106250144	0
5	3	0	425000576	212500288	0
5	3	0	425000576	318750432	0
5	3	0	425000576	425000574	0
5	3	0	425000576	425000575	0
5	15	3	327572856	1	0
5	15	3	327572856	2	0
5	15	3	327572856	4	0
5	15	3	327572856	8	0
5	15	3	327572856	16	0
5	15	3	327572856	32	0
5	15	3	327572856	64	0
5	15	3	327572856	128	0
5	15	3	327572856	256	0
5	15	3	327572856	512	0
5	15	3	327572856	1024	0
5	15	3	327572856	2048	0
5	15	3	327572856	4096	0
5	15	3	327572856	8192	0
5	15	3	327572856	16384	0
5	15	3	327572856	32768	0
5	15	3	327572856	65536	0
5	15	3	327572856	131072	0
5	15	3	327572856	262144	0
5	15	3	327572856	524288	0
5	15	3	327572856	1048576	0
5	15	3	327572856	2097152	0
5	15	3	327572856	4194304	0
5	15	3	327572856	8388608	0
5	15	3	327572856	81893214	0
5	15	3	327572856	163786428	0
5	15	3	327572856	245679642	0
5	15	3	327572856	327572854	0
5	15	3	327572856	327572855	0
5	19	8	317222212	1	0
5	19	8	317222212	2	0
5	19	8	317222212	4	0
5	19	8	317222212	8	0
5	19	8	317222212	16	0
5	19	8	317222212	32	0
5	19	8	317222212	64	0
5	19	8	317222212	128	0
5	19	8	317222212	256	0
5	19	8	317222212	512	0
5	19	8	317222212	1024	0
5	19	8	317222212	2048	0
5	19	8	317222212	4096	0
5	19	8	317222212	8192	0
5	19	8	317222212	16384	0
5	19	8	317222212	32768	0
5	19	8	317222212	65536	0
5	19	8	317222212	131072	0
5	19	8	317222212	262144	0
5	19	8	317222212	524288	0
5	19	8	317222212	1048576	0
5	19	8	317222212	2097152	0
5	19	8	317222212	4194304	0
5	19	8	317222212	8388608	0
5	19	8	317222212	79305553	0
5	19	8	317222212	158611106	0
5	19	8	317222212	237916659	0
5	19	8	317222212	317222210	0
5	19	8	317222212	317222211	0
5	19	9	317222212	1	0
5	19	9	317222212	2	0
5	19	9	317222212	4	0
5	19	9	317222212	8	0
5	19	9	317222212	16	0
5	19	9	317222212	32	0
5	19	9	317222212	64	0
5	19	9	317222212	128	0
5	19	9	317222212	256	0
5	19	9	317222212	512	0
5	19	9	317222212	1024	0
5	19	9	317222212	2048	0
5	19	9	317222212	4096	0
5	19	9	317222212	8192	0
5	19	9	317222212	16384	0
5	19	9	317222212	32768	0
5	19	9	317222212	65536	0
5	19	9	317222212	131072	0
5	19	9	317222212	262144	0
5	19	9	317222212	524288	0
5	19	9	317222212	1048576	0
5	19	9	317222212	2097152	0
5	19	9	317222212	4194304	0
5	19	9	317222212	8388608	0
5	19	9	317222212	79305553	0
5	19	9	317222212	158611106	0
5	19	9	317222212	237916659	0
5	19	9	317222212	317222210	0
5	19	9	317222212	317222211	0
5	20	0	368804128	1	0
5	20	0	368804128	2	0
5	20	0	368804128	4	0
5	20	0	368804128	8	0
5	20	0	368804128	16	0
5	20	0	368804128	32	0
5	20	0	368804128	64	0
5	20	0	368804128	128	0
5	20	0	368804128	256	0
5	20	0	368804128	512	0
5	20	0	368804128	1024	0
5	20	0	368804128	2048	0
5	20	0	368804128	4096	0
5	20	0	368804128	8192	0
5	20	0	368804128	16384	0
5	20	0	368804128	32768	0
5	20	0	368804128	65536	0
5	20	0	368804128	131072	0
5	20	0	368804128	262144	0
5	20	0	368804128	524288	0
5	20	0	368804128	1048576	0
5	20	0	368804128	2097152	0
5	20	0	368804128	4194304	0
5	20	0	368804128	8388608	0
5	20	0	368804128	92201032	0
5	20	0	368804128	184402064	0
5	20	0	368804128	276603096	0
5	20	0	368804128	368804126	0
5	20	0	368804128	368804127	0
5	20	2	368804128	1	0
5	20	2	368804128	2	0
5	20	2	368804128	4	0
5	20	2	368804128	8	0
5	20	2	368804128	16	0
5	20	2	368804128	32	0
5	20	2	368804128	64	0
5	20	2	368804128	128	0
5	20	2	368804128	256	0
5	20	2	368804128	512	0
5	20	2	368804128	1024	0
5	20	2	368804128	2048	0
5	20	2	368804128	4096	0
5	20	2	368804128	8192	0
5	20	2	368804128	16384	0
5	20	2	368804128	32768	0
5	20	2	368804128	65536	0
5	20	2	368804128	131072	0
5	20	2	368804128	262144	0
5	20	2	368804128	524288	0
5	20	2	368804128	1048576	0
5	20	2	368804128	2097152	0
5	20	2	368804128	4194304	0
5	20	2	368804128	8388608	0
5	20	2	368804128	92201032	0
5	20	2	368804128	184402064	0
5	20	2	368804128	276603096	0
5	20	2	368804128	368804126	0
5	20	2	368804128	368804127	0
6	0	0	425000576	1	0
6	0	0	425000576	2	0
6	0	0	425000576	4	0
6	0	0	425000576	8	0
6	0	0	425000576	16	0
6	0	0	425000576	32	0
6	0	0	425000576	64	0
6	0	0	425000576	128	0
6	0	0	425000576	256	0
6	0	0	425000576	512	0
6	0	0	425000576	1024	0
6	0	0	425000576	2048	0
6	0	0	425000576	4096	0
6	0	0	425000576	8192	0
6	0	0	425000576	16384	0
6	0	0	425000576	32768	0
6	0	0	425000576	65536	0
6	0	0	425000576	131072	0
6	0	0	425000576	262144	0
6	0	0	425000576	524288	0
6	0	0	425000576	1048576	0
6	0	0	425000576	2097152	0
6	0	0	425000576	4194304	0
6	0	0	425000576	8388608	0
6	0	0	425000576	106250144	0
6	0	0	425000576	212500288	0
6	0	0	425000576	318750432	0
6	0	0	425000576	425000574	0
6	0	0	425000576	425000575	0
6	15	2	327572856	1	0
6	15	2	327572856	2	0
6	15	2	327572856	4	0
6	15	2	327572856	8	0
6	15	2	327572856	16	0
6	15	2	327572856	32	0
6	15	2	327572856	64	0
6	15	2	327572856	128	0
6	15	2	327572856	256	0
6	15	2	327572856	512	0
6	15	2	327572856	1024	0
6	15	2	327572856	2048	0
6	15	2	327572856	4096	0
6	15	2	327572856	8192	0
6	15	2	327572856	16384	0
6	15	2	327572856	32768	0
6	15	2	327572856	65536	0
6	15	2	327572856	131072	0
6	15	2	327572856	262144	0
6	15	2	327572856	524288	0
6	15	2	327572856	1048576	0
6	15	2	327572856	2097152	0
6	15	2	327572856	4194304	0
6	15	2	327572856	8388608	0
6	15	2	327572856	81893214	0
6	15	2	327572856	163786428	0
6	15	2	327572856	245679642	0
6	15	2	327572856	327572854	0
6	15	2	327572856	327572855	0
6	17	4	387328512	1	0
6	17	4	387328512	2	0
6	17	4	387328512	4	0
6	17	4	387328512	8	0
6	17	4	387328512	16	0
6	17	4	387328512	32	0
6	17	4	387328512	64	0
6	17	4	387328512	128	0
6	17	4	387328512	256	0
6	17	4	387328512	512	0
6	17	4	387328512	1024	0
6	17	4	387328512	2048	0
6	17	4	387328512	4096	0
6	17	4	387328512	8192	0
6	17	4	387328512	16384	0
6	17	4	387328512	32768	0
6	17	4	387328512	65536	0
6	17	4	387328512	131072	0
6	17	4	387328512	262144	0
6	17	4	387328512	524288	0
6	17	4	387328512	1048576	0
6	17	4	387328512	2097152	0
6	17	4	387328512	4194304	0
6	17	4	387328512	8388608	0
6	17	4	387328512	96832128	0
6	17	4	387328512	193664256	0
6	17	4	387328512	290496384	0
6	17	4	387328512	387328510	0
6	17	4	387328512	387328511	0
6	17	5	387328512	1	0
6	17	5	387328512	2	0
6	17	5	387328512	4	0
6	17	5	387328512	8	0
6	17	5	387328512	16	0
6	17	5	387328512	32	0
6	17	5	387328512	64	0
6	17	5	387328512	128	0
6	17	5	387328512	256	0
6	17	5	387328512	512	0
6	17	5	387328512	1024	0
6	17	5	387328512	2048	0
6	17	5	387328512	4096	0
6	17	5	387328512	8192	0
6	17	5	387328512	16384	0
6	17	5	387328512	32768	0
6	17	5	387328512	65536	0
6	17	5	387328512	131072	0
6	17	5	387328512	262144	0
6	17	5	387328512	524288	0
6	17	5	387328512	1048576	0
6	17	5	387328512	2097152	0
6	17	5	387328512	4194304	0
6	17	5	387328512	8388608	0
6	17	5	387328512	96832128	0
6	17	5	387328512	193664256	0
6	17	5	387328512	290496384	0
6	17	5	387328512	387328510	0
6	17	5	387328512	387328511	0
6	18	2	294660576	1	0
6	18	2	294660576	2	0
6	18	2	294660576	4	0
6	18	2	294660576	8	0
6	18	2	294660576	16	0
6	18	2	294660576	32	0
6	18	2	294660576	64	0
6	18	2	294660576	128	0
6	18	2	294660576	256	0
6	18	2	294660576	512	0
6	18	2	294660576	1024	0
6	18	2	294660576	2048	0
6	18	2	294660576	4096	0
6	18	2	294660576	8192	0
6	18	2	294660576	16384	0
6	18	2	294660576	32768	0
6	18	2	294660576	65536	0
6	18	2	294660576	131072	0
6	18	2	294660576	262144	0
6	18	2	294660576	524288	0
6	18	2	294660576	1048576	0
6	18	2	294660576	2097152	0
6	18	2	294660576	4194304	0
6	18	2	294660576	8388608	0
6	18	2	294660576	73665144	0
6	18	2	294660576	147330288	0
6	18	2	294660576	220995432	0
6	18	2	294660576	294660574	0
6	18	2	294660576	294660575	0
8	19	0	360027522	1	0
8	19	0	360027522	2	0
8	19	0	360027522	4	0
8	19	0	360027522	8	0
8	19	0	360027522	16	0
8	19	0	360027522	32	0
8	19	0	360027522	64	0
8	19	0	360027522	128	0
8	19	0	360027522	256	0
8	19	0	360027522	512	0
8	19	0	360027522	1024	0
8	19	0	360027522	2048	0
8	19	0	360027522	4096	0
8	19	0	360027522	8192	0
8	19	0	360027522	16384	0
8	19	0	360027522	32768	0
8	19	0	360027522	65536	0
8	19	0	360027522	131072	0
8	19	0	360027522	262144	0
8	19	0	360027522	524288	0
8	19	0	360027522	1048576	0
8	19	0	360027522	2097152	0
8	19	0	360027522	4194304	0
8	19	0	360027522	8388608	0
8	19	0	360027522	90006880	0
8	19	0	360027522	180013761	0
8	19	0	360027522	270020641	0
8	19	0	360027522	360027520	0
8	19	0	360027522	360027521	0
9	18	4	327572856	1	0
9	18	4	327572856	2	0
9	18	4	327572856	4	0
9	18	4	327572856	8	0
9	18	4	327572856	16	0
9	18	4	327572856	32	0
9	18	4	327572856	64	0
9	18	4	327572856	128	0
9	18	4	327572856	256	0
9	18	4	327572856	512	0
9	18	4	327572856	1024	0
9	18	4	327572856	2048	0
9	18	4	327572856	4096	0
9	18	4	327572856	8192	0
9	18	4	327572856	16384	0
9	18	4	327572856	32768	0
9	18	4	327572856	65536	0
9	18	4	327572856	131072	0
9	18	4	327572856	262144	0
9	18	4	327572856	524288	0
9	18	4	327572856	1048576	0
9	18	4	327572856	2097152	0
9	18	4	327572856	4194304	0
9	18	4	327572856	8388608	0
9	18	4	327572856	81893214	0
9	18	4	327572856	163786428	0
9	18	4	327572856	245679642	0
9	18	4	327572856	327572854	0
9	18	4	327572856	327572855	0
10	11	0	387328512	1	0
10	11	0	387328512	2	0
10	11	0	387328512	4	0
10	11	0	387328512	8	0
10	11	0	387328512	16	0
10	11	0	387328512	32	0
10	11	0	387328512	64	0
10	11	0	387328512	128	0
10	11	0	387328512	256	0
10	11	0	387328512	512	0
10	11	0	387328512	1024	0
10	11	0	387328512	2048	0
10	11	0	387328512	4096	0
10	11	0	387328512	8192	0
10	11	0	387328512	16384	0
10	11	0	387328512	32768	0
10	11	0	387328512	65536	0
10	11	0	387328512	131072	0
10	11	0	387328512	262144	0
10	11	0	387328512	524288	0
10	11	0	387328512	1048576	0
10	11	0	387328512	2097152	0
10	11	0	387328512	4194304	0
10	11	0	387328512	8388608	0
10	11	0	387328512	96832128	0
10	11	0	387328512	193664256	0
10	11	0	387328512	290496384	0
10	11	0	387328512	387328510	0
10	11	0	387328512	387328511	0
13	14	0	387328512	1	0
13	14	0	387328512	2	0
13	14	0	387328512	4	0
13	14	0	387328512	8	0
13	14	0	387328512	16	0
13	14	0	387328512	32	0
13	14	0	387328512	64	0
13	14	0	387328512	128	0
13	14	0	387328512	256	0
13	14	0	387328512	512	0
13	14	0	387328512	1024	0
13	14	0	387328512	2048	0
13	14	0	387328512	4096	0
13	14	0	387328512	8192	0
13	14	0	387328512	16384	0
13	14	0	387328512	32768	0
13	14	0	387328512	65536	0
13	14	0	387328512	131072	0
13	14	0	387328512	262144	0
13	14	0	387328512	524288	0
13	14	0	387328512	1048576	0
13	14	0	387328512	2097152	0
13	14	0	387328512	4194304	0
13	14	0	387328512	8388608	0
13	14	0	387328512	96832128	0
13	14	0	387328512	193664256	0
13	14	0	387328512	290496384	0
13	14	0	387328512	387328510	0
13	14	0	387328512	387328511	0
13	18	2	327572856	1	0
13	18	2	327572856	2	0
13	18	2	327572856	4	0
13	18	2	327572856	8	0
13	18	2	327572856	16	0
13	18	2	327572856	32	0
13	18	2	327572856	64	0
13	18	2	327572856	128	0
13	18	2	327572856	256	0
13	18	2	327572856	512	0
13	18	2	327572856	1024	0
13	18	2	327572856	2048	0
13	18	2	327572856	4096	0
13	18	2	327572856	8192	0
13	18	2	327572856	16384	0
13	18	2	327572856	32768	0
13	18	2	327572856	65536	0
13	18	2	327572856	131072	0
13	18	2	327572856	262144	0
13	18	2	327572856	524288	0
13	18	2	327572856	1048576	0
13	18	2	327572856	2097152	0
13	18	2	327572856	4194304	0
13	18	2	327572856	8388608	0
13	18	2	327572856	81893214	0
13	18	2	327572856	163786428	0
13	18	2	327572856	245679642	0
13	18	2	327572856	327572854	0
13	18	2	327572856	327572855	0
14	17	0	387328512	1	0
14	17	0	387328512	2	0
14	17	0	387328512	4	0
14	17	0	387328512	8	0
14	17	0	387328512	16	0
14	17	0	387328512	32	0
14	17	0	387328512	64	0
14	17	0	387328512	128	0
14	17	0	387328512	256	0
14	17	0	387328512	512	0
14	17	0	387328512	1024	0
14	17	0	387328512	2048	0
14	17	0	387328512	4096	0
14	17	0	387328512	8192	0
14	17	0	387328512	16384	0
14	17	0	387328512	32768	0
14	17	0	387328512	65536	0
14	17	0	387328512	131072	0
14	17	0	387328512	262144	0
14	17	0	387328512	524288	0
14	17	0	387328512	1048576	0
14	17	0	387328512	2097152	0
14	17	0	387328512	4194304	0
14	17	0	387328512	8388608	0
14	17	0	387328512	96832128	0
14	17	0	387328512	193664256	0
14	17	0	387328512	290496384	0
14	17	0	387328512	387328510	0
14	17	0	387328512	387328511	0
15	15	0	327572856	1	0
15	15	0	327572856	2	0
15	15	0	327572856	4	0
15	15	0	327572856	8	0
15	15	0	327572856	16	0
15	15	0	327572856	32	0
15	15	0	327572856	64	0
15	15	0	327572856	128	0
15	15	0	327572856	256	0
15	15	0	327572856	512	0
15	15	0	327572856	1024	0
15	15	0	327572856	2048	0
15	15	0	327572856	4096	0
15	15	0	327572856	8192	0
15	15	0	327572856	16384	0
15	15	0	327572856	32768	0
15	15	0	327572856	65536	0
15	15	0	327572856	131072	0
15	15	0	327572856	262144	0
15	15	0	327572856	524288	0
15	15	0	327572856	1048576	0
15	15	0	327572856	2097152	0
15	15	0	327572856	4194304	0
15	15	0	327572856	8388608	0
15	15	0	327572856	81893214	0
15	15	0	327572856	163786428	0
15	15	0	327572856	245679642	0
15	15	0	327572856	327572854	0
15	15	0	327572856	327572855	0
15	18	2	327572856	1	0
15	18	2	327572856	2	0
15	18	2	327572856	4	0
15	18	2	327572856	8	0
15	18	2	327572856	16	0
15	18	2	327572856	32	0
15	18	2	327572856	64	0
15	18	2	327572856	128	0
15	18	2	327572856	256	0
15	18	2	327572856	512	0
15	18	2	327572856	1024	0
15	18	2	327572856	2048	0
15	18	2	327572856	4096	0
15	18	2	327572856	8192	0
15	18	2	327572856	16384	0
15	18	2	327572856	32768	0
15	18	2	327572856	65536	0
15	18	2	327572856	131072	0
15	18	2	327572856	262144	0
15	18	2	327572856	524288	0
15	18	2	327572856	1048576	0
15	18	2	327572856	2097152	0
15	18	2	327572856	4194304	0
15	18	2	327572856	8388608	0
15	18	2	327572856	81893214	0
15	18	2	327572856	163786428	0
15	18	2	327572856	245679642	0
15	18	2	327572856	327572854	0
15	18	2	327572856	327572855	0
16	19	2	317222212	1	0
16	19	2	317222212	2	0
16	19	2	317222212	4	0
16	19	2	317222212	8	0
16	19	2	317222212	16	0
16	19	2	317222212	32	0
16	19	2	317222212	64	0
16	19	2	317222212	128	0
16	19	2	317222212	256	0
16	19	2	317222212	512	0
16	19	2	317222212	1024	0
16	19	2	317222212	2048	0
16	19	2	317222212	4096	0
16	19	2	317222212	8192	0
16	19	2	317222212	16384	0
16	19	2	317222212	32768	0
16	19	2	317222212	65536	0
16	19	2	317222212	131072	0
16	19	2	317222212	262144	0
16	19	2	317222212	524288	0
16	19	2	317222212	1048576	0
16	19	2	317222212	2097152	0
16	19	2	317222212	4194304	0
16	19	2	317222212	8388608	0
16	19	2	317222212	79305553	0
16	19	2	317222212	158611106	0
16	19	2	317222212	237916659	0
16	19	2	317222212	317222210	0
16	19	2	317222212	317222211	0
18	13	2	387328512	1	0
18	13	2	387328512	2	0
18	13	2	387328512	4	0
18	13	2	387328512	8	0
18	13	2	387328512	16	0
18	13	2	387328512	32	0
18	13	2	387328512	64	0
18	13	2	387328512	128	0
18	13	2	387328512	256	0
18	13	2	387328512	512	0
18	13	2	387328512	1024	0
18	13	2	387328512	2048	0
18	13	2	387328512	4096	0
18	13	2	387328512	8192	0
18	13	2	387328512	16384	0
18	13	2	387328512	32768	0
18	13	2	387328512	65536	0
18	13	2	387328512	131072	0
18	13	2	387328512	262144	0
18	13	2	387328512	524288	0
18	13	2	387328512	1048576	0
18	13	2	387328512	2097152	0
18	13	2	387328512	4194304	0
18	13	2	387328512	8388608	0
18	13	2	387328512	96832128	0
18	13	2	387328512	193664256	0
18	13	2	387328512	290496384	0
18	13	2	387328512	387328510	0
18	13	2	387328512	387328511	0
18	17	0	387328512	1	0
18	17	0	387328512	2	0
18	17	0	387328512	4	0
18	17	0	387328512	8	0
18	17	0	387328512	16	0
18	17	0	387328512	32	0
18	17	0	387328512	64	0
18	17	0	387328512	128	0
18	17	0	387328512	256	0
18	17	0	387328512	512	0
18	17	0	387328512	1024	0
18	17	0	387328512	2048	0
18	17	0	387328512	4096	0
18	17	0	387328512	8192	0
18	17	0	387328512	16384	0
18	17	0	387328512	32768	0
18	17	0	387328512	65536	0
18	17	0	387328512	131072	0
18	17	0	387328512	262144	0
18	17	0	387328512	524288	0
18	17	0	387328512	1048576	0
18	17	0	387328512	2097152	0
18	17	0	387328512	4194304	0
18	17	0	387328512	8388608	0
18	17	0	387328512	96832128	0
18	17	0	387328512	193664256	0
18	17	0	387328512	290496384	0
18	17	0	387328512	387328510	0
18	17	0	387328512	387328511	0
18	17	1	387328512	1	0
18	17	1	387328512	2	0
18	17	1	387328512	4	0
18	17	1	387328512	8	0
18	17	1	387328512	16	0
18	17	1	387328512	32	0
18	17	1	387328512	64	0
18	17	1	387328512	128	0
18	17	1	387328512	256	0
18	17	1	387328512	512	0
18	17	1	387328512	1024	0
18	17	1	387328512	2048	0
18	17	1	387328512	4096	0
18	17	1	387328512	8192	0
18	17	1	387328512	16384	0
18	17	1	387328512	32768	0
18	17	1	387328512	65536	0
18	17	1	387328512	131072	0
18	17	1	387328512	262144	0
18	17	1	387328512	524288	0
18	17	1	387328512	1048576	0
18	17	1	387328512	2097152	0
18	17	1	387328512	4194304	0
18	17	1	387328512	8388608	0
18	17	1	387328512	96832128	0
18	17	1	387328512	193664256	0
18	17	1	387328512	290496384	0
18	17	1	387328512	387328510	0
18	17	1	387328512	387328511	0
18	18	0	327572856	1	0
18	18	0	327572856	2	0
18	18	0	327572856	4	0
18	18	0	327572856	8	0
18	18	0	327572856	16	0
18	18	0	327572856	32	0
18	18	0	327572856	64	0
18	18	0	327572856	128	0
18	18	0	327572856	256	0
18	18	0	327572856	512	0
18	18	0	327572856	1024	0
18	18	0	327572856	2048	0
18	18	0	327572856	4096	0
18	18	0	327572856	8192	0
18	18	0	327572856	16384	0
18	18	0	327572856	32768	0
18	18	0	327572856	65536	0
18	18	0	327572856	131072	0
18	18	0	327572856	262144	0
18	18	0	327572856	524288	0
18	18	0	327572856	1048576	0
18	18	0	327572856	2097152	0
18	18	0	327572856	4194304	0
18	18	0	327572856	8388608	0
18	18	0	327572856	81893214	0
18	18	0	327572856	163786428	0
18	18	0	327572856	245679642	0
18	18	0	327572856	327572854	0
18	18	0	327572856	327572855	0
18	19	5	317222212	1	0
18	19	5	317222212	2	0
18	19	5	317222212	4	0
18	19	5	317222212	8	0
18	19	5	317222212	16	0
18	19	5	317222212	32	0
18	19	5	317222212	64	0
18	19	5	317222212	128	0
18	19	5	317222212	256	0
18	19	5	317222212	512	0
18	19	5	317222212	1024	0
18	19	5	317222212	2048	0
18	19	5	317222212	4096	0
18	19	5	317222212	8192	0
18	19	5	317222212	16384	0
18	19	5	317222212	32768	0
18	19	5	317222212	65536	0
18	19	5	317222212	131072	0
18	19	5	317222212	262144	0
18	19	5	317222212	524288	0
18	19	5	317222212	1048576	0
18	19	5	317222212	2097152	0
18	19	5	317222212	4194304	0
18	19	5	317222212	8388608	0
18	19	5	317222212	79305553	0
18	19	5	317222212	158611106	0
18	19	5	317222212	237916659	0
18	19	5	317222212	317222210	0
18	19	5	317222212	317222211	0
20	13	2	387328512	1	0
20	13	2	387328512	2	0
20	13	2	387328512	4	0
20	13	2	387328512	8	0
20	13	2	387328512	16	0
20	13	2	387328512	32	0
20	13	2	387328512	64	0
20	13	2	387328512	128	0
20	13	2	387328512	256	0
20	13	2	387328512	512	0
20	13	2	387328512	1024	0
20	13	2	387328512	2048	0
20	13	2	387328512	4096	0
20	13	2	387328512	8192	0
20	13	2	387328512	16384	0
20	13	2	387328512	32768	0
20	13	2	387328512	65536	0
20	13	2	387328512	131072	0
20	13	2	387328512	262144	0
20	13	2	387328512	524288	0
20	13	2	387328512	1048576	0
20	13	2	387328512	2097152	0
20	13	2	387328512	4194304	0
20	13	2	387328512	8388608	0
20	13	2	387328512	96832128	0
20	13	2	387328512	193664256	0
20	13	2	387328512	290496384	0
20	13	2	387328512	387328510	0
20	13	2	387328512	387328511	0
20	14	0	387328512	1	0
20	14	0	387328512	2	0
20	14	0	387328512	4	0
20	14	0	387328512	8	0
20	14	0	387328512	16	0
20	14	0	387328512	32	0
20	14	0	387328512	64	0
20	14	0	387328512	128	0
20	14	0	387328512	256	0
20	14	0	387328512	512	0
20	14	0	387328512	1024	0
20	14	0	387328512	2048	0
20	14	0	387328512	4096	0
20	14	0	387328512	8192	0
20	14	0	387328512	16384	0
20	14	0	387328512	32768	0
20	14	0	387328512	65536	0
20	14	0	387328512	131072	0
20	14	0	387328512	262144	0
20	14	0	387328512	524288	0
20	14	0	387328512	1048576	0
20	14	0	387328512	2097152	0
20	14	0	387328512	4194304	0
20	14	0	387328512	8388608	0
20	14	0	387328512	96832128	0
20	14	0	387328512	193664256	0
20	14	0	387328512	290496384	0
20	14	0	387328512	387328510	0
20	14	0	387328512	387328511	0
5	2	0	710003968	1	0
5	2	0	710003968	2	0
5	2	0	710003968	4	0
5	2	0	710003968	8	0
5	2	0	710003968	16	0
5	2	0	710003968	32	0
5	2	0	710003968	64	0
5	2	0	710003968	128	0
5	2	0	710003968	256	0
5	2	0	710003968	512	0
5	2	0	710003968	1024	0
5	2	0	710003968	2048	0
5	2	0	710003968	4096	0
5	2	0	710003968	8192	0
5	2	0	710003968	16384	0
5	2	0	710003968	32768	0
5	2	0	710003968	65536	0
5	2	0	710003968	131072	0
5	2	0	710003968	262144	0
5	2	0	710003968	524288	0
5	2	0	710003968	1048576	0
5	2	0	710003968	2097152	0
5	2	0	710003968	4194304	0
5	2	0	710003968	8388608	0
5	2	0	710003968	177500992	0
5	2	0	710003968	355001984	0
5	2	0	710003968	532502976	0
5	2	0	710003968	710003966	0
5	2	0	710003968	710003967	0
6	17	0	710003968	1	0
6	17	0	710003968	2	0
6	17	0	710003968	4	0
6	17	0	710003968	8	0
6	17	0	710003968	16	0
6	17	0	710003968	32	0
6	17	0	710003968	64	0
6	17	0	710003968	128	0
6	17	0	710003968	256	0
6	17	0	710003968	512	0
6	17	0	710003968	1024	0
6	17	0	710003968	2048	0
6	17	0	710003968	4096	0
6	17	0	710003968	8192	0
6	17	0	710003968	16384	0
6	17	0	710003968	32768	0
6	17	0	710003968	65536	0
6	17	0	710003968	131072	0
6	17	0	710003968	262144	0
6	17	0	710003968	524288	0
6	17	0	710003968	1048576	0
6	17	0	710003968	2097152	0
6	17	0	710003968	4194304	0
6	17	0	710003968	8388608	0
6	17	0	710003968	177500992	0
6	17	0	710003968	355001984	0
6	17	0	710003968	532502976	0
6	17	0	710003968	710003966	0
6	17	0	710003968	710003967	0
9	20	0	648339296	1	0
9	20	0	648339296	2	0
9	20	0	648339296	4	0
9	20	0	648339296	8	0
9	20	0	648339296	16	0
9	20	0	648339296	32	0
9	20	0	648339296	64	0
9	20	0	648339296	128	0
9	20	0	648339296	256	0
9	20	0	648339296	512	0
9	20	0	648339296	1024	0
9	20	0	648339296	2048	0
9	20	0	648339296	4096	0
9	20	0	648339296	8192	0
9	20	0	648339296	16384	0
9	20	0	648339296	32768	0
9	20	0	648339296	65536	0
9	20	0	648339296	131072	0
9	20	0	648339296	262144	0
9	20	0	648339296	524288	0
9	20	0	648339296	1048576	0
9	20	0	648339296	2097152	0
9	20	0	648339296	4194304	0
9	20	0	648339296	8388608	0
9	20	0	648339296	162084824	0
9	20	0	648339296	324169648	0
9	20	0	648339296	486254472	0
9	20	0	648339296	648339294	0
9	20	0	648339296	648339295	0
9	20	1	648339296	1	0
9	20	1	648339296	2	0
9	20	1	648339296	4	0
9	20	1	648339296	8	0
9	20	1	648339296	16	0
9	20	1	648339296	32	0
9	20	1	648339296	64	0
9	20	1	648339296	128	0
9	20	1	648339296	256	0
9	20	1	648339296	512	0
9	20	1	648339296	1024	0
9	20	1	648339296	2048	0
9	20	1	648339296	4096	0
9	20	1	648339296	8192	0
9	20	1	648339296	16384	0
9	20	1	648339296	32768	0
9	20	1	648339296	65536	0
9	20	1	648339296	131072	0
9	20	1	648339296	262144	0
9	20	1	648339296	524288	0
9	20	1	648339296	1048576	0
9	20	1	648339296	2097152	0
9	20	1	648339296	4194304	0
9	20	1	648339296	8388608	0
9	20	1	648339296	162084824	0
9	20	1	648339296	324169648	0
9	20	1	648339296	486254472	0
9	20	1	648339296	648339294	0
9	20	1	648339296	648339295	0
10	15	2	733189632	1	0
10	15	2	733189632	2	0
10	15	2	733189632	4	0
10	15	2	733189632	8	0
10	15	2	733189632	16	0
10	15	2	733189632	32	0
10	15	2	733189632	64	0
10	15	2	733189632	128	0
10	15	2	733189632	256	0
10	15	2	733189632	512	0
10	15	2	733189632	1024	0
10	15	2	733189632	2048	0
10	15	2	733189632	4096	0
10	15	2	733189632	8192	0
10	15	2	733189632	16384	0
10	15	2	733189632	32768	0
10	15	2	733189632	65536	0
10	15	2	733189632	131072	0
10	15	2	733189632	262144	0
10	15	2	733189632	524288	0
10	15	2	733189632	1048576	0
10	15	2	733189632	2097152	0
10	15	2	733189632	4194304	0
10	15	2	733189632	8388608	0
10	15	2	733189632	183297408	0
10	15	2	733189632	366594816	0
10	15	2	733189632	549892224	0
10	15	2	733189632	733189630	0
10	15	2	733189632	733189631	0
11	15	2	733189632	1	0
11	15	2	733189632	2	0
11	15	2	733189632	4	0
11	15	2	733189632	8	0
11	15	2	733189632	16	0
11	15	2	733189632	32	0
11	15	2	733189632	64	0
11	15	2	733189632	128	0
11	15	2	733189632	256	0
11	15	2	733189632	512	0
11	15	2	733189632	1024	0
11	15	2	733189632	2048	0
11	15	2	733189632	4096	0
11	15	2	733189632	8192	0
11	15	2	733189632	16384	0
11	15	2	733189632	32768	0
11	15	2	733189632	65536	0
11	15	2	733189632	131072	0
11	15	2	733189632	262144	0
11	15	2	733189632	524288	0
11	15	2	733189632	1048576	0
11	15	2	733189632	2097152	0
11	15	2	733189632	4194304	0
11	15	2	733189632	8388608	0
11	15	2	733189632	183297408	0
11	15	2	733189632	366594816	0
11	15	2	733189632	549892224	0
11	15	2	733189632	733189630	0
11	15	2	733189632	733189631	0
12	15	2	733189632	1	0
12	15	2	733189632	2	0
12	15	2	733189632	4	0
12	15	2	733189632	8	0
12	15	2	733189632	16	0
12	15	2	733189632	32	0
12	15	2	733189632	64	0
12	15	2	733189632	128	0
12	15	2	733189632	256	0
12	15	2	733189632	512	0
12	15	2	733189632	1024	0
12	15	2	733189632	2048	0
12	15	2	733189632	4096	0
12	15	2	733189632	8192	0
12	15	2	733189632	16384	0
12	15	2	733189632	32768	0
12	15	2	733189632	65536	0
12	15	2	733189632	131072	0
12	15	2	733189632	262144	0
12	15	2	733189632	524288	0
12	15	2	733189632	1048576	0
12	15	2	733189632	2097152	0
12	15	2	733189632	4194304	0
12	15	2	733189632	8388608	0
12	15	2	733189632	183297408	0
12	15	2	733189632	366594816	0
12	15	2	733189632	549892224	0
12	15	2	733189632	733189630	0
12	15	2	733189632	733189631	0
13	15	2	733189632	1	0
13	15	2	733189632	2	0
13	15	2	733189632	4	0
13	15	2	733189632	8	0
13	15	2	733189632	16	0
13	15	2	733189632	32	0
13	15	2	733189632	64	0
13	15	2	733189632	128	0
13	15	2	733189632	256	0
13	15	2	733189632	512	0
13	15	2	733189632	1024	0
13	15	2	733189632	2048	0
13	15	2	733189632	4096	0
13	15	2	733189632	8192	0
13	15	2	733189632	16384	0
13	15	2	733189632	32768	0
13	15	2	733189632	65536	0
13	15	2	733189632	131072	0
13	15	2	733189632	262144	0
13	15	2	733189632	524288	0
13	15	2	733189632	1048576	0
13	15	2	733189632	2097152	0
13	15	2	733189632	4194304	0
13	15	2	733189632	8388608	0
13	15	2	733189632	183297408	0
13	15	2	733189632	366594816	0
13	15	2	733189632	549892224	0
13	15	2	733189632	733189630	0
13	15	2	733189632	733189631	0
14	18	2	688686048	1	0
14	18	2	688686048	2	0
14	18	2	688686048	4	0
14	18	2	688686048	8	0
14	18	2	688686048	16	0
14	18	2	688686048	32	0
14	18	2	688686048	64	0
14	18	2	688686048	128	0
14	18	2	688686048	256	0
14	18	2	688686048	512	0
14	18	2	688686048	1024	0
14	18	2	688686048	2048	0
14	18	2	688686048	4096	0
14	18	2	688686048	8192	0
14	18	2	688686048	16384	0
14	18	2	688686048	32768	0
14	18	2	688686048	65536	0
14	18	2	688686048	131072	0
14	18	2	688686048	262144	0
14	18	2	688686048	524288	0
14	18	2	688686048	1048576	0
14	18	2	688686048	2097152	0
14	18	2	688686048	4194304	0
14	18	2	688686048	8388608	0
14	18	2	688686048	172171512	0
14	18	2	688686048	344343024	0
14	18	2	688686048	516514536	0
14	18	2	688686048	688686046	0
14	18	2	688686048	688686047	0
17	18	1	688686048	1	0
17	18	1	688686048	2	0
17	18	1	688686048	4	0
17	18	1	688686048	8	0
17	18	1	688686048	16	0
17	18	1	688686048	32	0
17	18	1	688686048	64	0
17	18	1	688686048	128	0
17	18	1	688686048	256	0
17	18	1	688686048	512	0
17	18	1	688686048	1024	0
17	18	1	688686048	2048	0
17	18	1	688686048	4096	0
17	18	1	688686048	8192	0
17	18	1	688686048	16384	0
17	18	1	688686048	32768	0
17	18	1	688686048	65536	0
17	18	1	688686048	131072	0
17	18	1	688686048	262144	0
17	18	1	688686048	524288	0
17	18	1	688686048	1048576	0
17	18	1	688686048	2097152	0
17	18	1	688686048	4194304	0
17	18	1	688686048	8388608	0
17	18	1	688686048	172171512	0
17	18	1	688686048	344343024	0
17	18	1	688686048	516514536	0
17	18	1	688686048	688686046	0
17	18	1	688686048	688686047	0
24	18	1	688686048	1	0
24	18	1	688686048	2	0
24	18	1	688686048	4	0
24	18	1	688686048	8	0
24	18	1	688686048	16	0
24	18	1	688686048	32	0
24	18	1	688686048	64	0
24	18	1	688686048	128	0
24	18	1	688686048	256	0
24	18	1	688686048	512	0
24	18	1	688686048	1024	0
24	18	1	688686048	2048	0
24	18	1	688686048	4096	0
24	18	1	688686048	8192	0
24	18	1	688686048	16384	0
24	18	1	688686048	32768	0
24	18	1	688686048	65536	0
24	18	1	688686048	131072	0
24	18	1	688686048	262144	0
24	18	1	688686048	524288	0
24	18	1	688686048	1048576	0
24	18	1	688686048	2097152	0
24	18	1	688686048	4194304	0
24	18	1	688686048	8388608	0
24	18	1	688686048	172171512	0
24	18	1	688686048	344343024	0
24	18	1	688686048	516514536	0
24	18	1	688686048	688686046	0
24	18	1	688686048	688686047	0
28	18	3	688686048	1	0
28	18	3	688686048	2	0
28	18	3	688686048	4	0
28	18	3	688686048	8	0
28	18	3	688686048	16	0
28	18	3	688686048	32	0
28	18	3	688686048	64	0
28	18	3	688686048	128	0
28	18	3	688686048	256	0
28	18	3	688686048	512	0
28	18	3	688686048	1024	0
28	18	3	688686048	2048	0
28	18	3	688686048	4096	0
28	18	3	688686048	8192	0
28	18	3	688686048	16384	0
28	18	3	688686048	32768	0
28	18	3	688686048	65536	0
28	18	3	688686048	131072	0
28	18	3	688686048	262144	0
28	18	3	688686048	524288	0
28	18	3	688686048	1048576	0
28	18	3	688686048	2097152	0
28	18	3	688686048	4194304	0
28	18	3	688686048	8388608	0
28	18	3	688686048	172171512	0
28	18	3	688686048	344343024	0
28	18	3	688686048	516514536	0
28	18	3	688686048	688686046	0
28	18	3	688686048	688686047	0
30	18	0	688686048	1	0
30	18	0	688686048	2	0
30	18	0	688686048	4	0
30	18	0	688686048	8	0
30	18	0	688686048	16	0
30	18	0	688686048	32	0
30	18	0	688686048	64	0
30	18	0	688686048	128	0
30	18	0	688686048	256	0
30	18	0	688686048	512	0
30	18	0	688686048	1024	0
30	18	0	688686048	2048	0
30	18	0	688686048	4096	0
30	18	0	688686048	8192	0
30	18	0	688686048	16384	0
30	18	0	688686048	32768	0
30	18	0	688686048	65536	0
30	18	0	688686048	131072	0
30	18	0	688686048	262144	0
30	18	0	688686048	524288	0
30	18	0	688686048	1048576	0
30	18	0	688686048	2097152	0
30	18	0	688686048	4194304	0
30	18	0	688686048	8388608	0
30	18	0	688686048	172171512	0
30	18	0	688686048	344343024	0
30	18	0	688686048	516514536	0
30	18	0	688686048	688686046	0
30	18	0	688686048	688686047	0
31	18	0	688686048	1	0
31	18	0	688686048	2	0
31	18	0	688686048	4	0
31	18	0	688686048	8	0
31	18	0	688686048	16	0
31	18	0	688686048	32	0
31	18	0	688686048	64	0
31	18	0	688686048	128	0
31	18	0	688686048	256	0
31	18	0	688686048	512	0
31	18	0	688686048	1024	0
31	18	0	688686048	2048	0
31	18	0	688686048	4096	0
31	18	0	688686048	8192	0
31	18	0	688686048	16384	0
31	18	0	688686048	32768	0
31	18	0	688686048	65536	0
31	18	0	688686048	131072	0
31	18	0	688686048	262144	0
31	18	0	688686048	524288	0
31	18	0	688686048	1048576	0
31	18	0	688686048	2097152	0
31	18	0	688686048	4194304	0
31	18	0	688686048	8388608	0
31	18	0	688686048	172171512	0
31	18	0	688686048	344343024	0
31	18	0	688686048	516514536	0
31	18	0	688686048	688686046	0
31	18	0	688686048	688686047	0
31	18	4	688686048	1	0
31	18	4	688686048	2	0
31	18	4	688686048	4	0
31	18	4	688686048	8	0
31	18	4	688686048	16	0
31	18	4	688686048	32	0
31	18	4	688686048	64	0
31	18	4	688686048	128	0
31	18	4	688686048	256	0
31	18	4	688686048	512	0
31	18	4	688686048	1024	0
31	18	4	688686048	2048	0
31	18	4	688686048	4096	0
31	18	4	688686048	8192	0
31	18	4	688686048	16384	0
31	18	4	688686048	32768	0
31	18	4	688686048	65536	0
31	18	4	688686048	131072	0
31	18	4	688686048	262144	0
31	18	4	688686048	524288	0
31	18	4	688686048	1048576	0
31	18	4	688686048	2097152	0
31	18	4	688686048	4194304	0
31	18	4	688686048	8388608	0
31	18	4	688686048	172171512	0
31	18	4	688686048	344343024	0
31	18	4	688686048	516514536	0
31	18	4	688686048	688686046	0
31	18	4	688686048	688686047	0
32	13	2	710003968	1	0
32	13	2	710003968	2	0
32	13	2	710003968	4	0
32	13	2	710003968	8	0
32	13	2	710003968	16	0
32	13	2	710003968	32	0
32	13	2	710003968	64	0
32	13	2	710003968	128	0
32	13	2	710003968	256	0
32	13	2	710003968	512	0
32	13	2	710003968	1024	0
32	13	2	710003968	2048	0
32	13	2	710003968	4096	0
32	13	2	710003968	8192	0
32	13	2	710003968	16384	0
32	13	2	710003968	32768	0
32	13	2	710003968	65536	0
32	13	2	710003968	131072	0
32	13	2	710003968	262144	0
32	13	2	710003968	524288	0
32	13	2	710003968	1048576	0
32	13	2	710003968	2097152	0
32	13	2	710003968	4194304	0
32	13	2	710003968	8388608	0
32	13	2	710003968	177500992	0
32	13	2	710003968	355001984	0
32	13	2	710003968	532502976	0
32	13	2	710003968	710003966	0
32	13	2	710003968	710003967	0
33	15	2	733189632	1	0
33	15	2	733189632	2	0
33	15	2	733189632	4	0
33	15	2	733189632	8	0
33	15	2	733189632	16	0
33	15	2	733189632	32	0
33	15	2	733189632	64	0
33	15	2	733189632	128	0
33	15	2	733189632	256	0
33	15	2	733189632	512	0
33	15	2	733189632	1024	0
33	15	2	733189632	2048	0
33	15	2	733189632	4096	0
33	15	2	733189632	8192	0
33	15	2	733189632	16384	0
33	15	2	733189632	32768	0
33	15	2	733189632	65536	0
33	15	2	733189632	131072	0
33	15	2	733189632	262144	0
33	15	2	733189632	524288	0
33	15	2	733189632	1048576	0
33	15	2	733189632	2097152	0
33	15	2	733189632	4194304	0
33	15	2	733189632	8388608	0
33	15	2	733189632	183297408	0
33	15	2	733189632	366594816	0
33	15	2	733189632	549892224	0
33	15	2	733189632	733189630	0
33	15	2	733189632	733189631	0
35	18	0	688686048	1	0
35	18	0	688686048	2	0
35	18	0	688686048	4	0
35	18	0	688686048	8	0
35	18	0	688686048	16	0
35	18	0	688686048	32	0
35	18	0	688686048	64	0
35	18	0	688686048	128	0
35	18	0	688686048	256	0
35	18	0	688686048	512	0
35	18	0	688686048	1024	0
35	18	0	688686048	2048	0
35	18	0	688686048	4096	0
35	18	0	688686048	8192	0
35	18	0	688686048	16384	0
35	18	0	688686048	32768	0
35	18	0	688686048	65536	0
35	18	0	688686048	131072	0
35	18	0	688686048	262144	0
35	18	0	688686048	524288	0
35	18	0	688686048	1048576	0
35	18	0	688686048	2097152	0
35	18	0	688686048	4194304	0
35	18	0	688686048	8388608	0
35	18	0	688686048	172171512	0
35	18	0	688686048	344343024	0
35	18	0	688686048	516514536	0
35	18	0	688686048	688686046	0
35	18	0	688686048	688686047	0
37	15	0	688686048	1	0
37	15	0	688686048	2	0
37	15	0	688686048	4	0
37	15	0	688686048	8	0
37	15	0	688686048	16	0
37	15	0	688686048	32	0
37	15	0	688686048	64	0
37	15	0	688686048	128	0
37	15	0	688686048	256	0
37	15	0	688686048	512	0
37	15	0	688686048	1024	0
37	15	0	688686048	2048	0
37	15	0	688686048	4096	0
37	15	0	688686048	8192	0
37	15	0	688686048	16384	0
37	15	0	688686048	32768	0
37	15	0	688686048	65536	0
37	15	0	688686048	131072	0
37	15	0	688686048	262144	0
37	15	0	688686048	524288	0
37	15	0	688686048	1048576	0
37	15	0	688686048	2097152	0
37	15	0	688686048	4194304	0
37	15	0	688686048	8388608	0
37	15	0	688686048	172171512	0
37	15	0	688686048	344343024	0
37	15	0	688686048	516514536	0
37	15	0	688686048	688686046	0
37	15	0	688686048	688686047	0
39	18	2	688686048	1	0
39	18	2	688686048	2	0
39	18	2	688686048	4	0
39	18	2	688686048	8	0
39	18	2	688686048	16	0
39	18	2	688686048	32	0
39	18	2	688686048	64	0
39	18	2	688686048	128	0
39	18	2	688686048	256	0
39	18	2	688686048	512	0
39	18	2	688686048	1024	0
39	18	2	688686048	2048	0
39	18	2	688686048	4096	0
39	18	2	688686048	8192	0
39	18	2	688686048	16384	0
39	18	2	688686048	32768	0
39	18	2	688686048	65536	0
39	18	2	688686048	131072	0
39	18	2	688686048	262144	0
39	18	2	688686048	524288	0
39	18	2	688686048	1048576	0
39	18	2	688686048	2097152	0
39	18	2	688686048	4194304	0
39	18	2	688686048	8388608	0
39	18	2	688686048	172171512	0
39	18	2	688686048	344343024	0
39	18	2	688686048	516514536	0
39	18	2	688686048	688686046	0
39	18	2	688686048	688686047	0
40	18	2	688686048	1	0
40	18	2	688686048	2	0
40	18	2	688686048	4	0
40	18	2	688686048	8	0
40	18	2	688686048	16	0
40	18	2	688686048	32	0
40	18	2	688686048	64	0
40	18	2	688686048	128	0
40	18	2	688686048	256	0
40	18	2	688686048	512	0
40	18	2	688686048	1024	0
40	18	2	688686048	2048	0
40	18	2	688686048	4096	0
40	18	2	688686048	8192	0
40	18	2	688686048	16384	0
40	18	2	688686048	32768	0
40	18	2	688686048	65536	0
40	18	2	688686048	131072	0
40	18	2	688686048	262144	0
40	18	2	688686048	524288	0
40	18	2	688686048	1048576	0
40	18	2	688686048	2097152	0
40	18	2	688686048	4194304	0
40	18	2	688686048	8388608	0
40	18	2	688686048	172171512	0
40	18	2	688686048	344343024	0
40	18	2	688686048	516514536	0
40	18	2	688686048	688686046	0
40	18	2	688686048	688686047	0
42	18	8	733189632	1	0
42	18	8	733189632	2	0
42	18	8	733189632	4	0
42	18	8	733189632	8	0
42	18	8	733189632	16	0
42	18	8	733189632	32	0
42	18	8	733189632	64	0
42	18	8	733189632	128	0
42	18	8	733189632	256	0
42	18	8	733189632	512	0
42	18	8	733189632	1024	0
42	18	8	733189632	2048	0
42	18	8	733189632	4096	0
42	18	8	733189632	8192	0
42	18	8	733189632	16384	0
42	18	8	733189632	32768	0
42	18	8	733189632	65536	0
42	18	8	733189632	131072	0
42	18	8	733189632	262144	0
42	18	8	733189632	524288	0
42	18	8	733189632	1048576	0
42	18	8	733189632	2097152	0
42	18	8	733189632	4194304	0
42	18	8	733189632	8388608	0
42	18	8	733189632	183297408	0
42	18	8	733189632	366594816	0
42	18	8	733189632	549892224	0
42	18	8	733189632	733189630	0
42	18	8	733189632	733189631	0
44	16	2	733189632	1	0
44	16	2	733189632	2	0
44	16	2	733189632	4	0
44	16	2	733189632	8	0
44	16	2	733189632	16	0
44	16	2	733189632	32	0
44	16	2	733189632	64	0
44	16	2	733189632	128	0
44	16	2	733189632	256	0
44	16	2	733189632	512	0
44	16	2	733189632	1024	0
44	16	2	733189632	2048	0
44	16	2	733189632	4096	0
44	16	2	733189632	8192	0
44	16	2	733189632	16384	0
44	16	2	733189632	32768	0
44	16	2	733189632	65536	0
44	16	2	733189632	131072	0
44	16	2	733189632	262144	0
44	16	2	733189632	524288	0
44	16	2	733189632	1048576	0
44	16	2	733189632	2097152	0
44	16	2	733189632	4194304	0
44	16	2	733189632	8388608	0
44	16	2	733189632	183297408	0
44	16	2	733189632	366594816	0
44	16	2	733189632	549892224	0
44	16	2	733189632	733189630	0
44	16	2	733189632	733189631	0
45	16	2	733189632	1	0
45	16	2	733189632	2	0
45	16	2	733189632	4	0
45	16	2	733189632	8	0
45	16	2	733189632	16	0
45	16	2	733189632	32	0
45	16	2	733189632	64	0
45	16	2	733189632	128	0
45	16	2	733189632	256	0
45	16	2	733189632	512	0
45	16	2	733189632	1024	0
45	16	2	733189632	2048	0
45	16	2	733189632	4096	0
45	16	2	733189632	8192	0
45	16	2	733189632	16384	0
45	16	2	733189632	32768	0
45	16	2	733189632	65536	0
45	16	2	733189632	131072	0
45	16	2	733189632	262144	0
45	16	2	733189632	524288	0
45	16	2	733189632	1048576	0
45	16	2	733189632	2097152	0
45	16	2	733189632	4194304	0
45	16	2	733189632	8388608	0
45	16	2	733189632	183297408	0
45	16	2	733189632	366594816	0
45	16	2	733189632	549892224	0
45	16	2	733189632	733189630	0
45	16	2	733189632	733189631	0
45	18	2	733189632	1	0
45	18	2	733189632	2	0
45	18	2	733189632	4	0
45	18	2	733189632	8	0
45	18	2	733189632	16	0
45	18	2	733189632	32	0
45	18	2	733189632	64	0
45	18	2	733189632	128	0
45	18	2	733189632	256	0
45	18	2	733189632	512	0
45	18	2	733189632	1024	0
45	18	2	733189632	2048	0
45	18	2	733189632	4096	0
45	18	2	733189632	8192	0
45	18	2	733189632	16384	0
45	18	2	733189632	32768	0
45	18	2	733189632	65536	0
45	18	2	733189632	131072	0
45	18	2	733189632	262144	0
45	18	2	733189632	524288	0
45	18	2	733189632	1048576	0
45	18	2	733189632	2097152	0
45	18	2	733189632	4194304	0
45	18	2	733189632	8388608	0
45	18	2	733189632	183297408	0
45	18	2	733189632	366594816	0
45	18	2	733189632	549892224	0
45	18	2	733189632	733189630	0
45	18	2	733189632	733189631	0
46	18	5	1033947168	1	0
46	18	5	1033947168	2	0
46	18	5	1033947168	4	0
46	18	5	1033947168	8	0
46	18	5	1033947168	16	0
46	18	5	1033947168	32	0
46	18	5	1033947168	64	0
46	18	5	1033947168	128	0
46	18	5	1033947168	256	0
46	18	5	1033947168	512	0
46	18	5	1033947168	1024	0
46	18	5	1033947168	2048	0
46	18	5	1033947168	4096	0
46	18	5	1033947168	8192	0
46	18	5	1033947168	16384	0
46	18	5	1033947168	32768	0
46	18	5	1033947168	65536	0
46	18	5	1033947168	131072	0
46	18	5	1033947168	262144	0
46	18	5	1033947168	524288	0
46	18	5	1033947168	1048576	0
46	18	5	1033947168	2097152	0
46	18	5	1033947168	4194304	0
46	18	5	1033947168	8388608	0
46	18	5	1033947168	258486792	0
46	18	5	1033947168	516973584	0
46	18	5	1033947168	775460376	0
46	18	5	1033947168	1033947166	0
46	18	5	1033947168	1033947167	0
48	16	2	733189632	1	0
48	16	2	733189632	2	0
48	16	2	733189632	4	0
48	16	2	733189632	8	0
48	16	2	733189632	16	0
48	16	2	733189632	32	0
48	16	2	733189632	64	0
48	16	2	733189632	128	0
48	16	2	733189632	256	0
48	16	2	733189632	512	0
48	16	2	733189632	1024	0
48	16	2	733189632	2048	0
48	16	2	733189632	4096	0
48	16	2	733189632	8192	0
48	16	2	733189632	16384	0
48	16	2	733189632	32768	0
48	16	2	733189632	65536	0
48	16	2	733189632	131072	0
48	16	2	733189632	262144	0
48	16	2	733189632	524288	0
48	16	2	733189632	1048576	0
48	16	2	733189632	2097152	0
48	16	2	733189632	4194304	0
48	16	2	733189632	8388608	0
48	16	2	733189632	183297408	0
48	16	2	733189632	366594816	0
48	16	2	733189632	549892224	0
48	16	2	733189632	733189630	0
48	16	2	733189632	733189631	0
51	8	0	710003968	1	0
51	8	0	710003968	2	0
51	8	0	710003968	4	0
51	8	0	710003968	8	0
51	8	0	710003968	16	0
51	8	0	710003968	32	0
51	8	0	710003968	64	0
51	8	0	710003968	128	0
51	8	0	710003968	256	0
51	8	0	710003968	512	0
51	8	0	710003968	1024	0
51	8	0	710003968	2048	0
51	8	0	710003968	4096	0
51	8	0	710003968	8192	0
51	8	0	710003968	16384	0
51	8	0	710003968	32768	0
51	8	0	710003968	65536	0
51	8	0	710003968	131072	0
51	8	0	710003968	262144	0
51	8	0	710003968	524288	0
51	8	0	710003968	1048576	0
51	8	0	710003968	2097152	0
51	8	0	710003968	4194304	0
51	8	0	710003968	8388608	0
51	8	0	710003968	177500992	0
51	8	0	710003968	355001984	0
51	8	0	710003968	532502976	0
51	8	0	710003968	710003966	0
51	8	0	710003968	710003967	0
51	18	0	688686048	1	0
51	18	0	688686048	2	0
51	18	0	688686048	4	0
51	18	0	688686048	8	0
51	18	0	688686048	16	0
51	18	0	688686048	32	0
51	18	0	688686048	64	0
51	18	0	688686048	128	0
51	18	0	688686048	256	0
51	18	0	688686048	512	0
51	18	0	688686048	1024	0
51	18	0	688686048	2048	0
51	18	0	688686048	4096	0
51	18	0	688686048	8192	0
51	18	0	688686048	16384	0
51	18	0	688686048	32768	0
51	18	0	688686048	65536	0
51	18	0	688686048	131072	0
51	18	0	688686048	262144	0
51	18	0	688686048	524288	0
51	18	0	688686048	1048576	0
51	18	0	688686048	2097152	0
51	18	0	688686048	4194304	0
51	18	0	688686048	8388608	0
51	18	0	688686048	172171512	0
51	18	0	688686048	344343024	0
51	18	0	688686048	516514536	0
51	18	0	688686048	688686046	0
51	18	0	688686048	688686047	0
52	15	0	688686048	1	0
52	15	0	688686048	2	0
52	15	0	688686048	4	0
52	15	0	688686048	8	0
52	15	0	688686048	16	0
52	15	0	688686048	32	0
52	15	0	688686048	64	0
52	15	0	688686048	128	0
52	15	0	688686048	256	0
52	15	0	688686048	512	0
52	15	0	688686048	1024	0
52	15	0	688686048	2048	0
52	15	0	688686048	4096	0
52	15	0	688686048	8192	0
52	15	0	688686048	16384	0
52	15	0	688686048	32768	0
52	15	0	688686048	65536	0
52	15	0	688686048	131072	0
52	15	0	688686048	262144	0
52	15	0	688686048	524288	0
52	15	0	688686048	1048576	0
52	15	0	688686048	2097152	0
52	15	0	688686048	4194304	0
52	15	0	688686048	8388608	0
52	15	0	688686048	172171512	0
52	15	0	688686048	344343024	0
52	15	0	688686048	516514536	0
52	15	0	688686048	688686046	0
52	15	0	688686048	688686047	0
4	12	2	1219605600	1	0
4	12	2	1219605600	2	0
4	12	2	1219605600	4	0
4	12	2	1219605600	8	0
4	12	2	1219605600	16	0
4	12	2	1219605600	32	0
4	12	2	1219605600	64	0
4	12	2	1219605600	128	0
4	12	2	1219605600	256	0
4	12	2	1219605600	512	0
4	12	2	1219605600	1024	0
4	12	2	1219605600	2048	0
4	12	2	1219605600	4096	0
4	12	2	1219605600	8192	0
4	12	2	1219605600	16384	0
4	12	2	1219605600	32768	0
4	12	2	1219605600	65536	0
4	12	2	1219605600	131072	0
4	12	2	1219605600	262144	0
4	12	2	1219605600	524288	0
4	12	2	1219605600	1048576	0
4	12	2	1219605600	2097152	0
4	12	2	1219605600	4194304	0
4	12	2	1219605600	8388608	0
4	12	2	1219605600	304901400	0
4	12	2	1219605600	609802800	0
4	12	2	1219605600	914704200	0
4	12	2	1219605600	1219605598	0
4	12	2	1219605600	1219605599	0
4	19	2	1501390338	1	0
4	19	2	1501390338	2	0
4	19	2	1501390338	4	0
4	19	2	1501390338	8	0
4	19	2	1501390338	16	0
4	19	2	1501390338	32	0
4	19	2	1501390338	64	0
4	19	2	1501390338	128	0
4	19	2	1501390338	256	0
4	19	2	1501390338	512	0
4	19	2	1501390338	1024	0
4	19	2	1501390338	2048	0
4	19	2	1501390338	4096	0
4	19	2	1501390338	8192	0
4	19	2	1501390338	16384	0
4	19	2	1501390338	32768	0
4	19	2	1501390338	65536	0
4	19	2	1501390338	131072	0
4	19	2	1501390338	262144	0
4	19	2	1501390338	524288	0
4	19	2	1501390338	1048576	0
4	19	2	1501390338	2097152	0
4	19	2	1501390338	4194304	0
4	19	2	1501390338	8388608	0
4	19	2	1501390338	375347584	0
4	19	2	1501390338	750695169	0
4	19	2	1501390338	1126042753	0
4	19	2	1501390338	1501390336	0
4	19	2	1501390338	1501390337	0
4	19	5	2017132920	1	0
4	19	5	2017132920	2	0
4	19	5	2017132920	4	0
4	19	5	2017132920	8	0
4	19	5	2017132920	16	0
4	19	5	2017132920	32	0
4	19	5	2017132920	64	0
4	19	5	2017132920	128	0
4	19	5	2017132920	256	0
4	19	5	2017132920	512	0
4	19	5	2017132920	1024	0
4	19	5	2017132920	2048	0
4	19	5	2017132920	4096	0
4	19	5	2017132920	8192	0
4	19	5	2017132920	16384	0
4	19	5	2017132920	32768	0
4	19	5	2017132920	65536	0
4	19	5	2017132920	131072	0
4	19	5	2017132920	262144	0
4	19	5	2017132920	524288	0
4	19	5	2017132920	1048576	0
4	19	5	2017132920	2097152	0
4	19	5	2017132920	4194304	0
4	19	5	2017132920	8388608	0
4	19	5	2017132920	504283230	0
4	19	5	2017132920	1008566460	0
4	19	5	2017132920	1512849690	0
4	19	5	2017132920	2017132918	0
4	19	5	2017132920	2017132919	0
5	17	6	1219605600	1	0
5	17	6	1219605600	2	0
5	17	6	1219605600	4	0
5	17	6	1219605600	8	0
5	17	6	1219605600	16	0
5	17	6	1219605600	32	0
5	17	6	1219605600	64	0
5	17	6	1219605600	128	0
5	17	6	1219605600	256	0
5	17	6	1219605600	512	0
5	17	6	1219605600	1024	0
5	17	6	1219605600	2048	0
5	17	6	1219605600	4096	0
5	17	6	1219605600	8192	0
5	17	6	1219605600	16384	0
5	17	6	1219605600	32768	0
5	17	6	1219605600	65536	0
5	17	6	1219605600	131072	0
5	17	6	1219605600	262144	0
5	17	6	1219605600	524288	0
5	17	6	1219605600	1048576	0
5	17	6	1219605600	2097152	0
5	17	6	1219605600	4194304	0
5	17	6	1219605600	8388608	0
5	17	6	1219605600	304901400	0
5	17	6	1219605600	609802800	0
5	17	6	1219605600	914704200	0
5	17	6	1219605600	1219605598	0
5	17	6	1219605600	1219605599	0
5	19	2	1202893992	1	0
5	19	2	1202893992	2	0
5	19	2	1202893992	4	0
5	19	2	1202893992	8	0
5	19	2	1202893992	16	0
5	19	2	1202893992	32	0
5	19	2	1202893992	64	0
5	19	2	1202893992	128	0
5	19	2	1202893992	256	0
5	19	2	1202893992	512	0
5	19	2	1202893992	1024	0
5	19	2	1202893992	2048	0
5	19	2	1202893992	4096	0
5	19	2	1202893992	8192	0
5	19	2	1202893992	16384	0
5	19	2	1202893992	32768	0
5	19	2	1202893992	65536	0
5	19	2	1202893992	131072	0
5	19	2	1202893992	262144	0
5	19	2	1202893992	524288	0
5	19	2	1202893992	1048576	0
5	19	2	1202893992	2097152	0
5	19	2	1202893992	4194304	0
5	19	2	1202893992	8388608	0
5	19	2	1202893992	300723498	0
5	19	2	1202893992	601446996	0
5	19	2	1202893992	902170494	0
5	19	2	1202893992	1202893990	0
5	19	2	1202893992	1202893991	0
5	19	7	1202893992	1	0
5	19	7	1202893992	2	0
5	19	7	1202893992	4	0
5	19	7	1202893992	8	0
5	19	7	1202893992	16	0
5	19	7	1202893992	32	0
5	19	7	1202893992	64	0
5	19	7	1202893992	128	0
5	19	7	1202893992	256	0
5	19	7	1202893992	512	0
5	19	7	1202893992	1024	0
5	19	7	1202893992	2048	0
5	19	7	1202893992	4096	0
5	19	7	1202893992	8192	0
5	19	7	1202893992	16384	0
5	19	7	1202893992	32768	0
5	19	7	1202893992	65536	0
5	19	7	1202893992	131072	0
5	19	7	1202893992	262144	0
5	19	7	1202893992	524288	0
5	19	7	1202893992	1048576	0
5	19	7	1202893992	2097152	0
5	19	7	1202893992	4194304	0
5	19	7	1202893992	8388608	0
5	19	7	1202893992	300723498	0
5	19	7	1202893992	601446996	0
5	19	7	1202893992	902170494	0
5	19	7	1202893992	1202893990	0
5	19	7	1202893992	1202893991	0
6	18	7	1385794152	1	0
6	18	7	1385794152	2	0
6	18	7	1385794152	4	0
6	18	7	1385794152	8	0
6	18	7	1385794152	16	0
6	18	7	1385794152	32	0
6	18	7	1385794152	64	0
6	18	7	1385794152	128	0
6	18	7	1385794152	256	0
6	18	7	1385794152	512	0
6	18	7	1385794152	1024	0
6	18	7	1385794152	2048	0
6	18	7	1385794152	4096	0
6	18	7	1385794152	8192	0
6	18	7	1385794152	16384	0
6	18	7	1385794152	32768	0
6	18	7	1385794152	65536	0
6	18	7	1385794152	131072	0
6	18	7	1385794152	262144	0
6	18	7	1385794152	524288	0
6	18	7	1385794152	1048576	0
6	18	7	1385794152	2097152	0
6	18	7	1385794152	4194304	0
6	18	7	1385794152	8388608	0
6	18	7	1385794152	346448538	0
6	18	7	1385794152	692897076	0
6	18	7	1385794152	1039345614	0
6	18	7	1385794152	1385794150	0
6	18	7	1385794152	1385794151	0
6	19	6	1202893992	1	0
6	19	6	1202893992	2	0
6	19	6	1202893992	4	0
6	19	6	1202893992	8	0
6	19	6	1202893992	16	0
6	19	6	1202893992	32	0
6	19	6	1202893992	64	0
6	19	6	1202893992	128	0
6	19	6	1202893992	256	0
6	19	6	1202893992	512	0
6	19	6	1202893992	1024	0
6	19	6	1202893992	2048	0
6	19	6	1202893992	4096	0
6	19	6	1202893992	8192	0
6	19	6	1202893992	16384	0
6	19	6	1202893992	32768	0
6	19	6	1202893992	65536	0
6	19	6	1202893992	131072	0
6	19	6	1202893992	262144	0
6	19	6	1202893992	524288	0
6	19	6	1202893992	1048576	0
6	19	6	1202893992	2097152	0
6	19	6	1202893992	4194304	0
6	19	6	1202893992	8388608	0
6	19	6	1202893992	300723498	0
6	19	6	1202893992	601446996	0
6	19	6	1202893992	902170494	0
6	19	6	1202893992	1202893990	0
6	19	6	1202893992	1202893991	0
7	13	0	1219605600	1	0
7	13	0	1219605600	2	0
7	13	0	1219605600	4	0
7	13	0	1219605600	8	0
7	13	0	1219605600	16	0
7	13	0	1219605600	32	0
7	13	0	1219605600	64	0
7	13	0	1219605600	128	0
7	13	0	1219605600	256	0
7	13	0	1219605600	512	0
7	13	0	1219605600	1024	0
7	13	0	1219605600	2048	0
7	13	0	1219605600	4096	0
7	13	0	1219605600	8192	0
7	13	0	1219605600	16384	0
7	13	0	1219605600	32768	0
7	13	0	1219605600	65536	0
7	13	0	1219605600	131072	0
7	13	0	1219605600	262144	0
7	13	0	1219605600	524288	0
7	13	0	1219605600	1048576	0
7	13	0	1219605600	2097152	0
7	13	0	1219605600	4194304	0
7	13	0	1219605600	8388608	0
7	13	0	1219605600	304901400	0
7	13	0	1219605600	609802800	0
7	13	0	1219605600	914704200	0
7	13	0	1219605600	1219605598	0
7	13	0	1219605600	1219605599	0
8	20	2	1854105484	1	0
8	20	2	1854105484	2	0
8	20	2	1854105484	4	0
8	20	2	1854105484	8	0
8	20	2	1854105484	16	0
8	20	2	1854105484	32	0
8	20	2	1854105484	64	0
8	20	2	1854105484	128	0
8	20	2	1854105484	256	0
8	20	2	1854105484	512	0
8	20	2	1854105484	1024	0
8	20	2	1854105484	2048	0
8	20	2	1854105484	4096	0
8	20	2	1854105484	8192	0
8	20	2	1854105484	16384	0
8	20	2	1854105484	32768	0
8	20	2	1854105484	65536	0
8	20	2	1854105484	131072	0
8	20	2	1854105484	262144	0
8	20	2	1854105484	524288	0
8	20	2	1854105484	1048576	0
8	20	2	1854105484	2097152	0
8	20	2	1854105484	4194304	0
8	20	2	1854105484	8388608	0
8	20	2	1854105484	463526371	0
8	20	2	1854105484	927052742	0
8	20	2	1854105484	1390579113	0
8	20	2	1854105484	1854105482	0
8	20	2	1854105484	1854105483	0
9	11	0	1219605600	1	0
9	11	0	1219605600	2	0
9	11	0	1219605600	4	0
9	11	0	1219605600	8	0
9	11	0	1219605600	16	0
9	11	0	1219605600	32	0
9	11	0	1219605600	64	0
9	11	0	1219605600	128	0
9	11	0	1219605600	256	0
9	11	0	1219605600	512	0
9	11	0	1219605600	1024	0
9	11	0	1219605600	2048	0
9	11	0	1219605600	4096	0
9	11	0	1219605600	8192	0
9	11	0	1219605600	16384	0
9	11	0	1219605600	32768	0
9	11	0	1219605600	65536	0
9	11	0	1219605600	131072	0
9	11	0	1219605600	262144	0
9	11	0	1219605600	524288	0
9	11	0	1219605600	1048576	0
9	11	0	1219605600	2097152	0
9	11	0	1219605600	4194304	0
9	11	0	1219605600	8388608	0
9	11	0	1219605600	304901400	0
9	11	0	1219605600	609802800	0
9	11	0	1219605600	914704200	0
9	11	0	1219605600	1219605598	0
9	11	0	1219605600	1219605599	0
9	15	0	1385794152	1	0
9	15	0	1385794152	2	0
9	15	0	1385794152	4	0
9	15	0	1385794152	8	0
9	15	0	1385794152	16	0
9	15	0	1385794152	32	0
9	15	0	1385794152	64	0
9	15	0	1385794152	128	0
9	15	0	1385794152	256	0
9	15	0	1385794152	512	0
9	15	0	1385794152	1024	0
9	15	0	1385794152	2048	0
9	15	0	1385794152	4096	0
9	15	0	1385794152	8192	0
9	15	0	1385794152	16384	0
9	15	0	1385794152	32768	0
9	15	0	1385794152	65536	0
9	15	0	1385794152	131072	0
9	15	0	1385794152	262144	0
9	15	0	1385794152	524288	0
9	15	0	1385794152	1048576	0
9	15	0	1385794152	2097152	0
9	15	0	1385794152	4194304	0
9	15	0	1385794152	8388608	0
9	15	0	1385794152	346448538	0
9	15	0	1385794152	692897076	0
9	15	0	1385794152	1039345614	0
9	15	0	1385794152	1385794150	0
9	15	0	1385794152	1385794151	0
9	19	0	1202893992	1	0
9	19	0	1202893992	2	0
9	19	0	1202893992	4	0
9	19	0	1202893992	8	0
9	19	0	1202893992	16	0
9	19	0	1202893992	32	0
9	19	0	1202893992	64	0
9	19	0	1202893992	128	0
9	19	0	1202893992	256	0
9	19	0	1202893992	512	0
9	19	0	1202893992	1024	0
9	19	0	1202893992	2048	0
9	19	0	1202893992	4096	0
9	19	0	1202893992	8192	0
9	19	0	1202893992	16384	0
9	19	0	1202893992	32768	0
9	19	0	1202893992	65536	0
9	19	0	1202893992	131072	0
9	19	0	1202893992	262144	0
9	19	0	1202893992	524288	0
9	19	0	1202893992	1048576	0
9	19	0	1202893992	2097152	0
9	19	0	1202893992	4194304	0
9	19	0	1202893992	8388608	0
9	19	0	1202893992	300723498	0
9	19	0	1202893992	601446996	0
9	19	0	1202893992	902170494	0
9	19	0	1202893992	1202893990	0
9	19	0	1202893992	1202893991	0
9	19	4	1202893992	1	0
9	19	4	1202893992	2	0
9	19	4	1202893992	4	0
9	19	4	1202893992	8	0
9	19	4	1202893992	16	0
9	19	4	1202893992	32	0
9	19	4	1202893992	64	0
9	19	4	1202893992	128	0
9	19	4	1202893992	256	0
9	19	4	1202893992	512	0
9	19	4	1202893992	1024	0
9	19	4	1202893992	2048	0
9	19	4	1202893992	4096	0
9	19	4	1202893992	8192	0
9	19	4	1202893992	16384	0
9	19	4	1202893992	32768	0
9	19	4	1202893992	65536	0
9	19	4	1202893992	131072	0
9	19	4	1202893992	262144	0
9	19	4	1202893992	524288	0
9	19	4	1202893992	1048576	0
9	19	4	1202893992	2097152	0
9	19	4	1202893992	4194304	0
9	19	4	1202893992	8388608	0
9	19	4	1202893992	300723498	0
9	19	4	1202893992	601446996	0
9	19	4	1202893992	902170494	0
9	19	4	1202893992	1202893990	0
9	19	4	1202893992	1202893991	0
9	20	2	1408193776	1	0
9	20	2	1408193776	2	0
9	20	2	1408193776	4	0
9	20	2	1408193776	8	0
9	20	2	1408193776	16	0
9	20	2	1408193776	32	0
9	20	2	1408193776	64	0
9	20	2	1408193776	128	0
9	20	2	1408193776	256	0
9	20	2	1408193776	512	0
9	20	2	1408193776	1024	0
9	20	2	1408193776	2048	0
9	20	2	1408193776	4096	0
9	20	2	1408193776	8192	0
9	20	2	1408193776	16384	0
9	20	2	1408193776	32768	0
9	20	2	1408193776	65536	0
9	20	2	1408193776	131072	0
9	20	2	1408193776	262144	0
9	20	2	1408193776	524288	0
9	20	2	1408193776	1048576	0
9	20	2	1408193776	2097152	0
9	20	2	1408193776	4194304	0
9	20	2	1408193776	8388608	0
9	20	2	1408193776	352048444	0
9	20	2	1408193776	704096888	0
9	20	2	1408193776	1056145332	0
9	20	2	1408193776	1408193774	0
9	20	2	1408193776	1408193775	0
10	10	0	1219605600	1	0
10	10	0	1219605600	2	0
10	10	0	1219605600	4	0
10	10	0	1219605600	8	0
10	10	0	1219605600	16	0
10	10	0	1219605600	32	0
10	10	0	1219605600	64	0
10	10	0	1219605600	128	0
10	10	0	1219605600	256	0
10	10	0	1219605600	512	0
10	10	0	1219605600	1024	0
10	10	0	1219605600	2048	0
10	10	0	1219605600	4096	0
10	10	0	1219605600	8192	0
10	10	0	1219605600	16384	0
10	10	0	1219605600	32768	0
10	10	0	1219605600	65536	0
10	10	0	1219605600	131072	0
10	10	0	1219605600	262144	0
10	10	0	1219605600	524288	0
10	10	0	1219605600	1048576	0
10	10	0	1219605600	2097152	0
10	10	0	1219605600	4194304	0
10	10	0	1219605600	8388608	0
10	10	0	1219605600	304901400	0
10	10	0	1219605600	609802800	0
10	10	0	1219605600	914704200	0
10	10	0	1219605600	1219605598	0
10	10	0	1219605600	1219605599	0
10	18	4	1091884544	1	0
10	18	4	1091884544	2	0
10	18	4	1091884544	4	0
10	18	4	1091884544	8	0
10	18	4	1091884544	16	0
10	18	4	1091884544	32	0
10	18	4	1091884544	64	0
10	18	4	1091884544	128	0
10	18	4	1091884544	256	0
10	18	4	1091884544	512	0
10	18	4	1091884544	1024	0
10	18	4	1091884544	2048	0
10	18	4	1091884544	4096	0
10	18	4	1091884544	8192	0
10	18	4	1091884544	16384	0
10	18	4	1091884544	32768	0
10	18	4	1091884544	65536	0
10	18	4	1091884544	131072	0
10	18	4	1091884544	262144	0
10	18	4	1091884544	524288	0
10	18	4	1091884544	1048576	0
10	18	4	1091884544	2097152	0
10	18	4	1091884544	4194304	0
10	18	4	1091884544	8388608	0
10	18	4	1091884544	272971136	0
10	18	4	1091884544	545942272	0
10	18	4	1091884544	818913408	0
10	18	4	1091884544	1091884542	0
10	18	4	1091884544	1091884543	0
11	10	0	1219605600	1	0
11	10	0	1219605600	2	0
11	10	0	1219605600	4	0
11	10	0	1219605600	8	0
11	10	0	1219605600	16	0
11	10	0	1219605600	32	0
11	10	0	1219605600	64	0
11	10	0	1219605600	128	0
11	10	0	1219605600	256	0
11	10	0	1219605600	512	0
11	10	0	1219605600	1024	0
11	10	0	1219605600	2048	0
11	10	0	1219605600	4096	0
11	10	0	1219605600	8192	0
11	10	0	1219605600	16384	0
11	10	0	1219605600	32768	0
11	10	0	1219605600	65536	0
11	10	0	1219605600	131072	0
11	10	0	1219605600	262144	0
11	10	0	1219605600	524288	0
11	10	0	1219605600	1048576	0
11	10	0	1219605600	2097152	0
11	10	0	1219605600	4194304	0
11	10	0	1219605600	8388608	0
11	10	0	1219605600	304901400	0
11	10	0	1219605600	609802800	0
11	10	0	1219605600	914704200	0
11	10	0	1219605600	1219605598	0
11	10	0	1219605600	1219605599	0
11	11	0	1219605600	1	0
11	11	0	1219605600	2	0
11	11	0	1219605600	4	0
11	11	0	1219605600	8	0
11	11	0	1219605600	16	0
11	11	0	1219605600	32	0
11	11	0	1219605600	64	0
11	11	0	1219605600	128	0
11	11	0	1219605600	256	0
11	11	0	1219605600	512	0
11	11	0	1219605600	1024	0
11	11	0	1219605600	2048	0
11	11	0	1219605600	4096	0
11	11	0	1219605600	8192	0
11	11	0	1219605600	16384	0
11	11	0	1219605600	32768	0
11	11	0	1219605600	65536	0
11	11	0	1219605600	131072	0
11	11	0	1219605600	262144	0
11	11	0	1219605600	524288	0
11	11	0	1219605600	1048576	0
11	11	0	1219605600	2097152	0
11	11	0	1219605600	4194304	0
11	11	0	1219605600	8388608	0
11	11	0	1219605600	304901400	0
11	11	0	1219605600	609802800	0
11	11	0	1219605600	914704200	0
11	11	0	1219605600	1219605598	0
11	11	0	1219605600	1219605599	0
11	13	0	1219605600	1	0
11	13	0	1219605600	2	0
11	13	0	1219605600	4	0
11	13	0	1219605600	8	0
11	13	0	1219605600	16	0
11	13	0	1219605600	32	0
11	13	0	1219605600	64	0
11	13	0	1219605600	128	0
11	13	0	1219605600	256	0
11	13	0	1219605600	512	0
11	13	0	1219605600	1024	0
11	13	0	1219605600	2048	0
11	13	0	1219605600	4096	0
11	13	0	1219605600	8192	0
11	13	0	1219605600	16384	0
11	13	0	1219605600	32768	0
11	13	0	1219605600	65536	0
11	13	0	1219605600	131072	0
11	13	0	1219605600	262144	0
11	13	0	1219605600	524288	0
11	13	0	1219605600	1048576	0
11	13	0	1219605600	2097152	0
11	13	0	1219605600	4194304	0
11	13	0	1219605600	8388608	0
11	13	0	1219605600	304901400	0
11	13	0	1219605600	609802800	0
11	13	0	1219605600	914704200	0
11	13	0	1219605600	1219605598	0
11	13	0	1219605600	1219605599	0
12	11	0	1219605600	1	0
12	11	0	1219605600	2	0
12	11	0	1219605600	4	0
12	11	0	1219605600	8	0
12	11	0	1219605600	16	0
12	11	0	1219605600	32	0
12	11	0	1219605600	64	0
12	11	0	1219605600	128	0
12	11	0	1219605600	256	0
12	11	0	1219605600	512	0
12	11	0	1219605600	1024	0
12	11	0	1219605600	2048	0
12	11	0	1219605600	4096	0
12	11	0	1219605600	8192	0
12	11	0	1219605600	16384	0
12	11	0	1219605600	32768	0
12	11	0	1219605600	65536	0
12	11	0	1219605600	131072	0
12	11	0	1219605600	262144	0
12	11	0	1219605600	524288	0
12	11	0	1219605600	1048576	0
12	11	0	1219605600	2097152	0
12	11	0	1219605600	4194304	0
12	11	0	1219605600	8388608	0
12	11	0	1219605600	304901400	0
12	11	0	1219605600	609802800	0
12	11	0	1219605600	914704200	0
12	11	0	1219605600	1219605598	0
12	11	0	1219605600	1219605599	0
13	10	0	1219605600	1	0
13	10	0	1219605600	2	0
13	10	0	1219605600	4	0
13	10	0	1219605600	8	0
13	10	0	1219605600	16	0
13	10	0	1219605600	32	0
13	10	0	1219605600	64	0
13	10	0	1219605600	128	0
13	10	0	1219605600	256	0
13	10	0	1219605600	512	0
13	10	0	1219605600	1024	0
13	10	0	1219605600	2048	0
13	10	0	1219605600	4096	0
13	10	0	1219605600	8192	0
13	10	0	1219605600	16384	0
13	10	0	1219605600	32768	0
13	10	0	1219605600	65536	0
13	10	0	1219605600	131072	0
13	10	0	1219605600	262144	0
13	10	0	1219605600	524288	0
13	10	0	1219605600	1048576	0
13	10	0	1219605600	2097152	0
13	10	0	1219605600	4194304	0
13	10	0	1219605600	8388608	0
13	10	0	1219605600	304901400	0
13	10	0	1219605600	609802800	0
13	10	0	1219605600	914704200	0
13	10	0	1219605600	1219605598	0
13	10	0	1219605600	1219605599	0
13	11	0	1219605600	1	0
13	11	0	1219605600	2	0
13	11	0	1219605600	4	0
13	11	0	1219605600	8	0
13	11	0	1219605600	16	0
13	11	0	1219605600	32	0
13	11	0	1219605600	64	0
13	11	0	1219605600	128	0
13	11	0	1219605600	256	0
13	11	0	1219605600	512	0
13	11	0	1219605600	1024	0
13	11	0	1219605600	2048	0
13	11	0	1219605600	4096	0
13	11	0	1219605600	8192	0
13	11	0	1219605600	16384	0
13	11	0	1219605600	32768	0
13	11	0	1219605600	65536	0
13	11	0	1219605600	131072	0
13	11	0	1219605600	262144	0
13	11	0	1219605600	524288	0
13	11	0	1219605600	1048576	0
13	11	0	1219605600	2097152	0
13	11	0	1219605600	4194304	0
13	11	0	1219605600	8388608	0
13	11	0	1219605600	304901400	0
13	11	0	1219605600	609802800	0
13	11	0	1219605600	914704200	0
13	11	0	1219605600	1219605598	0
13	11	0	1219605600	1219605599	0
13	12	0	1219605600	1	0
13	12	0	1219605600	2	0
13	12	0	1219605600	4	0
13	12	0	1219605600	8	0
13	12	0	1219605600	16	0
13	12	0	1219605600	32	0
13	12	0	1219605600	64	0
13	12	0	1219605600	128	0
13	12	0	1219605600	256	0
13	12	0	1219605600	512	0
13	12	0	1219605600	1024	0
13	12	0	1219605600	2048	0
13	12	0	1219605600	4096	0
13	12	0	1219605600	8192	0
13	12	0	1219605600	16384	0
13	12	0	1219605600	32768	0
13	12	0	1219605600	65536	0
13	12	0	1219605600	131072	0
13	12	0	1219605600	262144	0
13	12	0	1219605600	524288	0
13	12	0	1219605600	1048576	0
13	12	0	1219605600	2097152	0
13	12	0	1219605600	4194304	0
13	12	0	1219605600	8388608	0
13	12	0	1219605600	304901400	0
13	12	0	1219605600	609802800	0
13	12	0	1219605600	914704200	0
13	12	0	1219605600	1219605598	0
13	12	0	1219605600	1219605599	0
15	12	2	1219605600	1	0
15	12	2	1219605600	2	0
15	12	2	1219605600	4	0
15	12	2	1219605600	8	0
15	12	2	1219605600	16	0
15	12	2	1219605600	32	0
15	12	2	1219605600	64	0
15	12	2	1219605600	128	0
15	12	2	1219605600	256	0
15	12	2	1219605600	512	0
15	12	2	1219605600	1024	0
15	12	2	1219605600	2048	0
15	12	2	1219605600	4096	0
15	12	2	1219605600	8192	0
15	12	2	1219605600	16384	0
15	12	2	1219605600	32768	0
15	12	2	1219605600	65536	0
15	12	2	1219605600	131072	0
15	12	2	1219605600	262144	0
15	12	2	1219605600	524288	0
15	12	2	1219605600	1048576	0
15	12	2	1219605600	2097152	0
15	12	2	1219605600	4194304	0
15	12	2	1219605600	8388608	0
15	12	2	1219605600	304901400	0
15	12	2	1219605600	609802800	0
15	12	2	1219605600	914704200	0
15	12	2	1219605600	1219605598	0
15	12	2	1219605600	1219605599	0
15	17	0	1219605600	1	0
15	17	0	1219605600	2	0
15	17	0	1219605600	4	0
15	17	0	1219605600	8	0
15	17	0	1219605600	16	0
15	17	0	1219605600	32	0
15	17	0	1219605600	64	0
15	17	0	1219605600	128	0
15	17	0	1219605600	256	0
15	17	0	1219605600	512	0
15	17	0	1219605600	1024	0
15	17	0	1219605600	2048	0
15	17	0	1219605600	4096	0
15	17	0	1219605600	8192	0
15	17	0	1219605600	16384	0
15	17	0	1219605600	32768	0
15	17	0	1219605600	65536	0
15	17	0	1219605600	131072	0
15	17	0	1219605600	262144	0
15	17	0	1219605600	524288	0
15	17	0	1219605600	1048576	0
15	17	0	1219605600	2097152	0
15	17	0	1219605600	4194304	0
15	17	0	1219605600	8388608	0
15	17	0	1219605600	304901400	0
15	17	0	1219605600	609802800	0
15	17	0	1219605600	914704200	0
15	17	0	1219605600	1219605598	0
15	17	0	1219605600	1219605599	0
15	19	0	1202893992	1	0
15	19	0	1202893992	2	0
15	19	0	1202893992	4	0
15	19	0	1202893992	8	0
15	19	0	1202893992	16	0
15	19	0	1202893992	32	0
15	19	0	1202893992	64	0
15	19	0	1202893992	128	0
15	19	0	1202893992	256	0
15	19	0	1202893992	512	0
15	19	0	1202893992	1024	0
15	19	0	1202893992	2048	0
15	19	0	1202893992	4096	0
15	19	0	1202893992	8192	0
15	19	0	1202893992	16384	0
15	19	0	1202893992	32768	0
15	19	0	1202893992	65536	0
15	19	0	1202893992	131072	0
15	19	0	1202893992	262144	0
15	19	0	1202893992	524288	0
15	19	0	1202893992	1048576	0
15	19	0	1202893992	2097152	0
15	19	0	1202893992	4194304	0
15	19	0	1202893992	8388608	0
15	19	0	1202893992	300723498	0
15	19	0	1202893992	601446996	0
15	19	0	1202893992	902170494	0
15	19	0	1202893992	1202893990	0
15	19	0	1202893992	1202893991	0
16	14	0	1219605600	1	0
16	14	0	1219605600	2	0
16	14	0	1219605600	4	0
16	14	0	1219605600	8	0
16	14	0	1219605600	16	0
16	14	0	1219605600	32	0
16	14	0	1219605600	64	0
16	14	0	1219605600	128	0
16	14	0	1219605600	256	0
16	14	0	1219605600	512	0
16	14	0	1219605600	1024	0
16	14	0	1219605600	2048	0
16	14	0	1219605600	4096	0
16	14	0	1219605600	8192	0
16	14	0	1219605600	16384	0
16	14	0	1219605600	32768	0
16	14	0	1219605600	65536	0
16	14	0	1219605600	131072	0
16	14	0	1219605600	262144	0
16	14	0	1219605600	524288	0
16	14	0	1219605600	1048576	0
16	14	0	1219605600	2097152	0
16	14	0	1219605600	4194304	0
16	14	0	1219605600	8388608	0
16	14	0	1219605600	304901400	0
16	14	0	1219605600	609802800	0
16	14	0	1219605600	914704200	0
16	14	0	1219605600	1219605598	0
16	14	0	1219605600	1219605599	0
16	14	1	1219605600	1	0
16	14	1	1219605600	2	0
16	14	1	1219605600	4	0
16	14	1	1219605600	8	0
16	14	1	1219605600	16	0
16	14	1	1219605600	32	0
16	14	1	1219605600	64	0
16	14	1	1219605600	128	0
16	14	1	1219605600	256	0
16	14	1	1219605600	512	0
16	14	1	1219605600	1024	0
16	14	1	1219605600	2048	0
16	14	1	1219605600	4096	0
16	14	1	1219605600	8192	0
16	14	1	1219605600	16384	0
16	14	1	1219605600	32768	0
16	14	1	1219605600	65536	0
16	14	1	1219605600	131072	0
16	14	1	1219605600	262144	0
16	14	1	1219605600	524288	0
16	14	1	1219605600	1048576	0
16	14	1	1219605600	2097152	0
16	14	1	1219605600	4194304	0
16	14	1	1219605600	8388608	0
16	14	1	1219605600	304901400	0
16	14	1	1219605600	609802800	0
16	14	1	1219605600	914704200	0
16	14	1	1219605600	1219605598	0
16	14	1	1219605600	1219605599	0
16	17	0	1219605600	1	0
16	17	0	1219605600	2	0
16	17	0	1219605600	4	0
16	17	0	1219605600	8	0
16	17	0	1219605600	16	0
16	17	0	1219605600	32	0
16	17	0	1219605600	64	0
16	17	0	1219605600	128	0
16	17	0	1219605600	256	0
16	17	0	1219605600	512	0
16	17	0	1219605600	1024	0
16	17	0	1219605600	2048	0
16	17	0	1219605600	4096	0
16	17	0	1219605600	8192	0
16	17	0	1219605600	16384	0
16	17	0	1219605600	32768	0
16	17	0	1219605600	65536	0
16	17	0	1219605600	131072	0
16	17	0	1219605600	262144	0
16	17	0	1219605600	524288	0
16	17	0	1219605600	1048576	0
16	17	0	1219605600	2097152	0
16	17	0	1219605600	4194304	0
16	17	0	1219605600	8388608	0
16	17	0	1219605600	304901400	0
16	17	0	1219605600	609802800	0
16	17	0	1219605600	914704200	0
16	17	0	1219605600	1219605598	0
16	17	0	1219605600	1219605599	0
4	15	3	4003707568	1	0
4	15	3	4003707568	2	0
4	15	3	4003707568	4	0
4	15	3	4003707568	8	0
4	15	3	4003707568	16	0
4	15	3	4003707568	32	0
4	15	3	4003707568	64	0
4	15	3	4003707568	128	0
4	15	3	4003707568	256	0
4	15	3	4003707568	512	0
4	15	3	4003707568	1024	0
4	15	3	4003707568	2048	0
4	15	3	4003707568	4096	0
4	15	3	4003707568	8192	0
4	15	3	4003707568	16384	0
4	15	3	4003707568	32768	0
4	15	3	4003707568	65536	0
4	15	3	4003707568	131072	0
4	15	3	4003707568	262144	0
4	15	3	4003707568	524288	0
4	15	3	4003707568	1048576	0
4	15	3	4003707568	2097152	0
4	15	3	4003707568	4194304	0
4	15	3	4003707568	8388608	0
4	15	3	4003707568	1000926892	0
4	15	3	4003707568	2001853784	0
4	15	3	4003707568	3002780676	0
4	15	3	4003707568	4003707566	0
4	15	3	4003707568	4003707567	0
4	18	5	4003707568	1	0
4	18	5	4003707568	2	0
4	18	5	4003707568	4	0
4	18	5	4003707568	8	0
4	18	5	4003707568	16	0
4	18	5	4003707568	32	0
4	18	5	4003707568	64	0
4	18	5	4003707568	128	0
4	18	5	4003707568	256	0
4	18	5	4003707568	512	0
4	18	5	4003707568	1024	0
4	18	5	4003707568	2048	0
4	18	5	4003707568	4096	0
4	18	5	4003707568	8192	0
4	18	5	4003707568	16384	0
4	18	5	4003707568	32768	0
4	18	5	4003707568	65536	0
4	18	5	4003707568	131072	0
4	18	5	4003707568	262144	0
4	18	5	4003707568	524288	0
4	18	5	4003707568	1048576	0
4	18	5	4003707568	2097152	0
4	18	5	4003707568	4194304	0
4	18	5	4003707568	8388608	0
4	18	5	4003707568	1000926892	0
4	18	5	4003707568	2001853784	0
4	18	5	4003707568	3002780676	0
4	18	5	4003707568	4003707566	0
4	18	5	4003707568	4003707567	0
4	19	0	2818849698	1	0
4	19	0	2818849698	2	0
4	19	0	2818849698	4	0
4	19	0	2818849698	8	0
4	19	0	2818849698	16	0
4	19	0	2818849698	32	0
4	19	0	2818849698	64	0
4	19	0	2818849698	128	0
4	19	0	2818849698	256	0
4	19	0	2818849698	512	0
4	19	0	2818849698	1024	0
4	19	0	2818849698	2048	0
4	19	0	2818849698	4096	0
4	19	0	2818849698	8192	0
4	19	0	2818849698	16384	0
4	19	0	2818849698	32768	0
4	19	0	2818849698	65536	0
4	19	0	2818849698	131072	0
4	19	0	2818849698	262144	0
4	19	0	2818849698	524288	0
4	19	0	2818849698	1048576	0
4	19	0	2818849698	2097152	0
4	19	0	2818849698	4194304	0
4	19	0	2818849698	8388608	0
4	19	0	2818849698	704712424	0
4	19	0	2818849698	1409424849	0
4	19	0	2818849698	2114137273	0
4	19	0	2818849698	2818849696	0
4	19	0	2818849698	2818849697	0
5	18	2	2681291520	1	0
5	18	2	2681291520	2	0
5	18	2	2681291520	4	0
5	18	2	2681291520	8	0
5	18	2	2681291520	16	0
5	18	2	2681291520	32	0
5	18	2	2681291520	64	0
5	18	2	2681291520	128	0
5	18	2	2681291520	256	0
5	18	2	2681291520	512	0
5	18	2	2681291520	1024	0
5	18	2	2681291520	2048	0
5	18	2	2681291520	4096	0
5	18	2	2681291520	8192	0
5	18	2	2681291520	16384	0
5	18	2	2681291520	32768	0
5	18	2	2681291520	65536	0
5	18	2	2681291520	131072	0
5	18	2	2681291520	262144	0
5	18	2	2681291520	524288	0
5	18	2	2681291520	1048576	0
5	18	2	2681291520	2097152	0
5	18	2	2681291520	4194304	0
5	18	2	2681291520	8388608	0
5	18	2	2681291520	670322880	0
5	18	2	2681291520	1340645760	0
5	18	2	2681291520	2010968640	0
5	18	2	2681291520	2681291518	0
5	18	2	2681291520	2681291519	0
5	18	7	2681291520	1	0
5	18	7	2681291520	2	0
5	18	7	2681291520	4	0
5	18	7	2681291520	8	0
5	18	7	2681291520	16	0
5	18	7	2681291520	32	0
5	18	7	2681291520	64	0
5	18	7	2681291520	128	0
5	18	7	2681291520	256	0
5	18	7	2681291520	512	0
5	18	7	2681291520	1024	0
5	18	7	2681291520	2048	0
5	18	7	2681291520	4096	0
5	18	7	2681291520	8192	0
5	18	7	2681291520	16384	0
5	18	7	2681291520	32768	0
5	18	7	2681291520	65536	0
5	18	7	2681291520	131072	0
5	18	7	2681291520	262144	0
5	18	7	2681291520	524288	0
5	18	7	2681291520	1048576	0
5	18	7	2681291520	2097152	0
5	18	7	2681291520	4194304	0
5	18	7	2681291520	8388608	0
5	18	7	2681291520	670322880	0
5	18	7	2681291520	1340645760	0
5	18	7	2681291520	2010968640	0
5	18	7	2681291520	2681291518	0
5	18	7	2681291520	2681291519	0
5	18	8	2681291520	1	0
5	18	8	2681291520	2	0
5	18	8	2681291520	4	0
5	18	8	2681291520	8	0
5	18	8	2681291520	16	0
5	18	8	2681291520	32	0
5	18	8	2681291520	64	0
5	18	8	2681291520	128	0
5	18	8	2681291520	256	0
5	18	8	2681291520	512	0
5	18	8	2681291520	1024	0
5	18	8	2681291520	2048	0
5	18	8	2681291520	4096	0
5	18	8	2681291520	8192	0
5	18	8	2681291520	16384	0
5	18	8	2681291520	32768	0
5	18	8	2681291520	65536	0
5	18	8	2681291520	131072	0
5	18	8	2681291520	262144	0
5	18	8	2681291520	524288	0
5	18	8	2681291520	1048576	0
5	18	8	2681291520	2097152	0
5	18	8	2681291520	4194304	0
5	18	8	2681291520	8388608	0
5	18	8	2681291520	670322880	0
5	18	8	2681291520	1340645760	0
5	18	8	2681291520	2010968640	0
5	18	8	2681291520	2681291518	0
5	18	8	2681291520	2681291519	0
5	19	3	4196289420	1	0
5	19	3	4196289420	2	0
5	19	3	4196289420	4	0
5	19	3	4196289420	8	0
5	19	3	4196289420	16	0
5	19	3	4196289420	32	0
5	19	3	4196289420	64	0
5	19	3	4196289420	128	0
5	19	3	4196289420	256	0
5	19	3	4196289420	512	0
5	19	3	4196289420	1024	0
5	19	3	4196289420	2048	0
5	19	3	4196289420	4096	0
5	19	3	4196289420	8192	0
5	19	3	4196289420	16384	0
5	19	3	4196289420	32768	0
5	19	3	4196289420	65536	0
5	19	3	4196289420	131072	0
5	19	3	4196289420	262144	0
5	19	3	4196289420	524288	0
5	19	3	4196289420	1048576	0
5	19	3	4196289420	2097152	0
5	19	3	4196289420	4194304	0
5	19	3	4196289420	8388608	0
5	19	3	4196289420	1049072355	0
5	19	3	4196289420	2098144710	0
5	19	3	4196289420	3147217065	0
5	19	3	4196289420	4196289418	0
5	19	3	4196289420	4196289419	0
6	12	2	3575055360	1	0
6	12	2	3575055360	2	0
6	12	2	3575055360	4	0
6	12	2	3575055360	8	0
6	12	2	3575055360	16	0
6	12	2	3575055360	32	0
6	12	2	3575055360	64	0
6	12	2	3575055360	128	0
6	12	2	3575055360	256	0
6	12	2	3575055360	512	0
6	12	2	3575055360	1024	0
6	12	2	3575055360	2048	0
6	12	2	3575055360	4096	0
6	12	2	3575055360	8192	0
6	12	2	3575055360	16384	0
6	12	2	3575055360	32768	0
6	12	2	3575055360	65536	0
6	12	2	3575055360	131072	0
6	12	2	3575055360	262144	0
6	12	2	3575055360	524288	0
6	12	2	3575055360	1048576	0
6	12	2	3575055360	2097152	0
6	12	2	3575055360	4194304	0
6	12	2	3575055360	8388608	0
6	12	2	3575055360	893763840	0
6	12	2	3575055360	1787527680	0
6	12	2	3575055360	2681291520	0
6	12	2	3575055360	3575055358	0
6	12	2	3575055360	3575055359	0
6	18	0	2818205280	1	0
6	18	0	2818205280	2	0
6	18	0	2818205280	4	0
6	18	0	2818205280	8	0
6	18	0	2818205280	16	0
6	18	0	2818205280	32	0
6	18	0	2818205280	64	0
6	18	0	2818205280	128	0
6	18	0	2818205280	256	0
6	18	0	2818205280	512	0
6	18	0	2818205280	1024	0
6	18	0	2818205280	2048	0
6	18	0	2818205280	4096	0
6	18	0	2818205280	8192	0
6	18	0	2818205280	16384	0
6	18	0	2818205280	32768	0
6	18	0	2818205280	65536	0
6	18	0	2818205280	131072	0
6	18	0	2818205280	262144	0
6	18	0	2818205280	524288	0
6	18	0	2818205280	1048576	0
6	18	0	2818205280	2097152	0
6	18	0	2818205280	4194304	0
6	18	0	2818205280	8388608	0
6	18	0	2818205280	704551320	0
6	18	0	2818205280	1409102640	0
6	18	0	2818205280	2113653960	0
6	18	0	2818205280	2818205278	0
6	18	0	2818205280	2818205279	0
6	18	1	2818205280	1	0
6	18	1	2818205280	2	0
6	18	1	2818205280	4	0
6	18	1	2818205280	8	0
6	18	1	2818205280	16	0
6	18	1	2818205280	32	0
6	18	1	2818205280	64	0
6	18	1	2818205280	128	0
6	18	1	2818205280	256	0
6	18	1	2818205280	512	0
6	18	1	2818205280	1024	0
6	18	1	2818205280	2048	0
6	18	1	2818205280	4096	0
6	18	1	2818205280	8192	0
6	18	1	2818205280	16384	0
6	18	1	2818205280	32768	0
6	18	1	2818205280	65536	0
6	18	1	2818205280	131072	0
6	18	1	2818205280	262144	0
6	18	1	2818205280	524288	0
6	18	1	2818205280	1048576	0
6	18	1	2818205280	2097152	0
6	18	1	2818205280	4194304	0
6	18	1	2818205280	8388608	0
6	18	1	2818205280	704551320	0
6	18	1	2818205280	1409102640	0
6	18	1	2818205280	2113653960	0
6	18	1	2818205280	2818205278	0
6	18	1	2818205280	2818205279	0
6	18	3	2818205280	1	0
6	18	3	2818205280	2	0
6	18	3	2818205280	4	0
6	18	3	2818205280	8	0
6	18	3	2818205280	16	0
6	18	3	2818205280	32	0
6	18	3	2818205280	64	0
6	18	3	2818205280	128	0
6	18	3	2818205280	256	0
6	18	3	2818205280	512	0
6	18	3	2818205280	1024	0
6	18	3	2818205280	2048	0
6	18	3	2818205280	4096	0
6	18	3	2818205280	8192	0
6	18	3	2818205280	16384	0
6	18	3	2818205280	32768	0
6	18	3	2818205280	65536	0
6	18	3	2818205280	131072	0
6	18	3	2818205280	262144	0
6	18	3	2818205280	524288	0
6	18	3	2818205280	1048576	0
6	18	3	2818205280	2097152	0
6	18	3	2818205280	4194304	0
6	18	3	2818205280	8388608	0
6	18	3	2818205280	704551320	0
6	18	3	2818205280	1409102640	0
6	18	3	2818205280	2113653960	0
6	18	3	2818205280	2818205278	0
6	18	3	2818205280	2818205279	0
6	18	4	2818205280	1	0
6	18	4	2818205280	2	0
6	18	4	2818205280	4	0
6	18	4	2818205280	8	0
6	18	4	2818205280	16	0
6	18	4	2818205280	32	0
6	18	4	2818205280	64	0
6	18	4	2818205280	128	0
6	18	4	2818205280	256	0
6	18	4	2818205280	512	0
6	18	4	2818205280	1024	0
6	18	4	2818205280	2048	0
6	18	4	2818205280	4096	0
6	18	4	2818205280	8192	0
6	18	4	2818205280	16384	0
6	18	4	2818205280	32768	0
6	18	4	2818205280	65536	0
6	18	4	2818205280	131072	0
6	18	4	2818205280	262144	0
6	18	4	2818205280	524288	0
6	18	4	2818205280	1048576	0
6	18	4	2818205280	2097152	0
6	18	4	2818205280	4194304	0
6	18	4	2818205280	8388608	0
6	18	4	2818205280	704551320	0
6	18	4	2818205280	1409102640	0
6	18	4	2818205280	2113653960	0
6	18	4	2818205280	2818205278	0
6	18	4	2818205280	2818205279	0
6	18	5	2818205280	1	0
6	18	5	2818205280	2	0
6	18	5	2818205280	4	0
6	18	5	2818205280	8	0
6	18	5	2818205280	16	0
6	18	5	2818205280	32	0
6	18	5	2818205280	64	0
6	18	5	2818205280	128	0
6	18	5	2818205280	256	0
6	18	5	2818205280	512	0
6	18	5	2818205280	1024	0
6	18	5	2818205280	2048	0
6	18	5	2818205280	4096	0
6	18	5	2818205280	8192	0
6	18	5	2818205280	16384	0
6	18	5	2818205280	32768	0
6	18	5	2818205280	65536	0
6	18	5	2818205280	131072	0
6	18	5	2818205280	262144	0
6	18	5	2818205280	524288	0
6	18	5	2818205280	1048576	0
6	18	5	2818205280	2097152	0
6	18	5	2818205280	4194304	0
6	18	5	2818205280	8388608	0
6	18	5	2818205280	704551320	0
6	18	5	2818205280	1409102640	0
6	18	5	2818205280	2113653960	0
6	18	5	2818205280	2818205278	0
6	18	5	2818205280	2818205279	0
6	19	0	4196289420	1	0
6	19	0	4196289420	2	0
6	19	0	4196289420	4	0
6	19	0	4196289420	8	0
6	19	0	4196289420	16	0
6	19	0	4196289420	32	0
6	19	0	4196289420	64	0
6	19	0	4196289420	128	0
6	19	0	4196289420	256	0
6	19	0	4196289420	512	0
6	19	0	4196289420	1024	0
6	19	0	4196289420	2048	0
6	19	0	4196289420	4096	0
6	19	0	4196289420	8192	0
6	19	0	4196289420	16384	0
6	19	0	4196289420	32768	0
6	19	0	4196289420	65536	0
6	19	0	4196289420	131072	0
6	19	0	4196289420	262144	0
6	19	0	4196289420	524288	0
6	19	0	4196289420	1048576	0
6	19	0	4196289420	2097152	0
6	19	0	4196289420	4194304	0
6	19	0	4196289420	8388608	0
6	19	0	4196289420	1049072355	0
6	19	0	4196289420	2098144710	0
6	19	0	4196289420	3147217065	0
6	19	0	4196289420	4196289418	0
6	19	0	4196289420	4196289419	0
6	19	2	4196289420	1	0
6	19	2	4196289420	2	0
6	19	2	4196289420	4	0
6	19	2	4196289420	8	0
6	19	2	4196289420	16	0
6	19	2	4196289420	32	0
6	19	2	4196289420	64	0
6	19	2	4196289420	128	0
6	19	2	4196289420	256	0
6	19	2	4196289420	512	0
6	19	2	4196289420	1024	0
6	19	2	4196289420	2048	0
6	19	2	4196289420	4096	0
6	19	2	4196289420	8192	0
6	19	2	4196289420	16384	0
6	19	2	4196289420	32768	0
6	19	2	4196289420	65536	0
6	19	2	4196289420	131072	0
6	19	2	4196289420	262144	0
6	19	2	4196289420	524288	0
6	19	2	4196289420	1048576	0
6	19	2	4196289420	2097152	0
6	19	2	4196289420	4194304	0
6	19	2	4196289420	8388608	0
6	19	2	4196289420	1049072355	0
6	19	2	4196289420	2098144710	0
6	19	2	4196289420	3147217065	0
6	19	2	4196289420	4196289418	0
6	19	2	4196289420	4196289419	0
7	10	0	3575055360	1	0
7	10	0	3575055360	2	0
7	10	0	3575055360	4	0
7	10	0	3575055360	8	0
7	10	0	3575055360	16	0
7	10	0	3575055360	32	0
7	10	0	3575055360	64	0
7	10	0	3575055360	128	0
7	10	0	3575055360	256	0
7	10	0	3575055360	512	0
7	10	0	3575055360	1024	0
7	10	0	3575055360	2048	0
7	10	0	3575055360	4096	0
7	10	0	3575055360	8192	0
7	10	0	3575055360	16384	0
7	10	0	3575055360	32768	0
7	10	0	3575055360	65536	0
7	10	0	3575055360	131072	0
7	10	0	3575055360	262144	0
7	10	0	3575055360	524288	0
7	10	0	3575055360	1048576	0
7	10	0	3575055360	2097152	0
7	10	0	3575055360	4194304	0
7	10	0	3575055360	8388608	0
7	10	0	3575055360	893763840	0
7	10	0	3575055360	1787527680	0
7	10	0	3575055360	2681291520	0
7	10	0	3575055360	3575055358	0
7	10	0	3575055360	3575055359	0
7	11	0	3575055360	1	0
7	11	0	3575055360	2	0
7	11	0	3575055360	4	0
7	11	0	3575055360	8	0
7	11	0	3575055360	16	0
7	11	0	3575055360	32	0
7	11	0	3575055360	64	0
7	11	0	3575055360	128	0
7	11	0	3575055360	256	0
7	11	0	3575055360	512	0
7	11	0	3575055360	1024	0
7	11	0	3575055360	2048	0
7	11	0	3575055360	4096	0
7	11	0	3575055360	8192	0
7	11	0	3575055360	16384	0
7	11	0	3575055360	32768	0
7	11	0	3575055360	65536	0
7	11	0	3575055360	131072	0
7	11	0	3575055360	262144	0
7	11	0	3575055360	524288	0
7	11	0	3575055360	1048576	0
7	11	0	3575055360	2097152	0
7	11	0	3575055360	4194304	0
7	11	0	3575055360	8388608	0
7	11	0	3575055360	893763840	0
7	11	0	3575055360	1787527680	0
7	11	0	3575055360	2681291520	0
7	11	0	3575055360	3575055358	0
7	11	0	3575055360	3575055359	0
7	12	0	3575055360	1	0
7	12	0	3575055360	2	0
7	12	0	3575055360	4	0
7	12	0	3575055360	8	0
7	12	0	3575055360	16	0
7	12	0	3575055360	32	0
7	12	0	3575055360	64	0
7	12	0	3575055360	128	0
7	12	0	3575055360	256	0
7	12	0	3575055360	512	0
7	12	0	3575055360	1024	0
7	12	0	3575055360	2048	0
7	12	0	3575055360	4096	0
7	12	0	3575055360	8192	0
7	12	0	3575055360	16384	0
7	12	0	3575055360	32768	0
7	12	0	3575055360	65536	0
7	12	0	3575055360	131072	0
7	12	0	3575055360	262144	0
7	12	0	3575055360	524288	0
7	12	0	3575055360	1048576	0
7	12	0	3575055360	2097152	0
7	12	0	3575055360	4194304	0
7	12	0	3575055360	8388608	0
7	12	0	3575055360	893763840	0
7	12	0	3575055360	1787527680	0
7	12	0	3575055360	2681291520	0
7	12	0	3575055360	3575055358	0
7	12	0	3575055360	3575055359	0
7	16	0	4003707568	1	0
7	16	0	4003707568	2	0
7	16	0	4003707568	4	0
7	16	0	4003707568	8	0
7	16	0	4003707568	16	0
7	16	0	4003707568	32	0
7	16	0	4003707568	64	0
7	16	0	4003707568	128	0
7	16	0	4003707568	256	0
7	16	0	4003707568	512	0
7	16	0	4003707568	1024	0
7	16	0	4003707568	2048	0
7	16	0	4003707568	4096	0
7	16	0	4003707568	8192	0
7	16	0	4003707568	16384	0
7	16	0	4003707568	32768	0
7	16	0	4003707568	65536	0
7	16	0	4003707568	131072	0
7	16	0	4003707568	262144	0
7	16	0	4003707568	524288	0
7	16	0	4003707568	1048576	0
7	16	0	4003707568	2097152	0
7	16	0	4003707568	4194304	0
7	16	0	4003707568	8388608	0
7	16	0	4003707568	1000926892	0
7	16	0	4003707568	2001853784	0
7	16	0	4003707568	3002780676	0
7	16	0	4003707568	4003707566	0
7	16	0	4003707568	4003707567	0
7	16	1	4003707568	1	0
7	16	1	4003707568	2	0
7	16	1	4003707568	4	0
7	16	1	4003707568	8	0
7	16	1	4003707568	16	0
7	16	1	4003707568	32	0
7	16	1	4003707568	64	0
7	16	1	4003707568	128	0
7	16	1	4003707568	256	0
7	16	1	4003707568	512	0
7	16	1	4003707568	1024	0
7	16	1	4003707568	2048	0
7	16	1	4003707568	4096	0
7	16	1	4003707568	8192	0
7	16	1	4003707568	16384	0
7	16	1	4003707568	32768	0
7	16	1	4003707568	65536	0
7	16	1	4003707568	131072	0
7	16	1	4003707568	262144	0
7	16	1	4003707568	524288	0
7	16	1	4003707568	1048576	0
7	16	1	4003707568	2097152	0
7	16	1	4003707568	4194304	0
7	16	1	4003707568	8388608	0
7	16	1	4003707568	1000926892	0
7	16	1	4003707568	2001853784	0
7	16	1	4003707568	3002780676	0
7	16	1	4003707568	4003707566	0
7	16	1	4003707568	4003707567	0
8	3	0	4066763520	1	0
8	3	0	4066763520	2	0
8	3	0	4066763520	4	0
8	3	0	4066763520	8	0
8	3	0	4066763520	16	0
8	3	0	4066763520	32	0
8	3	0	4066763520	64	0
8	3	0	4066763520	128	0
8	3	0	4066763520	256	0
8	3	0	4066763520	512	0
8	3	0	4066763520	1024	0
8	3	0	4066763520	2048	0
8	3	0	4066763520	4096	0
8	3	0	4066763520	8192	0
8	3	0	4066763520	16384	0
8	3	0	4066763520	32768	0
8	3	0	4066763520	65536	0
8	3	0	4066763520	131072	0
8	3	0	4066763520	262144	0
8	3	0	4066763520	524288	0
8	3	0	4066763520	1048576	0
8	3	0	4066763520	2097152	0
8	3	0	4066763520	4194304	0
8	3	0	4066763520	8388608	0
8	3	0	4066763520	1016690880	0
8	3	0	4066763520	2033381760	0
8	3	0	4066763520	3050072640	0
8	3	0	4066763520	4066763518	0
8	3	0	4066763520	4066763519	0
8	10	0	4066763520	1	0
8	10	0	4066763520	2	0
8	10	0	4066763520	4	0
8	10	0	4066763520	8	0
8	10	0	4066763520	16	0
8	10	0	4066763520	32	0
8	10	0	4066763520	64	0
8	10	0	4066763520	128	0
8	10	0	4066763520	256	0
8	10	0	4066763520	512	0
8	10	0	4066763520	1024	0
8	10	0	4066763520	2048	0
8	10	0	4066763520	4096	0
8	10	0	4066763520	8192	0
8	10	0	4066763520	16384	0
8	10	0	4066763520	32768	0
8	10	0	4066763520	65536	0
8	10	0	4066763520	131072	0
8	10	0	4066763520	262144	0
8	10	0	4066763520	524288	0
8	10	0	4066763520	1048576	0
8	10	0	4066763520	2097152	0
8	10	0	4066763520	4194304	0
8	10	0	4066763520	8388608	0
8	10	0	4066763520	1016690880	0
8	10	0	4066763520	2033381760	0
8	10	0	4066763520	3050072640	0
8	10	0	4066763520	4066763518	0
8	10	0	4066763520	4066763519	0
8	11	0	4066763520	1	0
8	11	0	4066763520	2	0
8	11	0	4066763520	4	0
8	11	0	4066763520	8	0
8	11	0	4066763520	16	0
8	11	0	4066763520	32	0
8	11	0	4066763520	64	0
8	11	0	4066763520	128	0
8	11	0	4066763520	256	0
8	11	0	4066763520	512	0
8	11	0	4066763520	1024	0
8	11	0	4066763520	2048	0
8	11	0	4066763520	4096	0
8	11	0	4066763520	8192	0
8	11	0	4066763520	16384	0
8	11	0	4066763520	32768	0
8	11	0	4066763520	65536	0
8	11	0	4066763520	131072	0
8	11	0	4066763520	262144	0
8	11	0	4066763520	524288	0
8	11	0	4066763520	1048576	0
8	11	0	4066763520	2097152	0
8	11	0	4066763520	4194304	0
8	11	0	4066763520	8388608	0
8	11	0	4066763520	1016690880	0
8	11	0	4066763520	2033381760	0
8	11	0	4066763520	3050072640	0
8	11	0	4066763520	4066763518	0
8	11	0	4066763520	4066763519	0
8	18	4	2681291520	1	0
8	18	4	2681291520	2	0
8	18	4	2681291520	4	0
8	18	4	2681291520	8	0
8	18	4	2681291520	16	0
8	18	4	2681291520	32	0
8	18	4	2681291520	64	0
8	18	4	2681291520	128	0
8	18	4	2681291520	256	0
8	18	4	2681291520	512	0
8	18	4	2681291520	1024	0
8	18	4	2681291520	2048	0
8	18	4	2681291520	4096	0
8	18	4	2681291520	8192	0
8	18	4	2681291520	16384	0
8	18	4	2681291520	32768	0
8	18	4	2681291520	65536	0
8	18	4	2681291520	131072	0
8	18	4	2681291520	262144	0
8	18	4	2681291520	524288	0
8	18	4	2681291520	1048576	0
8	18	4	2681291520	2097152	0
8	18	4	2681291520	4194304	0
8	18	4	2681291520	8388608	0
8	18	4	2681291520	670322880	0
8	18	4	2681291520	1340645760	0
8	18	4	2681291520	2010968640	0
8	18	4	2681291520	2681291518	0
8	18	4	2681291520	2681291519	0
9	10	0	3575055360	1	0
9	10	0	3575055360	2	0
9	10	0	3575055360	4	0
9	10	0	3575055360	8	0
9	10	0	3575055360	16	0
9	10	0	3575055360	32	0
9	10	0	3575055360	64	0
9	10	0	3575055360	128	0
9	10	0	3575055360	256	0
9	10	0	3575055360	512	0
9	10	0	3575055360	1024	0
9	10	0	3575055360	2048	0
9	10	0	3575055360	4096	0
9	10	0	3575055360	8192	0
9	10	0	3575055360	16384	0
9	10	0	3575055360	32768	0
9	10	0	3575055360	65536	0
9	10	0	3575055360	131072	0
9	10	0	3575055360	262144	0
9	10	0	3575055360	524288	0
9	10	0	3575055360	1048576	0
9	10	0	3575055360	2097152	0
9	10	0	3575055360	4194304	0
9	10	0	3575055360	8388608	0
9	10	0	3575055360	893763840	0
9	10	0	3575055360	1787527680	0
9	10	0	3575055360	2681291520	0
9	10	0	3575055360	3575055358	0
9	10	0	3575055360	3575055359	0
9	16	0	2681291520	1	0
9	16	0	2681291520	2	0
9	16	0	2681291520	4	0
9	16	0	2681291520	8	0
9	16	0	2681291520	16	0
9	16	0	2681291520	32	0
9	16	0	2681291520	64	0
9	16	0	2681291520	128	0
9	16	0	2681291520	256	0
9	16	0	2681291520	512	0
9	16	0	2681291520	1024	0
9	16	0	2681291520	2048	0
9	16	0	2681291520	4096	0
9	16	0	2681291520	8192	0
9	16	0	2681291520	16384	0
9	16	0	2681291520	32768	0
9	16	0	2681291520	65536	0
9	16	0	2681291520	131072	0
9	16	0	2681291520	262144	0
9	16	0	2681291520	524288	0
9	16	0	2681291520	1048576	0
9	16	0	2681291520	2097152	0
9	16	0	2681291520	4194304	0
9	16	0	2681291520	8388608	0
9	16	0	2681291520	670322880	0
9	16	0	2681291520	1340645760	0
9	16	0	2681291520	2010968640	0
9	16	0	2681291520	2681291518	0
9	16	0	2681291520	2681291519	0
9	17	2	3575055360	1	0
9	17	2	3575055360	2	0
9	17	2	3575055360	4	0
9	17	2	3575055360	8	0
9	17	2	3575055360	16	0
9	17	2	3575055360	32	0
9	17	2	3575055360	64	0
9	17	2	3575055360	128	0
9	17	2	3575055360	256	0
9	17	2	3575055360	512	0
9	17	2	3575055360	1024	0
9	17	2	3575055360	2048	0
9	17	2	3575055360	4096	0
9	17	2	3575055360	8192	0
9	17	2	3575055360	16384	0
9	17	2	3575055360	32768	0
9	17	2	3575055360	65536	0
9	17	2	3575055360	131072	0
9	17	2	3575055360	262144	0
9	17	2	3575055360	524288	0
9	17	2	3575055360	1048576	0
9	17	2	3575055360	2097152	0
9	17	2	3575055360	4194304	0
9	17	2	3575055360	8388608	0
9	17	2	3575055360	893763840	0
9	17	2	3575055360	1787527680	0
9	17	2	3575055360	2681291520	0
9	17	2	3575055360	3575055358	0
9	17	2	3575055360	3575055359	0
10	8	0	3575055360	1	0
10	8	0	3575055360	2	0
10	8	0	3575055360	4	0
10	8	0	3575055360	8	0
10	8	0	3575055360	16	0
10	8	0	3575055360	32	0
10	8	0	3575055360	64	0
10	8	0	3575055360	128	0
10	8	0	3575055360	256	0
10	8	0	3575055360	512	0
10	8	0	3575055360	1024	0
10	8	0	3575055360	2048	0
10	8	0	3575055360	4096	0
10	8	0	3575055360	8192	0
10	8	0	3575055360	16384	0
10	8	0	3575055360	32768	0
10	8	0	3575055360	65536	0
10	8	0	3575055360	131072	0
10	8	0	3575055360	262144	0
10	8	0	3575055360	524288	0
10	8	0	3575055360	1048576	0
10	8	0	3575055360	2097152	0
10	8	0	3575055360	4194304	0
10	8	0	3575055360	8388608	0
10	8	0	3575055360	893763840	0
10	8	0	3575055360	1787527680	0
10	8	0	3575055360	2681291520	0
10	8	0	3575055360	3575055358	0
10	8	0	3575055360	3575055359	0
10	9	0	3575055360	1	0
10	9	0	3575055360	2	0
10	9	0	3575055360	4	0
10	9	0	3575055360	8	0
10	9	0	3575055360	16	0
10	9	0	3575055360	32	0
10	9	0	3575055360	64	0
10	9	0	3575055360	128	0
10	9	0	3575055360	256	0
10	9	0	3575055360	512	0
10	9	0	3575055360	1024	0
10	9	0	3575055360	2048	0
10	9	0	3575055360	4096	0
10	9	0	3575055360	8192	0
10	9	0	3575055360	16384	0
10	9	0	3575055360	32768	0
10	9	0	3575055360	65536	0
10	9	0	3575055360	131072	0
10	9	0	3575055360	262144	0
10	9	0	3575055360	524288	0
10	9	0	3575055360	1048576	0
10	9	0	3575055360	2097152	0
10	9	0	3575055360	4194304	0
10	9	0	3575055360	8388608	0
10	9	0	3575055360	893763840	0
10	9	0	3575055360	1787527680	0
10	9	0	3575055360	2681291520	0
10	9	0	3575055360	3575055358	0
10	9	0	3575055360	3575055359	0
11	8	0	3575055360	1	0
11	8	0	3575055360	2	0
11	8	0	3575055360	4	0
11	8	0	3575055360	8	0
11	8	0	3575055360	16	0
11	8	0	3575055360	32	0
11	8	0	3575055360	64	0
11	8	0	3575055360	128	0
11	8	0	3575055360	256	0
11	8	0	3575055360	512	0
11	8	0	3575055360	1024	0
11	8	0	3575055360	2048	0
11	8	0	3575055360	4096	0
11	8	0	3575055360	8192	0
11	8	0	3575055360	16384	0
11	8	0	3575055360	32768	0
11	8	0	3575055360	65536	0
11	8	0	3575055360	131072	0
11	8	0	3575055360	262144	0
11	8	0	3575055360	524288	0
11	8	0	3575055360	1048576	0
11	8	0	3575055360	2097152	0
11	8	0	3575055360	4194304	0
11	8	0	3575055360	8388608	0
11	8	0	3575055360	893763840	0
11	8	0	3575055360	1787527680	0
11	8	0	3575055360	2681291520	0
11	8	0	3575055360	3575055358	0
11	8	0	3575055360	3575055359	0
